It is vital to your continued existence.  Which may not continue much longer with foolish notions like these.	此物攸關你的存續。若總是存著這等愚蠢念頭，你的存續怕是撐不了多久。
How can you part with something you do not possess?	你根本不曾擁有它，又怎能捨棄？
It is in your possession.	此物你已持有。
That is not here.	此處並無此物。
If you had a purse, you would be able to acquire money to give away.	若你身上備有錢囊，方能取得錢財贈人。
Never heard of such a coin.  Must be Turkish or some other heathen denomination.	從未聽聞這種錢幣，想必是土耳其或某個異教之地的幣制。
You cannot give away what you do not possess.	你不曾擁有之物，如何贈與他人？
It may be empty now, but a man's fortune can change. Best to hold onto it.	它此刻雖空，人的運勢終究會變，還是留著的好。
Think carefully before offering to give away all that you have.	在提出捨盡所有之前，先仔細想清楚。
To use it, you must recite the Message of the Rose.	若要使用它，你必須誦念玫瑰箴言。
I see no reason to use it now.	此刻並無使用它的理由。
You cannot use what you do not possess.	你不曾擁有之物，如何使用？
You have no reason to do that.	你沒有理由這麼做。
Talk to whom?	要與誰交談？
There is no need.	沒有這個必要。
Your horse is here.	你的坐騎就在此處。
Your horse is not here.	你的坐騎不在此處。
Mohammed has your mule.	你的騾子在穆罕默德那裡。
Nay, you can ill afford the time to do so.  You must go on with your mission.	不可，你耗不起這時間。你必須繼續你的使命。
Your mule is not here.	你的騾子不在此處。
The word "%s" sounds familiar, yet I cannot fathom your purpose in it.	「%s」這個詞聽來耳熟，我卻猜不透你此意何指。
Perhaps you should move closer.	或許你該再靠近一些。
First, you must have it. I cannot simply conjure it out of thin air for you.	你得先擁有它才行。我不能憑空為你變出來。
There is nothing of import to you here and urgent matters await you elsewhere.	此處並無要事，別處還有急事等著你。
You have further fortifications and docks along the edge of the lake.  You may come here again someday, if happier times return.	湖畔另有防禦工事與碼頭。若有朝一日時局好轉，你或許還會再回到這裡。
This is the ladies' tower and you have no business there at the moment whatsoever.	這是女眷居住的高塔，此刻你與此處毫無瓜葛。
This is the front gate and tunnel, heavily guarded and sealed with gates and a portcullis.  You reach it through the outer courtyard.	這是前門與甬道，守衛森嚴，以城門與閘門封鎖。你得經外庭方能抵達。
You have granted possession of this small tower room to me where only the brave dare to tread. And even then, with caution.	你已將這間小塔室賜給了我，唯有勇者敢踏入此地，即便如此，仍須萬分小心。
This is the hilltop on which Camelot rests.	這是肯萊特城堡所在的山丘。
It is your own room, King Arthur.	這是你自己的寢室，亞瑟王。
Here is your Treasury.	這是你的寶庫。
It is part of the road leading down the hill.  You will find yourself here soon enough, when your preparations are complete.	這是下山道路的一段。待你準備就緒，自然會來到此處。
Often Gwenhyver may be found here, in the Queen's Bower.	昆海兒常在此處，這是後宮花園。
This is the Chapel of the Two Gods.	這是雙神神殿。
This is the lake that surrounds the peninsula on which Camelot sits.  Now it is nearly gone, dried to a few stagnant pools.	這是環繞肯萊特所在半島的湖泊。如今幾已乾涸，只剩幾窪死水。
This is the inner courtyard.  You have no business there at present.	這是內庭，此刻你與此處無關。
These protected grounds serve many purposes.  There are practice grounds for fighting and jousting, areas of garden, areas for animals in case of seige.  None of this is of import to your mission.	這片受保護的場地兼具多種用途：有供練武與馬上長槍比武的場地、花園，以及圍城時圈養牲畜之處。這些都與你的使命無關。
This is the outer courtyard, adjacent to the stables.	這是外庭，緊鄰馬廄。
Many of your soldiers barrack here.  Also, there are storage rooms.  But there is nothing you need here for this mission.	你的許多士兵駐紮於此，此處也有倉房。但此行你在這裡找不到需要的東西。
'Tis the floor plan of your stronghold, Camelot.  Waste no time in preparing for your vital mission, m'lord.	這是你的要塞肯萊特的平面圖。莫再蹉跎，速速為這攸關重大的使命做好準備，吾王。
I am as I appear.	我便如你所見。
If I mean for you to have it, you shall know.	若我有意讓你擁有它，你自會知曉。
That pathetic whine tells me you are sorry.  But do not do it again!	那可憐兮兮的哀鳴，我曉得你是在道歉。但休得再犯！
What for?	為了什麼？
That did not sound like an apology.	那聽起來可不像道歉。
Try that and I shall turn you into a slug!	膽敢一試，我便把你變成一隻鼻涕蟲！
I am waiting for your apology.	我在等你道歉。
You attempt a whine, but Merlin just sneers at you.	你試著哀鳴，梅林卻只對你冷笑。
The search for the Grail will be long and difficult. Though I will not physically travel with you, my spirit will be with you to guide and advise as I am able.	尋找聖杯之路漫長而艱險。雖然我不會隨你同行，但我的心神將與你同在，盡我所能為你指引、獻策。
Choose carefully where your search will take you, for once you leave Camelot, you may not return.	謹慎選擇你此行的去向，因為一旦離開肯萊特，你便無法回頭。
Arthur, might it not be wise to make your farewell to Gwenhyver? Let it be so before I impart what you must know for the journey.	亞瑟，向昆海兒辭行，豈非明智之舉？在我告訴你此行所需知曉之事前，且先如此吧。
You are nearly ready, but on a journey such as this you will require money. I will await you while you visit the Treasury.	你已幾近準備就緒，但這樣的旅程需要盤纏。你先去一趟寶庫，我在此等候。
Your clothing will not do for a long journey. And what of Excaliber? Truly, I have much to tell you, but not until you are fully prepared.	你這身衣著不適合長途跋涉。還有，聖劍呢？說真的，我有許多話要告訴你，但得等你萬事俱備才行。
Surely you would not dream of beginning a journey of such magnitude without the blessings of the gods? See to this, then return.	如此重大的旅程，你總不會夢想著在未得諸神庇佑之下便貿然啟程吧？先辦妥此事，再回來見我。
Only half your preparations are complete. Return to me when you are in complete readiness.	你的準備才完成一半。待你萬事齊備，再回來見我。
Your preparations are only begun. Finish what you must do. Then I will have more to tell you.	你的準備才剛起步。先把該做的事做完，我還有更多話要說。
There is much I must tell you before you leave, but first, you have other preparations to make.	在你啟程之前，我還有許多話要告訴你，但你得先完成其他準備。
When you are more fully prepared, return to this room. I will await you.	待你準備得更周全時，再回到這房裡來，我會在此等候。
I am no mere man.  I am Merlin.	我並非凡人，我是梅林。
You are most welcome.	不必言謝。
Ah...hrmm....I am not the one to ask, Arthur. I know much of the world, but little about women.	啊……嗯……這事你問錯人了，亞瑟。我雖識盡天下事，卻不解女人心。
It is, ahem, virgin territory for me. So to speak.	這，咳，對我來說是塊未曾涉足之地，算是這麼說吧。
According to the writer of this scroll, a mule is of great value in Jerusalem. The writer says, 'so great is the value of a mule that is sure of foot and gentle of nature that it is above all the gold and treasures of the earth.' Sounds a bit exaggerated to me, but that is the gist of it.	依這卷軸的作者所言，騾子在耶路撒冷極為貴重。他寫道：『腳程穩健、性情溫馴的騾子，其價值凌駕世間一切金銀財寶之上。』依我看是誇張了些，但大意便是如此。
My books are not for you to touch.  However, feel free to consult your own Liber ex Doctrina (known in the vulgar as the Book of Lore) whenever you like.	我的藏書不容你碰觸。不過，你儘可隨時翻閱自己那本《Liber ex Doctrina》——俗稱《智典》。
I seek the ultimate answer to life, the universe and everything.	我在尋求生命、宇宙及萬事萬物的終極解答。
Your land is cursed and only the Grail can cure it.	你的國土受了詛咒，唯有聖杯能夠解除。
This symbol, the labarum, was commonly used by Roman soldiers with whom the worship of Mithras was extremely popular.	這個符號叫拉巴倫，羅馬士兵之間常見使用，米夏拉信仰在他們之中極為盛行。
The circle with descending cross is the symbol of the goddess, Venus.  She is mentioned, I believe, in your Liber ex Doctrina.	這個下垂十字加圓圈的符號，是女神維納斯的標識。我記得你的《Liber ex Doctrina》裡有提及她。
This rug contains mystic symbols, primarily the pentangle - the five-pointed star.  Because it is made of a single unbroken line, it affords strong protection from spirits who cannot find a place to enter in.	這張地毯上有神秘的符號，主要是五芒星。因為它是由一筆不間斷的線畫成，能有力地防範鬼靈——牠們找不到縫隙可以侵入。
There is a decorative pattern in the small rug.	小地毯上有一個裝飾圖案。
There are a number of symbols in my room. Upon the tapestry is a fylfot and labarum, the symbol of Mithras. Upon the small square rug is another fylfot. Upon the large round rug is a pentacle and the symbol of Venus and a few others not worth mentioning.	我房裡有幾個符號。掛毯上是卍字紋與拉巴倫，也就是米夏拉的標識。小方地毯上是另一個卍字紋。大圓地毯上則有五芒星與維納斯的標識，還有幾個不值一提的。
There are two rugs upon my floor.	我的地板上有兩張地毯。
The beams are part of the roof structure of this tower.	這些橫樑是這座塔屋頂結構的一部分。
As you see, my room is quite full.   Take care that you do not disturb any of the objects within.	如你所見，我這房裡東西不少。小心別碰亂了裡頭的物件。
The scroll is written in ancient Aramaic which I am attempting to decipher. It seems to be a dissertation upon the value of mules.	這卷軸以古亞蘭文寫成，我正試著解讀。看來是一篇論述騾子價值的文章。
England is a land of many tribes: Celts from Eire to the west and untamed Bretogne to the east, Jutes and Angles and Saxons settled in the south and east, wild Picts and Scots to the north, but alas, little is left of the conquering Romans.	英格蘭是諸多部族之地：西有愛爾蘭來的凱爾特人，東有未馴的布列塔尼人，南方與東方住著朱特人、盎格魯人與撒克遜人，北方則是狂野的皮克特人與蘇格蘭人——只可惜，昔日征服此地的羅馬人如今已所剩無幾。
The scroll is from Jerusalem, written in Aramaic. You may read my translation of it, scribbled there in the margins.	這卷軸來自耶路撒冷，以亞蘭文寫成。我的譯文就潦草地寫在頁邊，你可以讀讀看。
Both your horse and a pack mule are being readied for your journey.	你的坐騎與一頭馱運的騾子，都已為你此行備妥。
Here I conduct my delicate experiments in alchemy. The table is covered with beakers and flasks.	我在這裡進行精細的煉金實驗。桌上擺滿了燒杯與燒瓶。
Upon my desk is a scroll recently brought to me from the Far East.	我書桌上有一卷最近從遠東送來的卷軸。
It is in the Far East, a very long way from here.	它在遠東，離這裡非常遙遠。
I have bowls of elements used in my alchemy experiments.  They contain such things as sulfur, arsenic and mercury.	我這裡有幾碗煉金實驗用的元素，裝著硫磺、砒霜與水銀之類的東西。
That is a small dragon's skull and a large crystal on top of the shelves. My books fill the shelves below. The other objects are no affair of yours.	架子頂上是一顆小龍頭骨與一塊大水晶，下方架上擺滿了我的藏書。其餘物件與你無關。
It is simply a large and beautiful chunk of quartz, nothing more.	這不過是一大塊美麗的石英，僅此而已。
I dry herbs for both medicinal and culinary purposes.   If you truly wish to know more, please feel free to ask about them.	我曬乾藥草，既作藥用也作烹飪之用。你若真想多知道些，儘管問我。
There is mint, which some believe can cure the bite of mad dogs. It comes from the legend of Minthe, a river nymph.	這是薄荷，有人相信它能治瘋狗咬傷。它的名字源自河仙子敏西的傳說。
Pluto, lord of the underworld, made love to her, whereupon Pluto's jealous queen, Proserpine, changed Minthe into a plant.	冥界之主普魯托與她相戀，普魯托善妒的王后普洛塞庇娜得知後，便將敏西化為一株植物。
And basil, which the untutored mistakenly believe causes scorpions to breed. In India, it is sacred to the gods Vishnu and Krishna. Delicious with beans, peas and other vegetables.	這是羅勒，未經教化之人誤以為它會招來蠍子。在印度，它是毗濕奴與克里希納兩位神祇的聖草。配豆子、豌豆等蔬菜食用格外美味。
And marjoram, thought useful in healing wounds and many other illnesses, though I like its delicate flavor with fowl and in sausages.	這是馬鬱蘭，據信有助療傷及治療諸多疾病，不過我偏愛它配禽肉與香腸時那股細緻的香氣。
And sage, which the Egyptians believe will make women fertile, and others think it gives immortality. Personally, I like the flavor it imparts to beer and sausages.	這是鼠尾草，埃及人相信它能助婦女受孕，也有人認為它能賜人長生。至於我，則喜歡它為啤酒與香腸添上的風味。
And no collection would be complete without bay. To the Greeks and Romans it was the laurel and they would crown their victors with laurel wreaths.	少了月桂，這收藏便不算齊全。在希臘人與羅馬人眼中，它便是桂冠所用的月桂樹，他們會以月桂編成的花冠加冕勝利者。
Young girls have been known to burn leaves to make lovers return to them. Prophets, diviners and the priests of Apollo considered it to have magical properties. The dry leaves make an excellent flavoring in stews.	據說少女會焚燒它的葉子，好讓情人回心轉意。先知、占卜師與阿波羅的祭司都認為它具有魔力。乾葉更是燉菜絕佳的調味。
The pentangle, the five-pointed star, is considered strong protection from spirits who cannot find a place to enter in because it is made of a single unbroken line.	五芒星以一筆不間斷的線畫成，被認為能有力地防範鬼靈，讓牠們找不到縫隙可以侵入。
In the center is a labarum, the symbol of Mithras. The circle with the descending cross is the symbol of Venus.	正中央是拉巴倫，米夏拉的標識。下垂十字加圓圈，則是維納斯的標識。
Which rug?	哪一張地毯？
I am sure you have seen enough candles in your life to realize that mine are no different.	你這輩子想必見過不少蠟燭，該明白我這些也沒什麼不同。
It is a lovely, but empty pot.	這是個漂亮的罐子，但空空如也。
From either window you see the grounds and outer bastion of Camelot.	從任一扇窗望出去，都能見到肯萊特的庭院與外圍堡壘。
Upon one wall are drying herbs, a map of Britain and Ireland. Upon the other wall is my sword and a tapestry.	一面牆上掛著風乾的藥草與一幅不列顛與愛爾蘭地圖，另一面牆上則掛著我的劍與一幅掛毯。
I use it for my experiments in alchemy in which I seek to unravel the mysteries of the elements and life itself.	我用它來進行煉金實驗，藉此探究元素乃至生命本身的奧秘。
You have kindly closed it for me.	你已好心替我關上了。
That is my personal chest. I keep various odds and ends in there. Look inside, if you like.	那是我的私人箱子，裡頭放著些零碎雜物。你若想看，儘管打開瞧瞧。
The other items are personal mementos and do not concern you. Do not touch them.	其餘物件都是我的私人紀念品，與你無關，休得碰觸。
We have no time to waste on trivia. Take the lodestone and turn your attention to your mission.	我們沒有時間浪費在瑣事上。拿起指北針，把心思放回你的使命上。
I have many mementos, but you have no time to waste on trivia.	我有許多紀念品，但你沒有時間浪費在瑣事上。
These mysterious stones may come from the stars.   Always some part of a lodestone will point to true north.  It is therefore a very useful thing to have on a long journey.	這些神秘的石頭，或許來自星辰。指北針總有一端會指向正北，因此在長途旅程中極為有用。
If you take it with you, you can look at it all you like.	你若把它帶在身上，便能隨時想看就看。
Ah, so glad you reminded me. Did I put it on the....nay...perhaps it is on top of....nay.	啊，多虧你提醒。我把它放在……不……或許是放在……不對。
Forgive me, Arthur. I seem to have forgotten where I put it. It must be around here somewhere.	原諒我，亞瑟，我似乎忘了放到哪去了。想必就在這附近某處。
That is my sword and perfectly ordinary.  My weapons are of a less physical nature.	那是我的劍，再平凡不過。我的武器，性質可不那麼具體。
That is rather a vague request. There are many kinds of weapons, yet knowledge can be the most potent weapon of all.	這要求含糊得很。武器種類繁多，但知識往往才是最強大的武器。
It is the skull of a small dragon, a gift from St. George.	那是一顆小龍的頭骨，是聖喬治所贈之物。
Aye, that is where I sit to study my scrolls and books.	正是，我便是坐在那裡研讀卷軸與書籍。
Here?  Are you sure you are in your right mind?	在這裡？你確定自己神智清醒？
What dog?  I keep no dog.	什麼狗？我沒養狗。
I have a cluttered room, never enough space for everything.	我這房間雜亂得很，總嫌空間不夠擺下一切。
I have my table of beakers and flasks, my shelves of books and also a small dragon skull and a large crystal, a map of your kingdom, my desk with a scroll I am studying upon it, my personal chest, and various other items.	我有擺著燒杯與燒瓶的桌子、堆滿書的架子，還有一顆小龍頭骨與一塊大水晶、一幅你王國的地圖、擺著我正在研讀的卷軸的書桌、我的私人箱子，以及其他各式物件。
It is the study of the nature of elements, their interactions and transmutations.  The name "alchemy" traces back to "Khemennu" which means "Land of the Moon", an ancient name for Egypt.	那是探究元素本質、其相互作用與嬗變之學。「煉金術」一詞可追溯至「赫曼努」，意為「月之地」，是埃及的古名。
The Arabs learned of alchemy from the Egyptians, though also at the same time it was developed in China. However, the best tract I have read to date is by the Arab scholar, Jabir ibn Hayyam, for the Arabs are quite advanced in this science.	阿拉伯人從埃及人那裡習得煉金術，同一時期中國也自行發展出這門學問。不過，我至今讀過最好的論著，出自阿拉伯學者賈比耳·伊本·哈耶姆之手——阿拉伯人在這門學問上頗有造詣。
Ask me not for advice in love, for I know little of women.  Ask me not for advice about battle or war, for you know more than I of these matters.	莫向我求教愛情之事，我對女人所知甚少。也莫向我求教戰陣征伐，這方面你懂得比我多。
Ask me not for advice about the obvious, for I am short-tempered. But if you seek advice about that which is mystic, obscure, arcane, or simply puzzling, then I shall do my best to help you.	莫問我顯而易見之事，我這人性子急。但你若為神秘、晦澀、隱奧或單純費解之事求教，我必竭盡所能相助。
It was a reminder that your moral and spiritual choices during your search will be as important as finding the Grail itself.	那是在提醒你：這趟尋找途中，你的道德與心靈抉擇，將與尋得聖杯本身同等重要。
It is your sacred duty, as vital as the search for the Grail itself, that you find and rescue your three Knights.	尋回並救出你的三位騎士，是你神聖的職責，其重要性不亞於尋找聖杯本身。
If you seek visions, you must go to the Chapel of the Two Gods.	你若尋求異象啟示，須前往雙神神殿。
I can add nothing to what is written in your Liber ex Doctrina.  You should have it with you at all times.	你那本《Liber ex Doctrina》裡寫的，我無可補充。你應時時將它帶在身邊。
I believe the Treasurer is a good friend of Sir Gawaine and would have the latest news, if any.	我想司庫與高文爵士交情不錯，若有最新消息，他應當知曉。
I do not wish to be indelicate, but the Queen might be the best person to ask.	我不想失禮，但王后或許是最適合詢問的人。
He is very popular among your guards and they would be first to hear rumour of him.	他在你的衛兵之間極受愛戴，若有他的傳聞，衛兵們必是最先聽聞的人。
She is usually to be found in her bower about this time of day.	這個時辰，她通常都在後宮花園。
What would you have me tell you? You are a warrior, a man of the real world. You must rely upon your wits, skill, strength and virtue of character to combat any magick that you might encounter.	你要我如何跟你說？你是個戰士，一個活在現實世界裡的人。面對可能遭遇的任何魔法，你必須仰賴自己的機智、技藝、力量與德行來應對。
I am sure you can find one of your own guards in your own stronghold.	在自己的要塞裡，你想必找得到自己的衛兵。
He is where a Treasurer usually is. In the Treasury.	他就在司庫平常所在之處——寶庫裡。
Worship of the Christ god arose in the Far East about 700 years ago and has spread west ever since. To some he is a prophet, to others the son of God. He preached much of love, of compassion, and forgiveness for the sins of others.	基督信仰約在七百年前興起於遠東，自此便向西方傳播不絕。在某些人眼中，他是先知；在另一些人眼中，他是神之子。他傳揚愛、憐憫，以及寬恕他人罪愆的教誨。
Mithras is a warrior-god which only men are allowed to worship and in great secret. He was most popular among the Roman soldiers who brought this worship with them to our island centuries ago.	米夏拉是一位戰神，只有男子才被允許崇拜他，而且須極為隱密。此信仰在羅馬士兵之間最為盛行，數世紀前由他們帶到我們這座島上。
Glastonbury Tor has been a sacred hill for centuries. The legend of Joseph of Arimathea claims the Grail is hidden there.	格列斯登伯利山數世紀以來一直是座聖山。亞利馬太的約瑟的傳說宣稱，聖杯就藏於此處。
It is a body of water to the north where currently the Lady of the Lake dwells.	那是北方的一片水域，湖中女神如今便棲居於此。
It is your major port in the south where you must go to take the ship to other lands.	那是你南方的主要港口，你須經此搭船前往他方國度。
This dark and dangerous forest borders Glastonbury Tor and you must pass through it to reach the sacred hill.	這座陰暗而危險的森林與格列斯登伯利山相鄰，你必須穿越此處才能抵達那座聖山。
If you wish to know more about that place, study the map, and I shall instruct you.	你若想多了解那個地方，仔細研究地圖，我便會指引你。
Let us leave discussion of that for another time.	此事容後再議。
I know you would not be so rude.	我知道你不會如此無禮。
Say rather godspeed, for I shall be with you in spirit-voice throughout your mission.	不如說「一路順風」吧，因為在你此行途中，我將以心神之聲與你同在。
Aye, may the god you worship speed you to your destiny, Arthur.	正是，願你所信奉的神明，助你抵達命運所在，亞瑟。
Use your eyes, Arthur, it's already closed.	睜大你的眼睛，亞瑟，它已經關上了。
You have taken the only thing I wish you to have.	我要你擁有的東西，你已經拿到了。
Use your eyes, Arthur.  It IS open.	睜大你的眼睛，亞瑟，它確實開著。
Hmmm....it is around here somewhere. I simply cannot remember where I put it.	唔……應該就在附近某處。我實在想不起放到哪去了。
It is attached to my wall.	它就掛在我的牆上。
King you may be, but do not lay hands upon that which belongs to Merlin the enchanter.	你或許貴為王者，但休想染指屬於魔法師梅林之物。
The lodestone is the only object in this room which you may take. The rest belongs to Merlin the Enchanter and you are not to lay hands upon them.	指北針是這房裡唯一你可以拿走的東西。其餘皆屬魔法師梅林所有，你不得染指。
But....you must excuse an old man. I have forgotten where I put the lodestone. It is around here somewhere.	但……你得原諒一個老人。我忘了把指北針放到哪去了，應該就在附近某處。
Search if you like, but DO NOT TOUCH ANYTHING ELSE!	你要找便找，但除此之外什麼都不准碰！
By the Red Dragon, I will not warn you again! Do not lay hands upon anything that is not meant for you.	以紅龍之名起誓，我不會再警告你第二次！不屬於你的東西，休得伸手。
You were thinking of spending the rest of your life as a toad, perhaps?	你該不會是想餘生都當隻蟾蜍度過吧？
My darling boy, I did not know you cared.	我親愛的孩子，我不知道你竟如此在乎我。
I never kiss men with beards.	我從不親吻蓄鬍的男子。
What a completely ridiculous notion.	這想法簡直荒唐至極。
I enjoy the mingling of scents: the fumes of alchemy, the herbs drying upon my wall, burning candles, even the musty odor of the old scroll I am studying.	我喜愛這些氣味交融：煉金的煙氣、牆上風乾的藥草、燃燒的蠟燭，甚至我正在研讀的那卷古老卷軸散發的霉味。
Ah, the symbol of love.	啊，愛的象徵。
You had best keep it.	你最好留著它。
Now why would you want to give me something that I have given you?	你為何要把我送你的東西，又送還給我？
You have greater need of it than I.	你比我更需要它。
A most gracious gesture, but I have no need of it.	此舉甚是慷慨，但我並不需要它。
If I am ever in need of help, rest assured you will be the first to know.	若我有朝一日需要幫助，放心，你必是第一個知曉的人。
You do not have your sword.	你並未佩劍。
There will be time enough for that later and I am not fond of cold steel in my presence.	此事來日方長，況且我不喜冷鐵近身。
Truly, I think your hearing is impaired. Have I not warned you against this once?	說真的，我看你耳朵是出了毛病。我不是警告過你一次了嗎？
I am your mentor and advisor, but I will not tolerate being threatened in this fashion.	我是你的導師與謀士，但我不會容忍被如此威脅。
Inside my chest is a lodestone, a magical stone that will always show you where true north lies.  This one is shaped like a tiny sword, the tip of which will point to north as it dangles from a string attached to its center.	我箱子裡有一枚指北針，一種能指出正北方向的魔法石。這一枚打造成小劍形狀，以繩繫在中心懸垂，劍尖便會指向北方。
Take it, Arthur.   I prepared it especially for you.	拿去吧，亞瑟。這是我特地為你準備的。
It is a map of the Summer Lands, as your kingdom is often known;	這是夏地的地圖——你的王國常被如此稱呼；
Cornwall to the west, and some lands beyond, including the island of Eire.	西邊是康瓦爾，再往外還有一些土地，包括愛爾蘭島。
However, you should study it very closely before you leave and determine where your search for the Grail should take you.	然而，你在啟程前應仔細研究此圖，判斷你尋找聖杯之路該往何處去。
Since you cannot keep your hands to yourself, you can do without them for awhile.	既然你管不住自己的手，那就讓你暫時沒有手可用。
When you apologize, I will consider returning you to your native form.	待你道歉之後，我會考慮讓你恢復原形。
It would seem you refuse to learn a lesson.  Be gone from my sight.	看來你是不肯記取教訓。從我眼前消失。
Your stubbornness defies belief. I will waste no more time upon you, fool of a king.	你的頑固簡直令人難以置信。我不會再在你身上浪費時間了，愚昧的王啊。
PRESS F6 TO EXIT	按 F6 離開
Use arrows to move, or select with mouse.	使用方向鍵移動，或用滑鼠點選。
You see the Summer Lands, as your kingdom is often known, with Cornwall to the west and river Thames coming from the east.	你看見夏地——你的王國常被如此稱呼，西邊是康瓦爾，泰晤士河則從東邊流入。
Take careful note of the locations that may be of import to your search. This will prevent you from wasting much time later.	仔細留意那些可能對你的尋覓有重要意義的地點，這能省下你日後不少時間。
Do I really need to tell you that this is the rack upon which your mail tunic was hung?	我真有必要告訴你，這是掛你鎖子甲的架子嗎？
Your mail tunic is made of overlapping metal scales, a design copied from Roman cavalry armour.	你的鎖子甲是以層疊的金屬鱗片製成，這設計仿自羅馬騎兵的鎧甲。
Upon this shield is the Red Dragon, in token of your surname, Pendragon, which comes from the Welsh words meaning "supreme war chief".	這面盾牌上繪著紅龍，象徵你的姓氏「潘德拉貢」，此名源自威爾斯語，意為「至高的戰爭統帥」。
You received your sword, Excaliber, from the Lady in the Lake.  By Her Blessings, may it serve you well.	你的劍——聖劍，得自湖中女神。願蒙她的祝福，這把劍將不負所用。
Your purse remains where you last put it, upon your table.	你的錢囊仍在你上次放置之處——你的桌上。
When you are in need of solitude, this is your room.  It is sparsely furnished, as befits a warrior-king.	當你需要獨處時，這便是你的房間。陳設簡樸，正合戰士之王的身分。
They are made of the same grey stone as the rest of Camelot.	它們與肯萊特其餘部分一樣，皆以灰石砌成。
There are two stands in your room. One holds your mail tunic. In the other corner is the rack holding your clothes.	你房裡有兩座衣架。一座掛著你的鎖子甲，另一角的架子則掛著你的衣物。
The Celts, like many others, worshipped a Triple Goddess in her three forms: virgin, mother, and crone, which in turn represent creation, life and death.	凱爾特人和許多其他民族一樣，崇拜以三種樣貌顯現的三重女神：處女、母親與老嫗，分別象徵創造、生命與死亡。
From these windows you see the outer wall of Camelot and the hills, fields and forest beyond.	從這些窗戶望出去，你能見到肯萊特的外牆，以及牆外的丘陵、田野與森林。
Unfortunately, you cannot see the Queen's bower from here.  Rumour in the palace has it that she placed her bower deliberately out of your sight.  But that is only rumour.	可惜從這裡看不見王后的閨閣。宮中流言說，她是刻意把閨閣安置在你視線之外。但那終究只是流言。
Aye, they are nice trees. Now, kindly get your mind on your mission.	是啊，那些樹確實不錯。現在，請將心思放回你的使命上。
It is a heavy wood and metal door.	這是一扇沉重的木製鐵門。
Your court clothes hang upon the stand in the corner.	你的朝服掛在牆角的衣架上。
A sturdy set of travelling clothes hangs upon a wooden stand in the south corner of your room. Another stand against the northeastern wall holds your tunic and armour.	一套堅韌的行裝掛在你房間南角的木架上。東北牆邊另有一座衣架，掛著你的鎖子甲與鎧甲。
Aye, the lack of helmet is a serious oversight, m'lord.   You will have to compensate with extra caution.  You must keep your head if you are to keep your head.	正是，缺了頭盔確實是一大疏漏，吾王。你得加倍謹慎以為彌補。你得保持頭腦冷靜，才能保住你的項上人頭。
Your bedspread was lovingly made by your wife.	你的床罩，是你的妻子悉心縫製而成。
Alas, the queen is not here now.	可惜，王后此刻不在這裡。
You cannot see it from here.	從這裡看不見它。
You should have a word with your servant. A great deal of dust has been swept under this rug.	你該找僕人談談了，這地毯底下掃進了不少灰塵。
Aside from stirring up the dust, this will not accomplish much.	除了揚起灰塵之外，這樣做不會有什麼用處。
There is clearly nothing under the table.	桌子底下顯然什麼都沒有。
Gwen is in the bower, not here.	昆海兒在閨閣裡，不在這裡。
It is a bed, of course.  Even a King must sometimes sleep alone when the Queen is indisposed.	這當然是張床。即便貴為國王，王后偶有不適時，也得獨自安眠。
Your purse lies where you tossed it upon the table last night.	你的錢囊，就躺在你昨晚隨手扔在桌上的地方。
It is a sturdy, oak table.	這是一張堅固的橡木桌。
Closet? Sounds like the French word "clos", but there is no enclosure in this room.	衣櫃？聽起來像法文的「clos」，但這房裡並沒有這樣的隔間。
A three-armed Celtic symbol adorns your rug, perhaps a reminder of the three-fold Great Goddess of creation, life and death.	你的地毯上飾有一個三臂凱爾特符號，或許是在提醒創造、生命與死亡的三重大女神。
There are two symbols here. One is upon your shield, the other upon your rug.	這裡有兩個符號，一個在你的盾牌上，另一個在你的地毯上。
The red dragon upon your shield is your symbol. You are Arthur Pendragon.	盾牌上的紅龍是你的象徵。你是亞瑟·潘德拉貢。
Preparation is vital.  Body, heart, mind, and spirit must all be in readiness before you leave Camelot.	準備至關重要。在離開肯萊特之前，身、心、意、靈皆須齊備。
Just walk through it.	直接穿過去便是。
It is a heavy door which swings shut by its own weight.	這是一扇沉重的門，會因自身重量而自行關上。
The floor beneath it is the same as the rest of your floor.	它底下的地板，與房裡其餘地板並無不同。
This is no time for a nap.  Your mission is urgent and every second you delay, your people suffer.	現在不是小憩的時候。你的使命刻不容緩，每耽擱一秒，你的子民便多受一分苦。
What an incredibly foolish notion.	這想法真是愚蠢至極。
That would get you nowhere fast.	那樣做只會讓你原地打轉。
It is quite satisfied being where it is.	它待在原處便挺自在的。
A token from Gwenhyver is better kept close to your heart.	昆海兒所贈的信物，最好貼身珍藏。
They are not sturdy enough for your mission. Leave them here.	它們不夠堅韌，無法應付你的使命，留在這裡吧。
You are already wearing them.	你已經穿在身上了。
You are wearing your armour...as if I should need to tell you that.	你已經穿著鎧甲了……這種事還用我來提醒嗎。
Why?	為什麼？
I sincerely hope you have made up your mind this time.	我誠心希望你這回已經拿定主意了。
Your servants are already preparing a pack for your journey.  It will surely contain a sturdier blanket than this.	你的僕從已在為你此行備妥行囊，裡頭想必會有一條比這條更堅實的毯子。
A bit large to carry about, one would think.	想來這東西帶著走未免太過龐大。
It would only get in the way.	那只會礙手礙腳。
It's not here.	它不在這裡。
Your shield is upon your arm.	你的盾牌已戴在臂上。
A shield gets in the way of putting on other armour. You need to get your mail tunic and sword first.	盾牌會妨礙你穿戴其他鎧甲。你得先穿上鎖子甲、佩好劍才行。
Your sword is strapped at your side.	你的劍已繫在腰間。
Before you can strap on your sword, you need to be wearing your mail tunic.	在佩劍之前，你得先穿上鎖子甲。
You are already wearing your armor.	你已經穿著鎧甲了。
You cannot wear armour over your court clothes. Your travelling clothes are in the south corner of your room.	你不能把鎧甲套在朝服外頭。你的行裝就在房間南角。
They would not do for this trip. Leave them here.	這趟旅程用不上它們，留在這裡吧。
You already are wearing them.	你已經穿在身上了。
That is not a very good reason.	這理由可不怎麼站得住腳。
How wise of you.	你可真是明智。
Hmmph.  That was truly pointless.	哼，那真是白費工夫。
I am certain that if you talk to your Treasurer or question him correctly, you will learn all you need.	我確信，只要你去找司庫問個明白，便能得知你所需的一切。
Remember, 25 copper coins equals 5 silver coins and 5 silver coins equals one gold coin.	記住，二十五枚銅幣等於五枚銀幣，五枚銀幣等於一枚金幣。
It is made of heavy oak planks, with a trapdoor for the only entrance.	此處以厚重橡木板築成，唯一的入口是一道活板門。
This tower stronghold was built to protect your store of coins and other valuables. The bundles on the right are new, however.	這座塔樓要塞建來守護你的錢幣與其他財物。不過，右邊那幾捆包裹是新添的。
They are made of the same grey stone as the rest of Camelot.  Only thicker.	它們與肯萊特其餘部分一樣，皆以灰石砌成，只是更為厚實。
You cannot see much of it from this tower stronghold.	從這座塔樓要塞裡，你看不太到外頭的景象。
The trap door is heavy and easily defended.	這道活板門十分沉重，易守難攻。
Aye, 'tis a torch.	正是，這是一支火把。
The huge jars contain your entire wealth of gold, silver and copper coins. The chests contain other forms of wealth. I do not know what is in the bundles.	這幾口大甕裝著你全部的金、銀、銅幣財富。箱子裡則是其他形式的財物。至於包裹裡是什麼，我就不得而知了。
The pillars of this tower are quite strong and thick.	這座塔樓的柱子相當堅固粗實。
They are bundles that are stored here.	那些是存放在此處的包裹。
They lead down to the main floor of Camelot.	它們通往肯萊特的主樓層。
The chests contain gems and jewels set in gold and silver, plates and goblets of gold and silver and other such fine items.	箱子裡裝著鑲嵌於金銀之中的寶石與珠玉、金銀打造的盤碟與高腳杯，以及其他諸如此類的珍品。
He is a powerfully built man, well able to defend this tower and your treasure. Heed his advice.	他體格強健，足以守衛這座塔樓與你的財寶。你該聽從他的建言。
There is gold in the jar on the right.	右邊的甕裡裝著金幣。
There is silver in the middle jar.	中間的甕裡裝著銀幣。
There is copper in the leftmost jar.	最左邊的甕裡裝著銅幣。
The three large jars contain gold, silver, and copper coins.	這三口大甕裝著金幣、銀幣與銅幣。
Your treasurer has a huge sword and knows how to use it.	你的司庫佩著一把巨劍，而且深諳用劍之道。
In this enclosed room, the odor of a sweaty man, oily torch, and cold metal is most concentrated.	在這密閉的房間裡，汗味、油煙火把味與冷硬金屬味格外濃重。
Arthur, you are here to prepare for your journey, not to play with trinkets of wealth.	亞瑟，你來此是為了準備啟程，不是來把玩這些身外財物的。
The trap door is already open.	活板門已經開著了。
That is the Treasurer's only source of light.	那是司庫唯一的光源。
You could, if you were holding it.	你若拿著它，倒是可以。
There is too much metal all around and it confuses the workings of the lodestone.	四周金屬太多，擾亂了指北針的運作。
The Treasurer needs it more than you do.	司庫比你更需要它。
You have no business doing that until you know Gawaine is dead.	在確知高文已死之前，你無權這麼做。
I am sure you could find one anywhere in Camelot if you looked hard enough.	我相信只要你用心找，在肯萊特任何角落都能找到一個。
When you have seen one rodent, you have seen them all.	見過一隻齧齒動物，便等於見過牠們全部。
You have more important things to think about.	你還有更要緊的事該想。
Is this some sort of odd Pictish word?	這是某種古怪的皮克特語詞彙嗎？
Which one first, m'lord?	吾王，先要哪一種？
Coins of tin?  Never heard'o such a thing.	錫幣？老朽從未聽聞這種東西。
We have no coins made of bronze, sire.	陛下，我們沒有青銅鑄造的錢幣。
You have coins already, my king, but if you wish to change them, please give me the purse.	我王，你已經有錢幣了，但若你想兌換，請把錢囊交給我。
Aye, gladly, if you will but provide me with the purse to fill.	是，樂意之至，只要你把錢囊交給我裝滿。
Your purse is full, my liege.	吾主，你的錢囊已經滿了。
I have no purse to give you. If you have brought your own, I can fill it for you.	我沒有錢囊可以給你。你若帶著自己的，我可以替你裝滿。
But you have it, sire.	但陛下，錢囊在你身上。
I have no purse to give you, m'lord.	吾王，我沒有錢囊可以給你。
You must come closer, m'lord.	你得再靠近些，吾王。
Here you are, m'lord, but the purse is empty. I beg you to let me fill it for you ere you go.	拿去吧，吾王，但錢囊是空的。趁你尚未啟程，容我為你裝滿。
There is room for more, m'lord, but here it is, as you command.	還裝得下更多，吾王，但既然你這麼吩咐，錢囊便交給你了。
Here it is, m'lord, as you command.	遵命奉上，吾王。
Steal?  But, my lord, it is already yours.	偷？可是，吾王，這東西本就是你的。
But, m'lord, you have coins in your purse. Still, if you wish to change what you have, you have but to give me the purse again.	可是，吾王，你的錢囊裡已經有錢幣了。不過，你若想兌換手上的錢，儘管把錢囊再給我便是。
What coins would you be wantin', m'lord?	吾王想要哪種錢幣？
Your purse is full and I have no other purses or bags to fill.	你的錢囊已經滿了，我也沒有別的錢囊或袋子可裝了。
Travelling with bulging moneybags would only bring bandits and outlaws down upon you like a plague of locusts.	帶著鼓脹的錢袋上路，只會招來強盜與亡命之徒，如蝗蟲過境般撲向你。
Take your purse and cease badgering your Treasurer. He is wise in these matters and greed does not become a King.	拿好你的錢囊，別再纏著你的司庫了。他深諳此道，貪婪可配不上一位國王。
I have it in hand, m'lord. I await your commands.	已在我手中，吾王，靜候你的吩咐。
You do not have the purse with you, Arthur.	亞瑟，你身上並沒有帶著錢囊。
Thank you, m'lord. I shall fill it according to your wishes.	多謝，吾王，我這就依你的心意裝滿它。
I have emptied the purse, so we may begin again. What is your command?	我已將錢囊倒空，可以重新開始了。你有何吩咐？
No need to give me money, m'lord. You reward me well enough.	不必給我錢，吾王，你待我已經夠厚了。
You must get money before you can give money.	你得先有錢，才能給人錢。
I am the one who should be giving you money, m'lord. What are your commands?	該給你錢的人是我，吾王。你有何吩咐？
I have no need to take any for myself. You reward me well enough already.	我用不著為自己拿一分一毫，你待我已經夠厚了。
As you wish. Give me the purse, then.	悉聽尊便。那麼，把錢囊給我吧。
You do not even have the purse.	你連錢囊都沒帶在身上。
The purse is empty, m'lord. I await your commands.	錢囊是空的，吾王，靜候你的吩咐。
There are silver coins in your purse.	你的錢囊裡有銀幣。
You now have gold coins, my King.	我王，你現在有金幣了。
I have given you copper coins, m'lord.	吾王，我已經給了你銅幣。
The purse has coins in it, m'lord, but if that is your wish...	錢囊裡已經有錢幣了，吾王，但既然這是你的心意……
The purse is now empty. What is your command?	錢囊現在是空的。你有何吩咐？
Ah, a good luck charm! I thank you, m'lord.	啊，一個護身符！多謝，吾王。
Ah, a good luck charm!	啊，一個護身符！
Here you are, m'lord.	拿去吧，吾王。
My king, if you seek my advice, I say this -- take with you coins of all three value: copper, silver and gold. Each has its use.	我王，若你想聽我的建言，我要說：三種面額的錢幣都該帶上——銅、銀、金，各有各的用處。
If you have brought your purse with you, m'lord, I will be happy to fill it for you.	你若帶著錢囊來，吾王，我很樂意為你裝滿。
I am here to serve you as I may, though, to speak bluntly, I hope you will soon be in search of the Grail.	我在此盡我所能為你效勞，不過老實說，我盼你早日踏上尋找聖杯的旅程。
Please tell me how I may serve you.	請告訴我該如何為你效勞。
Hands that shed innocent blood will never touch the Grail.	沾染無辜鮮血的雙手，永遠碰不到聖杯。
He is your loyal servant.  Why would you want to fight him?	他是你忠心的僕人，你為何想跟他動手？
Gar!  Keep away, you pox-cursed pooftah!	哼！滾開，你這染上瘡病的斷袖孽徒！
Where I come from, that is not a manly thing to do.	在我的家鄉，這可不是男子漢該做的事。
Pardon me, Sire, but that would take months.	恕罪，陛下，但那得花上數月光陰。
It was sealed by Sir Gawaine when he left it here, and he charged me to see that the seal is not broken except by his own hand...unless he is dead.	這是高文爵士離去時親手封上的，他囑咐我務必守著，除非他親自解封……或是他已經身故。
Nay, leave it be. Your mission must be kept humble, for safety as well as your soul's sake.	不可，別去動它。你的使命必須保持謙卑，這既是為了安全，也是為了你的靈魂。
By your leave, m'lord, I keep it open so that fresh air may enter the room.  And so the mice may leave it.	容稟，吾王，我讓它開著，好讓新鮮空氣進來房裡，也好讓老鼠有路可出去。
Those bundles belong to Sir Gawaine. They are all his worldly possessions which he left in my keeping, for I was the last man to see him ere he left.	那些包裹是高文爵士的。那是他所有的身外之物，他離去前交由我保管，因為我是他啟程前見到的最後一人。
I have it, Sire, and await your instructions.	已在我手中，陛下，靜候你的指示。
The bags contain gold and silver cups and platters and other booty from the battles you have won.	袋裡裝的是金杯銀盤，以及你征戰得勝所獲的其他戰利品。
Each jar before me is filled with coins: one with gold coins, one with silver coins and one with copper coins.	我面前的每個罐子都裝滿了錢幣：一罐金幣、一罐銀幣、一罐銅幣。
Greetings, my King.  The jar to your left contains copper coins, the jar in the center holds silver coins and the jar to your right is filled with gold coins.	見過我王。你左手邊的罐子裝著銅幣，中間的罐子裝著銀幣，右手邊的罐子則裝滿金幣。
One gold coin is worth 5 silver coins or 25 copper coins.	一枚金幣值五枚銀幣，或二十五枚銅幣。
You have forgotten my name after years of service? Awr, you are having a joke. Hawrh! Hawrh! Hawrh!	小人伺候陛下多年，陛下竟忘了小人的名字？啊呀，陛下真會說笑。哈！哈！哈！
I was the last to see Sir Gawaine.  He made sure to take copper coins along with silver and gold.  He told me he planned to search for the Grail in the ruins of Glastonbury Tor.	我是最後見到高文爵士的人。他特意帶上了銅幣，連同銀幣與金幣一起。他告訴我，他打算前往格列斯登伯利山的廢墟尋找聖杯。
That is the last that I, or any man, has heard of him.	那便是我，或任何人，最後聽聞他的消息了。
I wish I could tell you something useful, m'lord.	但願我能告訴你些有用的事，吾王。
In memory of Graham Chapman	謹以此紀念葛拉罕·查普曼。
I pray to all the powers that be that you will return safely, that the Grail will be yours, as surely it must be.	我向天地間的一切神靈祈求，願你平安歸來，願聖杯終將屬於你，此事必成。
And may you find and bring back all the noble knights who have gone before you on this holy mission.	也願你尋回、帶回所有先你踏上這神聖使命、卻杳無音訊的高貴騎士。
Your fate will be always in my mind during the long and lonely hours.	在那些漫漫長夜、形單影隻的時刻，我心中將永遠掛念你的命運。
I will add prayers for your return to those I have already made everyday for Sir Launcelot.	我會在每日已為蘭斯洛特爵士祈禱之外，再加上為你平安歸來的祈禱。
And Sir Gawaine and Sir Galahad, of course.	當然，還有高文爵士與葛拉漢爵士。
There is no more I can bear to say.  Dally no more with me, my lord.  Fare thee well.	我再也說不下去了。莫再與我流連，吾王，願你一路平安。
A lodestone?  I have no need of it, but you surely might.  I insist you keep it.	一個指北針？我用不著，但你想必用得上，我堅持要你收下。
But it is I who give it to you.  I have whispered secrets to it and nourished it with my tears.  It is imbued with the power of my love.	但這是我要送給你的東西。我曾對它低語心事，以淚水滋養它，它已注滿了我愛的力量。
Indeed not, husband.  That would be most undignified.	確實不會，夫君，那樣未免太失體統。
I will cherish those words always.	這些話，我將永遠珍藏在心。
I have for you all the loving devotion a wife could have for a husband.	我對你懷有妻子對丈夫所能付出的一切摯愛與忠貞。
Girl?  I am Gwenhyver -- your queen, your woman, your wife.  I am no girl.	女孩？我是昆海兒——你的王后、你的女人、你的妻子。我不是什麼女孩。
Is this some sort of odd Moorish word?	這是某種古怪的摩爾語詞彙嗎？
Goodbye, my love.  May you fulfill your destiny.	再會了，我的愛人。願你完成你的天命。
There is no need to steal that which is already yours.	本就屬於你的東西，無須用偷的。
It is written in the Liber ex Doctrina.	這寫在《Liber ex Doctrina》裡。
Alas, my husband, all but one of my roses has withered and fallen.  My garden is dying, even as our kingdom slowly dies.	唉，夫君，我的玫瑰已全數凋零墜落，只剩最後一朵。我的花園正在枯萎，一如我們的國家正緩緩走向衰亡。
We are completely private within these walls.  You need not worry about the window behind us.  Within is only a sewing room and empty at present.	這幾道牆內完全屬於我們的私密之地，你不必擔心身後那扇窗。裡頭只是間縫紉室，此刻空無一人。
There is nothing inside save the ladies' sewing room, of no interest to a warrior.	裡頭除了女眷的縫紉室之外別無他物，對一名戰士毫無意趣。
My fountain is as parched and dry as the lakes and rivers of our poor kingdom.	我的噴泉，如同我們可憐王國裡的湖泊與河流一般，乾涸枯竭。
It is a stone bench and not very comfortable.	這是一張石凳，並不怎麼舒適。
You planted that tree for me when Camelot was first built.  I pray it will survive.	肯萊特初建成時，你為我種下了那棵樹。我祈禱它能撐過這一切。
Wear it next to your heart. In time of need, it will guide you through danger if you recite the Message of the Rose.	把它戴在貼近心口之處。危難之時，只要你誦念玫瑰箴言，它便會指引你穿越險境。
You have taken the only rose.	你已經摘走了僅存的那朵玫瑰。
It is the last and most beautiful of my red roses.  It would please me if you took it as a token of my love.	這是我最後、也是最美的一朵紅玫瑰。你若肯收下它，當作我愛的信物，我會很欣慰。
If I knew the least thing, I would gladly tell you.	我若知道哪怕一丁點消息，也會樂意告訴你。
Ah...uhmmm....we are just good friends.	啊……呃……我們只是好朋友。
However, it is true that I was the last person to talk to him before he went seeking the Grail.  He said he would seek information from the Lady of the Lake.	不過，確實是我最後與他交談——就在他啟程尋找聖杯之前。他說他打算向湖中女神打聽消息。
The watery tart.	那水裡的蕩婦罷了。
It is your Book of Lore, full of many things you need to know, including the Message of the Rose.	這是你的智典，裡頭記載著你需要知曉的諸多事物，包括玫瑰箴言。
I would gladly speak more, but I beg you to delay not another moment in beginning your mission.	我很樂意再多說些，但求你莫再遲延片刻，速速展開你的使命。
Move closer to her.	再靠近她一些。
Her lips do not reach that far.	她的唇夠不到那麼遠。
Nay, Arthur.  You must go now, before the sin of lust makes you unworthy to find the Grail!	不可，亞瑟。你必須立刻離開，免得色慾之罪讓你失去尋得聖杯的資格！
Get a little closer.	再靠近一點。
As nice as this is, Arthur, it does not further your mission.	這固然美好，亞瑟，但無助於你的使命。
Violence in the soul will place the Grail forever beyond your reach.	心中一旦有了暴戾之氣，聖杯便將永遠遙不可及。
Jealousy is a poison to the heart and does not become your noble character.	嫉妒是侵蝕人心的毒藥，配不上你高貴的品格。
Really, husband.  There will be time enough for that if....I mean, when you return.	真是的，夫君。等你……我是說，等你歸來之後，有的是時間做這些事。
Truly, if you wish to help me and your kingdom, you will search for the Grail at once!	你若真心想幫助我與你的王國，此刻就該立刻啟程尋找聖杯！
Such delights must wait until you have returned with the Grail.	這樣的歡愉，得等你帶著聖杯歸來之後才行。
You have no good reason to insult the woman you love and your queen.	你沒有理由這樣侮辱你所愛的女人，也是你的王后。
Gwenhyver looks puzzled.  I know I am.	昆海兒露出困惑的神情。老實說，我也是。
There is only one rose left in her garden, but I have no doubt she would be glad for you to have it.	她的花園裡只剩最後一朵玫瑰，但我毫不懷疑，她會樂意讓你擁有它。
Why what?  Why do we live?  Why do we die?  If you wish to ask me about something specific, fine.  Otherwise, save the sweeping philosophical questions for another time.	為什麼什麼？為什麼我們活著？為什麼我們終將一死？你若想問些具體的事，儘管問。否則，這種漫無邊際的哲學問題，還是留到別的時候再說吧。
Aye, the sky is overhead as usual.	是的，天空一如往常懸在頭頂。
Your land is cursed and only the Grail can heal it.	你的國土受了詛咒，唯有聖杯能夠治癒它。
The ground is made of soil, as most ground is.	這地面由泥土構成，如同大多數地面一樣。
There are no berries, only dying leaves.	沒有漿果，只有正在枯萎的葉子。
Gwenhyver awaits you in her bower.  The blight on Camelot has not spared this place, once the most beautiful garden in the land.	昆海兒在她的花園裡等著你。肯萊特的枯朽之災，也沒有放過這裡——曾是全國最美的花園。
Without the queen here, this dying bower is a sad and empty place.	沒有王后在此，這座垂死的花園顯得格外淒涼、空蕩。
They are such gossips. And none are pure in heart as your queen.	她們最愛說長道短。而且沒有一個像你的王后那樣心地純正。
If there is any news of Launcelot, Gwenhyver is bound to know it.	若有蘭斯洛特的消息，昆海兒必定知曉。
But she's gone.	但她已經不在了。
She is no longer here. Perhaps she went to the Chapel to pray for your success.	她已不在此處。或許她去了神殿，為你的成功祈禱。
She's not here.	她不在這裡。
The bushes are dying from the curse upon Camelot.	這些灌木正因肯萊特所受的詛咒而枯萎。
The walls, not surprisingly, are made of grey stone.	這些牆，不出所料，是灰石砌成的。
This tower houses ladies of the court, unmarried girls and spinster women, mainly.	這座塔主要住著宮廷仕女，多是未婚少女與未嫁的婦人。
You cannot actually see in from here, but I believe it is the ladies' sewing room inside.  Hardly of interest to you.	你在此處看不進去，但我想裡頭是女眷的針線房。你對此應無興趣。
The fountain has run dry, like most of Camelot's water.	這座噴泉已然乾涸，如同肯萊特大半的水源。
There is none.  The Queen's fountain has dried up, like so many of Camelot's lakes and rivers.  It is one more reminder of the curse which you alone can undo by finding the Grail.	沒有了。王后的噴泉已經乾涸，如同肯萊特眾多的湖泊與河流一般。這又提醒你：唯有尋得聖杯，才能解除這詛咒。
It is a plain stone bench.	這是一張樸素的石凳。
They are dying from the curse upon Camelot.	它們正因肯萊特所受的詛咒而枯死。
You often hunt those hills, even as far as the distant Mendip Hills. But this is no time to be daydreaming.	你常在那片丘陵狩獵，甚至遠至門迪普丘陵。但此刻不是耽於幻想的時候。
I have all the wealth I need and desire no more earthly goods, only the salvation of our land.	我所需的財富已然足夠，不再渴求塵世的財物，只盼我們的國土得到拯救。
You have better things to do than peek into the ladies' sewing room.	你有更要緊的事得做，何必窺探女眷的針線房。
This is not the time for scrambling about like a boy.	此刻不是像個孩子般東奔西跑的時候。
Wanton violence taints the soul.	恣意的暴力會玷污靈魂。
Though you may desire to sit in the sun, your mission is too urgent to wait.	你或許渴望坐下曬曬陽光，但你的使命緊迫，容不得等待。
None of these leaves has any particular value.	這些葉子並無特別的價值。
The only rose has already been picked.	唯一的那朵玫瑰已經摘下了。
You don't need to.	你不需要這麼做。
You would be a poor husband indeed to be so careless.	若你如此粗心大意，實在稱不上是個好丈夫。
She was being poetic, Arthur. She meant only to carry it with you.	她只是說得詩意些罷了，亞瑟。她的意思不過是要你隨身帶著它。
There is nothing quite as exciting as a man with a long sword.	沒有什麼比佩著長劍的男子更令人心動的了。
Fond as I am of your sword, Arthur, I would rather that you save it for a better use.	亞瑟，我雖鍾愛你的劍，但寧可你將它留待更好的用處。
Your sword is unequalled in all of Christendom.  But for my peace of mind, I prefer to see it sheathed.	你的劍在整個基督教世界裡無人能及。但為了我心安，我還是希望見它入鞘。
Arthur, the gods are jealous of their gold. It would be the greatest sacrilege, one which cannot be undone. Think again before you try this.	亞瑟，諸神看重他們的金子。此舉將是莫大的褻瀆，一旦犯下便無可挽回。動手之前，再三思量。
Since you are determined to commit this sacrilege, I will say nothing more. Your doom is your own.	既然你執意要犯下這等褻瀆，我便不再多言。你的劫數，自行承擔。
Fool.	愚蠢。
Arthur, it is not wise to insult a god. Think before you do this.	亞瑟，觸怒神明並非明智之舉。動手之前，先想清楚。
Alas, I fear you bring much evil upon yourself by such an unwise act.	唉，恐怕你這般輕率之舉，會為自己招來重重災禍。
Unwise, Arthur, unwise.	不智啊，亞瑟，太不智了。
The sacred fire of Mithras is lit. The blessing has been given.	米夏拉的聖火已然點燃，恩賜已然降下。
Only the blessing of Mithras can light this candle.	唯有米夏拉的恩賜，才能點燃這支蠟燭。
The sacred fire of Christ is lit. The blessing has been given.	基督的聖火已然點燃，恩賜已然降下。
Only the blessing of Christ can light this candle.	唯有基督的恩賜，才能點燃這支蠟燭。
The ceiling arches over your head like the great vaults of heaven.	天花板在你頭頂拱起，宛如浩瀚的天穹。
The floor is made of inlaid stones.	地板由鑲嵌的石塊鋪成。
There is nothing but a dark space.	那裡除了一片黑暗，什麼也沒有。
Those are pads to kneel upon.	那些是供人跪拜的墊子。
Look again.  Methinks you are confused.	再看仔細些，我看你是糊塗了。
There is only one thing more deadly than offending a god.	世上只有一件事，比觸怒一位神明更為致命。
Offending two gods.	那便是同時觸怒兩位神明。
The cross is an ancient symbol that has been adopted by the followers of the Christ god.	十字是個古老的符號，後為基督信徒所採用。
The symbol of Mithras has emblazoned many a warrior's shield, for he has been primarily a soldier's god.	米夏拉的標識曾裝點過無數戰士的盾牌，因為他向來是軍人的守護神。
Those are symbols of Isis and Vesta. What they are doing in this chapel, I do not know.	那些是艾西斯與維斯塔的標識。它們為何會出現在這座神殿裡，我也不得而知。
This is a relatively new religion, but it has grown enormously in power over the last few centuries. Most of your people now worship the Christ god.	這是一個相對年輕的信仰，但在過去幾個世紀裡勢力大增。如今你的子民多半信奉基督。
Mithras the warrior god has been worshipped for many, many centuries and was the favorite of Roman soldiers.	戰神米夏拉受人供奉已有數百年之久，向來深受羅馬士兵愛戴。
On the right is the altar of Christ.  On the left is the altar of Mithras.	右側是基督的祭壇，左側是米夏拉的祭壇。
The double altar in the Chapel of the Two Gods reflects the power struggle between an old and new religion.	雙神神殿裡的這座雙祭壇，映照出新舊信仰之間的權力角力。
Most of this room is made of stone: the altars, the floor, the pillars.	這房間大半以石造成：祭壇、地板、廊柱皆然。
The walls are lined with decorative columns.	牆邊立著一排裝飾用的廊柱。
They hold up the ceiling.	它們撐起了天花板。
The intertwining lines upon the double altar is Celtic knotwork.	雙祭壇上交纏的線條，是凱爾特結紋。
The highly decorative pillar is one of the main supports for the ceiling.	這根裝飾繁複的廊柱，是支撐天花板的主要柱子之一。
The vision is sent to remind you that you must be morally pure to possess it.  Every deed and decision in your mission will be weighed in judgement.	這異象是要提醒你：唯有心靈純淨之人才配擁有它。你此行的一言一行、每個抉擇，都將受到審判衡量。
Mithras shows you perils that have befallen or will befall your three knights.  He reminds you that, as king, you are responsible for their lives.	米夏拉向你展示你三位騎士已經或即將遭遇的險境，提醒你身為君王，須對他們的性命負責。
I hope you are not seeing something that I do not see. It would not bode well for your mission.	我盼你所見並非我未曾見過之物，否則對你的使命絕非吉兆。
They are not bowls.  They are altar candles.	那些不是碗，是祭壇上的蠟燭。
Upon the right is the cross, symbol of the Christ god who was crucified upon one.	右邊是十字，基督便是被釘死在十字架上，因而成了祂的標識。
Upon the left is the symbol of Mithras, formerly carried upon banners into battle.	左邊是米夏拉的標識，昔日曾被繡上軍旗、隨軍出征。
Only the blessing of Mithras can light the candle on the left.	唯有米夏拉的恩賜，才能點燃左側的蠟燭。
Only the blessing of Christ can light the candle on the right.	唯有基督的恩賜，才能點燃右側的蠟燭。
I am sure you will think of something to offer the gods.	我相信你會想出該獻給諸神什麼供品。
The labarum is the symbol of Mithras.	拉巴倫是米夏拉的標識。
The skulls are reminders of the death that awaits us all.	這些骷髏頭提醒著世人，死亡終將降臨眾生。
And may the god of your choice protect you.	願你所選的神明護佑於你。
That is beyond your powers. Or mine.	那超出了你的能力範圍，也超出了我的。
That can be arranged.	這可以安排。
Not in this place. You need all the help you can get.	此處不可。你需要一切能得到的助力。
The gods are always fond of offerings.  Depending, of course, upon what it is you intend to offer.	諸神向來喜愛供品，當然，這得看你打算獻上什麼。
That is not the sort of offering the gods desire.	那並非諸神所欲的供品。
The candle is not lit.	這支蠟燭並未點燃。
I do not understand what you hope to gain by having burnt fingers.	我不明白你燙傷手指究竟想換得什麼。
It is said that the gods prefer prayers offered upon bended knee.	據說諸神偏愛跪地獻上的禱告。
Perhaps the gods need more tangible proof of your devotion before they will grant a blessing.	或許諸神在賜下恩典之前，需要更實質的證明，證明你的虔誠。
The lighting of the sacred fire is the god's way of telling you that your prayers are heard.	聖火燃起，便是神明告訴你祂已聽見你禱告的方式。
The gods prefer to hear prayers from bended knee.	諸神偏愛聽見跪地獻上的禱告。
Arthur, pay attention.  You are already on your knees.	亞瑟，留意些。你已經跪著了。
It does not require a wizard to see that you ARE standing.	不必是巫師也看得出，你現在正站著。
Humbling yourself is the first step in dealing with any god.	謙卑自抑，是與任何神明打交道的第一步。
Your prayers have been heard and the blessing given.	你的禱告已蒙垂聽，恩賜已然降下。
You have incurred Mithras' wrath.  Nothing can help you now.	你已招來米夏拉的怒火，如今再無挽回餘地。
I suspect that an earthly gift may help your prayers to reach the heavens.	我猜想，一份塵世的供品或許有助於你的禱告上達天聽。
You have incurred Christ's wrath.  Nothing can help you now.	你已招來基督的怒火，如今再無挽回餘地。
You have no money.	你身無分文。
Before a god will accept money, he must be shown the proper reverence.	神明接受供奉之前，須先受到應有的敬意。
The vision was a gift, not a purchase. It will not appear again.	那異象是一份恩賜，並非可以買來的東西，它不會再度出現。
You would not listen to warnings.  Now you are under Mithras' curse and nothing can undo it.	你不聽勸誡，如今已受米夏拉的詛咒，再無法解除。
You have already been blessed.	你已蒙受恩賜。
The dull clunk of a copper coin does not seem to excite much interest from the gods of this chapel.	一枚銅幣落地的悶響，似乎難以引起這神殿諸神的興趣。
The vision was a gift, not a purchase.  It will not appear again.	那異象是一份恩賜，並非可以買來的東西，它不會再度出現。
You would not listen to warnings.  Now you are under Christ's curse and nothing can undo it.	你不聽勸誡，如今已受基督的詛咒，再無法解除。
That would require preparations and priests and too much time. The blessing of the god is enough to ask for.	那需要諸多準備、祭司主持，還要耗費太多時間。只求神明的恩賜便已足夠。
And bring down the curse of the god? Do not even think it!	還要招來神明的詛咒？想都別想！
Your doom is now sealed.	你的劫數已然註定。
There are no gold coins upon the altar.	祭壇上沒有金幣。
There are no silver coins upon the altar.	祭壇上沒有銀幣。
The gods may not notice the loss of a bit of copper.	少了一點銅幣，諸神或許不會察覺。
There are no copper coins upon the altar.	祭壇上沒有銅幣。
If you wish to get more money, you must go to the Treasury. In this place, you should think only in terms of giving.	你若想取得更多錢財，須前往寶庫。在此處，你該想的只有給予。
Which coin do you want?	你要哪一種錢幣？
It would make a lovely offering, but is not quite what the gods want.	這雖是件討喜的供品，卻不是諸神真正想要的。
You're not close enough to a flame and you do not want to be.  Trust me.	你離火焰還不夠近，而你也不會想要靠得更近。相信我。
The fire is not lit on this candle, Arthur	這支蠟燭上並未點著火，亞瑟
Burn a gift of love from Gwenhyver?  I would seriously reconsider.	燒掉昆海兒所贈的愛的信物？我勸你三思。
Nothing is left but ashes.  I sense you have angered the gods and no good will come of this.	只剩下一堆灰燼。我感覺得到，你已觸怒了諸神，此事絕無好結果。
You have not yet been given the blessing of the flame.	你尚未獲得聖火的恩賜。
Are you mad?  It is a sign that Christ has heard your prayers and given his blessing.	你瘋了嗎？那是基督已聽見你禱告、賜下恩典的徵兆。
Mithras has ways of punishing fools who tamper with his holy fire.	米夏拉自有懲罰之道，對付膽敢褻瀆他聖火的愚人。
There. You have nothing better to show for it than burnt fingers.	瞧，除了燙傷的手指，你什麼也沒換到。
That belongs here and is of no use to you.	那東西屬於此處，對你毫無用處。
Those are not bowls.  Those are altar candles and must be left on the altars.	那些不是碗，是祭壇上的蠟燭，必須留在祭壇上。
Only the blessing of a god can do that.	唯有神明的恩賜，才能做到這一點。
The Christ god does not approve of such things.	基督不贊同這樣的事。
Once, in very ancient times, the sacrifice of a white bull would have been proper.  But there is no time for that now.	遠古之時，獻上一頭白牛原本才是合宜的祭品。但如今，已沒有時間這麼做了。
You cannot draw your sword from your knees.	你跪著時無法拔劍。
You annoy the gods by brandishing a weapon in this sacred place.	在這神聖之地揮舞兵刃，會惹惱諸神。
Your knees must be getting sore.  Perhaps you should consider doing something.	你的膝蓋想必已經跪痠了。或許你該考慮做點什麼。
The flame is lit and the blessing given, but wait....	聖火已點燃，恩賜已降下，但且慢……
Mithras sends you visions of your missing knights. And listen! Their voices call out to you in distress!	米夏拉向你展示你失蹤騎士們的異象。且聽！他們的聲音正痛苦地向你呼喚！
Save me, most valiant king! I am injured unto the death by a black fiend. The green leaves will cover my bones unless you are quick.	救救我，至勇的王啊！我為一個黑暗惡魔所傷，命在旦夕。你若不快，青葉終將覆蓋我的白骨。
Arthur, I cannot move. I cannot escape. And I am so cold, so terribly cold. Ah, how can she be so heartless?!	亞瑟，我動彈不得，無法逃脫。我好冷，冷得徹骨。啊，她怎能如此狠心？！
I am lost in the darkness, hidden from light and life, with only the rats to lust for my flesh and blood. I will die here unless you help me, my king.	我迷失在黑暗之中，不見天光，不見生機，唯有鼠群覬覦著我的血肉。吾王，你若不來救我，我將死在此處。
The flame is lit. You have been blessed, and now something shimmers in the air....	聖火已點燃，你已蒙受恩賜，此刻空氣中似有什麼正閃爍著微光……
A vision of the Grail appears to you. Christ sends it to remind you that only a man of purity may attain this sacred cup.	聖杯的異象在你眼前浮現。基督藉此提醒你：唯有心靈純淨之人，方能得到這只聖爵。
Remember, the fate of Camelot rests not only upon your finding the Grail, but your worthiness to possess it.	切記，肯萊特的命運不僅繫於你能否尋得聖杯，更繫於你是否配得擁有它。
That is quite impossible.	那絕無可能。
The gods do not provide visions upon demand.  Accept what you have been given or you will anger them.	諸神不會應人所求便賜下異象。接受你已得到的，否則將觸怒他們。
The gods give visions to those who please them.	諸神只將異象賜給令祂們喜悅的人。
What you saw and heard may have happened or is yet to happen. To learn more, you must find the knights themselves.	你所見所聞，或許已經發生，或許尚未發生。若想知道更多，你必須親自找到那幾位騎士。
The sacred flame is lit. You and your mission have been blessed.	聖火已然點燃。你與你的使命，皆已蒙受恩賜。
The guards stand at attention in your presence.	衛兵們在你面前肅立戒備。
The guard has the air of a man who wants to speak, but is afraid to speak without permission.	這名衛兵神情像是有話想說，卻又不敢未經允許便開口。
You can't take your horse in the castle.	你不能把坐騎帶進城堡裡。
The stables are nearby, but your servants tend to all your needs there. You have other, more important concerns.	馬廄就在附近，但那裡有僕從為你打理一切所需。你還有其他更要緊的事得操心。
Your mule is not yet here.	你的騾子尚未到此。
My pleasure, m'lord.	樂意效勞，吾王。
Beggin' your pardon, m'lord?	恕小人失禮，吾王？
The skies are clear.  'Tis a good day to begin your search.	天色晴朗。正是啟程尋覓的好日子。
Considering how much of Camelot is made of this grey stone, there must have been a great deal of it around at one time.	肯萊特有大半是以這種灰石建成，想當年此地想必蘊藏甚豐。
The inner courtyard is guarded by your loyal men.	內庭由你忠誠的士兵把守。
Your warhorse and a pack mule have been prepared for your journey.	你的戰馬與一頭馱運的騾子，都已為此行備妥。
It does not look happy about being chosen for this mission, nor about carrying your pack of provisions.	牠似乎不太樂意被選中執行此行，也不情願馱著你的補給包。
Your mule is being prepared for the journey.	你的騾子正為此行做準備。
Aye, those are stairs.	正是，那是階梯。
I can sense the mingling of pride and despair that fills you as you look upon your stronghold and home.	我能感受到，你望著這座要塞與家園時，心中驕傲與絕望交織。
The thick, stone walls make Camelot virtually impregnable against normal attack.	厚重的石牆使肯萊特幾乎無懈可擊，尋常攻勢難以攻破。
Against this curse of plague and drought, however, the thickest of stone walls is no defense.	然而面對這場瘟疫與乾旱的詛咒，再厚的石牆也無濟於事。
It is the main entrance to your castle proper.	這是通往城堡本體的正門。
The window in the tower is a lookout.	塔上的窗口是瞭望口。
This tunnel leads to the portcullis which is your outside gate.	這條甬道通往閘門，也就是你的外門。
It is part of the defensive system of Camelot.	這是肯萊特防禦體系的一部分。
Your horse is a sturdy and well-trained stallion, bred to be steady in danger and battle.	你的坐騎是一匹強健且訓練有素的公馬，育種便是為了臨危與臨陣皆能沉穩不亂。
Your grooms prepare the horse and pack mule.  When you are ready, they will be here.	馬伕正在備妥坐騎與馱運的騾子。待你準備就緒，牠們便會在此候命。
You should know your horse better than that, Arthur. He is a stallion.	你該比這更了解自己的坐騎才是，亞瑟。牠是匹公馬。
Your guards bear the Royal shields of Camelot.	你的衛兵持著肯萊特的皇家盾牌。
Your own shield is familiar to you. Your guards, of course, bear the Royal shields of Camelot.	你對自己的盾牌再熟悉不過。至於你的衛兵，自然持著肯萊特的皇家盾牌。
Your guards have little need for their lances these days.	你的衛兵近來已鮮少用得上長槍。
It contains water, food, blankets, extra clothing and such things as you may want on a long journey.	裡頭裝著水、糧食、毛毯、備用衣物，以及長途旅程中你可能用得上的物件。
Your servants are preparing a pack for your trip. It will be ready to go when you are.	你的僕從正為此行備妥行囊，待你準備完畢，行囊也將備妥待發。
Your own special tack has been used.	你專屬的馬具已然備上。
There is no tack here.	此處並無馬具。
Galahad is well liked amongst the guards.  They would be most likely to have news of him.	葛拉漢在衛兵之間頗受愛戴，他們最有可能得知他的消息。
A clumsy weapon for a long trip. Excaliber is the best weapon you could want.	長途跋涉帶這種笨重武器不甚妥當。聖劍才是你能擁有的最佳武器。
There will be time enough for that on the journey.	此事路上自有時間再說。
What the devil for?  Have you lost all common sense?	這究竟是為了什麼？你莫非失了常識？
There is no pack here.	此處並無行囊。
Your horse is already here.	你的坐騎已在此處。
Your mule is already here.	你的騾子已在此處。
It is being prepared. When your own preparations are complete, it will surely be ready and waiting for you.	牠正在備妥中。待你自己準備就緒，牠必已備妥候著你。
It is not only difficult, but pointless.	此事不僅困難，更是毫無意義。
Lead and it will follow.	你只管引路，牠自會跟上。
Your grooms have seen to such details, though you are wise to think of it.	這類細節馬伕早已辦妥，不過你想到這一點也算明智。
A horse is for riding.	馬是用來騎的。
Why would you want to ride a bony little mule when you have your fine stallion?	你既有這匹駿馬，何苦去騎那頭瘦骨嶙峋的小騾子？
Nay, 'tis the other way around. The mule follows you.	不，恰恰相反。是騾子跟著你走。
Why do you draw your sword here?  You are safely surrounded by your own men.	你為何在此拔劍？你身邊盡是自己的士兵，安全無虞。
This is no time for sword practice with your men.	此刻不是與士兵練劍的時候。
The legend says that a man with violence in his soul will be destroyed if he touches the Grail.	傳說中，心懷暴戾之人若觸碰聖杯，必遭毀滅。
It is a rather ordinary shield.	這是面相當普通的盾牌。
It is a rather ordinary spear.	這是柄相當普通的長矛。
Forgive me, sire, I do not understand.	恕臣不解，陛下。
Standing closer to a guard would help.	靠近某位衛兵些，或許有幫助。
You are my king, sire.	你是臣的君王，陛下。
I am your faithful and loyal servant, my liege.	臣是陛下忠誠效命的僕從，吾主。
Your horse, mule and pack are being prepared.	你的坐騎、騾子與行囊都在備妥中。
Your horse is saddled and ready. The mule bears your pack of provisions.	你的坐騎已備鞍待發，騾子則馱著你的補給行囊。
I have no news of him, m'lord.	小人並無他的消息，吾王。
She should be in the castle, m'lord.	她應當在城堡裡，吾王。
I am sure you know more than me about that, sire, me being only a guard and all.	陛下想必比小人更清楚此事，畢竟小人不過是個衛兵。
The man yonder, to the left of the arch, is the smartest of all of us, m'lord.	拱門左側那人，是我們當中最機靈的一個，吾王。
May God protect you, m'lord.	願上帝保佑你，吾王。
May God lead you to the Grail, my King.	願上帝引領你尋得聖杯，吾王。
We pray for your success, King Arthur.	我們為你的成功祈禱，亞瑟王。
Mithras guide and protect you.	願米夏拉引導並庇佑你。
Such miserliness does not become a king.	如此吝嗇，實非人君之風。
All the armour gets in the way, fortunately.	所幸這身甲冑正好擋路，礙手礙腳。
They have no use for it.	他們用不著這個。
Very sweet of you, m'lord.	你真是體貼，吾王。
You don't have any money.	你身上沒有錢。
Bless you, m'lord!	願神保佑你，吾王！
Thank'ee most kindly, m'lord!	多謝吾王厚賜！
Praise be your generosity, King Arthur!	讚頌你的慷慨，亞瑟王！
Arthur, will you please stop trying to give away your most valuable possessions.	亞瑟，別再想著把你最貴重的物件送人了。
As you command.	遵命。
Their weapons are inferior to Excaliber.	他們的武器比不上聖劍。
Besides which, they need them to defend Camelot in your absence.	何況你不在時，他們還得靠這些武器防守肯萊特。
You guard needs it.	你的衛兵需要它。
They are unable to do that.	他們辦不到此事。
Their place is here, guarding Camelot.	他們的崗位在此，守衛肯萊特。
Is this some odd Celtic word, m'lord?	這是什麼古怪的凱爾特語嗎，吾王？
Greetings, my liege.	向吾主問安。
Uh....no, thank you, m'lord.	呃……不了，多謝，吾王。
What a thoroughly disgusting idea.	好個令人作嘔的念頭。
These are not the thoughts of a pure man.	這可不是清白之人該有的念頭。
The Christians say that stealing is a sin and no sinner may lay hands upon the Grail and live.	基督徒說偷竊是一種罪，罪人若碰觸聖杯，必難逃一死。
You can only help us by bringing back the Grail before it is too late.	你唯有趁一切還來得及，將聖杯尋回，才能真正幫上我們。
Your horse is trained only to fight your enemies, not your friends.	你的坐騎只受過與敵人交戰的訓練，不會對付你的朋友。
You're not on the horse.	你並未騎在馬上。
That is not becoming of a king.	此舉有失人君之儀。
His horse was sent back to our care by the Harbourmaster of Southampton.	南安普頓港的港務司已將他的坐騎送回，交由我們照料。
Along with a message from the Harbourmaster that Sir Galahad took ship to the Far East.	港務司還捎來口信，說葛拉漢爵士已搭船前往遠東。
Very well, m'lord.	遵命，吾王。
My Lord King, I have news of Galahad, if you would care to hear it.	吾王陛下，臣有葛拉漢的消息，不知陛下是否願聞。
That is all I know, m'lord.  Godspeed you on your mission.	小人所知僅此而已，吾王。願你此行一路平安。
My pleasure, m'lord.  I only thought to mention in case no-one else had told you, sir.	樂意效勞，吾王。小人只是想著，若無人稟報，還是說一聲的好。
Your horse and mule are being prepared for the journey.	你的坐騎與騾子正為此行備妥。
Your horse and mule await you in the courtyard.	你的坐騎與騾子在庭院中候著你。
The skies are clear and the weather holding good. A fine time to begin a journey.	天色晴朗，天候良好，正是啟程的好時機。
Amazingly enough, it is also paved with stone.	說來也是，這裡同樣鋪著石板。
Here your journey begins in earnest. Search your soul and be sure you are ready.	你的旅程將自此正式展開。捫心自問，確認自己已準備就緒。
Once you leave Camelot, I will seal the castle with a powerful spell of protection. You will not be able to re-enter until you have the Grail.	你一旦離開肯萊特，我便會以強大的護城法術封印城堡。在你尋得聖杯之前，你將無法再度進入。
This is the main gate of Camelot.	這是肯萊特的正門。
It stands tall, strong and proud. Yet if you fail, it will not endure.	它高聳、堅固、巍然而立。然而你若失敗，它終將不保。
The top of the tunnel is also stone.	甬道的頂部同樣是石造。
It is fairly dark in here. There is not much to see.	這裡相當昏暗，沒什麼好看的。
It leads to the courtyard and the main door to the castle.	它通往庭院與城堡的正門。
The boulders are part of the castle's foundation.	這些巨石是城堡地基的一部分。
This heavy portcullis was built to withstand even a battering ram.	這座沉重的閘門，就連攻城槌也難以撼動。
You surely know your own symbol, Arthur, the red dragon of Pendragon.	你當然認得自己的家徽，亞瑟，那是潘德拉貢的紅龍。
The walls are massive and built of stone.	城牆雄偉厚重，以石砌成。
Travel on and the map will guide you.	繼續前行，地圖自會為你指路。
There is no moat. Your protection is in the high walls and steep cliffs.	這裡沒有護城河，你的屏障在於高聳的城牆與陡峭的懸崖。
Camelot was designed without a drawbridge.	肯萊特建造之初便未設吊橋。
He is safe within. Worry not.	他在裡頭很安全，無須擔憂。
And fall to your death? Ridiculous.	摔下去送命？荒唐。
You already are on your horse.	你已騎在馬上。
You don't need to get off your horse.	你不必下馬。
It IS open.	它確實是開著的。
You may not return, Arthur, until you have found the Grail...or died in trying. To turn aside or abandon your sacred mission means the certain death of all you hold dear.	亞瑟，除非你尋得聖杯……或死於途中，否則你不得回返。若你轉身逃避或放棄這項神聖使命，你所珍愛的一切必將盡數殞落。
You can hardly begin a long and arduous journey in your court clothes.	你穿著宮廷袍服，如何踏上這般漫長艱辛的旅途。
Do you think this is a fairytale where you can simply run off without preparation?	你以為這是童話故事，可以毫無準備便說走就走？
Certainly.  As soon as you have a horse under you, as common sense would require.	當然可以，只消你胯下有匹馬便行，這是常理所需。
This is no time for petulance or foolishness.   The lives of all your people hang in the balance.	此刻不是任性胡鬧的時候。你全體子民的性命，皆懸於一線。
It IS lowered	它確實已經放下。
It will be done.  You need not worry.	此事必會辦妥，你無須擔憂。
Excaliber is a powerful sword, but even it cannot break this portcullis.	聖劍雖是把威力強大的劍，卻也劈不開這座閘門。
There is no need.  It will follow.	無此必要，牠自會跟上。
It is on the mule which follows you.	它就在跟著你的那頭騾子身上。
It is rather early for that.  You have not even begun to travel.	現在說這個還太早，你連旅程都還沒展開。
If it is ready, it will be in the courtyard.	若已備妥，便會在庭院裡。
What an utterly ridiculous idea.	好個荒唐透頂的念頭。
They are at their posts where they belong.	他們都在自己該駐守的崗位上。
This is your mission alone, Arthur.  They cannot help you.	這是你獨自的使命，亞瑟，他們幫不上忙。
It is terribly unwise to start a sacred mission without the blessings of the gods.	未得諸神庇佑便展開這神聖的使命，實在極不明智。
The Christ god does not like being ignored.  His vengeance is swift and final.	基督之神不喜受人漠視，祂的報應迅速而不容轉圜。
Alas, Mithras is a bad god to offend.  Remember this, in your next life.	唉，米夏拉可不是能輕易冒犯的神祇。這一點，留待你來世牢記吧。
One does not get far when the gods are offended.	觸怒了神明，是走不了多遠的。
Widdershins is a forest sprite.  It must inhabit this shrine.	Widdershins 是森林精靈，想必就棲居在這座神龕裡。
It is an old, bronze statue of Cernunnos and he holds out a cup for offerings.	這是一尊古老的青銅像，塑的是 Cernunnos，祂伸出雙手捧著一只杯子，等候供品。
Ah!  Of course!  The idol is bronze.  That explains Widdershins's toll of copper or tin.	啊！這就對了！這尊神像是青銅所鑄，難怪 Widdershins 收的過路費，非銅即錫。
This shrine contains a bronze statue of the Celtic god, Cernunnos, within a stone housing.	這座石造神龕裡，供奉著凱爾特神祇 Cernunnos 的青銅像。
'Tis a rock.	這是一塊岩石。
'Tis a tree.	這是一棵樹。
'Tis a bush.	這是一叢灌木。
The forest sprite is not a man.	這森林精靈並非凡人。
There is no one here.	此處空無一人。
The miserable sprite has turned everything but your copper coins into pebbles!	這可惡的精靈把你身上除了銅幣之外的東西全變成了石子！
Your copper coins are untouched by the spell.	你的銅幣未受此咒波及。
I would worry less about the pebbles than about how to get Widdershins to undo his trick.	與其擔心那些石子，不如想想該如何讓 Widdershins 收回這個惡作劇。
You have more important things to worry about than pebbles.	比起石子，你有更要緊的事該操心。
Mercifully, he is gone.	所幸，他已經離開了。
Widdershins only wants a bit of copper.  I would not be stingy, if I were you.	Widdershins 要的不過是一點銅幣。若我是你，可不會這麼小氣。
Try not to disturb Widdershins again.	盡量別再驚動 Widdershins 了。
The mischievous forest sprite, Widdershins, is perched upon the shrine, waiting for you to pay his toll.	頑皮的森林精靈 Widdershins 蹲踞在神龕上，等著你繳納過路費。
It should look familiar.  This is where you entered the forest and there is the little shrine.	這裡你該不陌生。你就是從這裡踏入森林的，那座小神龕也在此處。
Let us hope Widdershins is asleep.	但願 Widdershins 正在沉睡。
You must pass through the Forest Perilous to reach Glastonbury Tor.  The forest is so named because of the many dangers hidden within.	你必須穿越派瑞樂斯森林，才能抵達格列斯登伯利山。這座森林之所以如此命名，正因其中潛藏著重重危機。
In this clearing, there is a very old forest shrine.	這片林間空地上，立著一座古老的森林神龕。
He has returned to his hiding place inside the shrine.	他已退回神龕裡的藏身之處。
It is empty	此處空無一物
The statue of Cernunnos has antlers, representing the fertility of the stag.	Cernunnos 的塑像頭生鹿角，象徵雄鹿的豐饒生機。
Cernunnos is an ancient Celtic god of the hunt or sometimes of the underworld.	Cernunnos 是凱爾特人古老的狩獵之神，有時也被視為冥界之神。
The bronze statue is of the Celtic god, Cernunnos.	這尊青銅像塑的是凱爾特神祇 Cernunnos。
If he passed this way, he left no traces.	縱使他曾路過此地，也未留下任何痕跡。
It is not very powerful, but such sprites are quite mischievous and will play small, but nasty tricks upon those who displease them.	他法力不算高強，但這類精靈生性頑皮，遇上惹惱自己的人，便會使出些雖小卻惡毒的把戲。
The idol is bronze and bronze is an alloy made of copper and tin.  Widdershins has become obsessed, I would say, with making bronze.	這尊神像是青銅所鑄，青銅乃銅與錫合煉而成的合金。依我看，Widdershins 是著了鑄造青銅的魔。
It does not speak.  It does not even hear.	它不會說話，甚至聽不見。
You have none to give.	你身上並無可以奉上之物。
Get closer to the front of the shrine.	再靠近神龕正面一些。
You will never see that money again.	那筆錢，你是再也見不著了。
Ah, how pleasant.  He has gone away for now.	啊，真是清靜。他這會兒已經走了。
That is of no use here.	此物在此毫無用處。
You have only just entered the Forest Perilous. That can wait until later.  For now, be on your guard.	你才剛踏入派瑞樂斯森林，那事不妨稍後再議。眼下，還是提高警覺為要。
You cannot really harm such an elemental creature with mere force.	單憑蠻力，你傷不了這種元素精怪。
Besides, you would have to catch it first and that is nearly impossible.	再說，你得先逮住牠才行，而那幾乎是不可能的事。
I could do so with a spell, but only if I were there in person.  You will never do so otherwise.	我倒是能施法辦到，但得親身在場才行。否則，你是絕無可能做到的。
You have not the means to shatter stone or break bronze.  Besides, the shrine is holy and not to blame that Widdershins has taken up residence in it.	你沒有能耐擊碎岩石或毀壞青銅。再說，這神龕本是聖地，Widdershins 選中此處棲身，也怪不得它。
You will find it is too heavy and solidly rooted in the ground.	你會發現它重不可舉，且深深扎根於地。
You cannot harm a sprite with mere steel.	區區鋼鐵，傷不了精靈。
Copper or tin! Copper or tin! Copper or tin for Widdershins!	銅也好，錫也好！銅也好，錫也好！Widdershins 只要銅或錫！
Single-minded creature, is he not?	這傢伙倒是心無旁騖，是吧？
The sprite has struck!  He has afflicted you with an attack of stinging ants!	精靈出手了！他放出一群螫人的螞蟻襲擊你！
By my beard!  You no sooner put the copper in the shrine than the sprite made off with it.	我的鬍子啊！你才剛把銅幣放進神龕，那精靈轉眼便捲著它跑了。
Ah, did you feel a tingling?  The trick has been undone, but check your purse, if you wish to make sure.	啊，你感覺到一陣刺麻了嗎？這惡作劇已經解除，但你若想確認，不妨查看一下錢囊。
There is no sign of the sprite, yet you know he must stil be about.	精靈不見蹤影，但你明白他必定仍在附近。
Copper is mine! Copper divine! Go your way, No trick I will play.	銅幣歸我，銅幣是寶！你儘管上路，惡作劇到此為止。
Silver and gold do not pay my toll! Copper or tin is my only whim!	金銀寶物付不了我的過路費！我只鍾情銅與錫！
You found nothing, of course.	你自然是什麼也沒找到。
Do make up your mind.	拿定主意吧。
It is a forest sprite.  It must inhabit this shrine.	這是一名森林精靈，想必就棲居在這座神龕裡。
Copper or tin!  Keep your useless human stuff.  Copper or tin!	銅也好，錫也好！你那些沒用的凡人玩意兒，留著自己用吧。銅也好，錫也好！
Aye, copper!  Give me copper!	是的，銅幣！把銅幣給我！
My toll you pay or a trick I play!	繳了過路費，不然就等著挨我的把戲！
Going out or coming in, Copper or tin for Widdershins! You had better heed my whim, Pay the toll of Widdershins! If no copper or no tin, You get a trick from Widdershins!	不論是出是進，Widdershins 都要銅或錫！你最好順著我的心意，繳清 Widdershins 的過路費！若是沒銅也沒錫，Widdershins 就讓你嚐嚐把戲！
Why would you want to do that?	你何必這麼做？
There is a spear leaning on the rack behind the Hunter.	獵人身後的架子上，斜倚著一支長矛。
From the simplicity of the Hunter's clothing and his worn face, I would say that he is a poor man.	從獵人樸素的衣著與滿是風霜的面容看來，我猜他是個窮苦人。
It is a makeshift rack.	這是個臨時搭成的架子。
The hunter has several pelts drying upon simple racks made of sticks.	獵人用幾根木棍搭成簡陋的架子，上頭晾著幾張獸皮。
Did you expect the spear to be here?  You were warned that it could not leave the forest.	你以為長矛會在這裡？早有人警告過你，它離不開這座森林。
The spear remains wedged in the carcass of the boar.	那支長矛仍卡在野豬的屍身裡。
He is clearly not here.	他顯然不在這裡。
It would be best to avoid the creature, unless you have copper or tin to give it.	除非你備有銅或錫可以奉上，否則最好避開這東西。
In this small clearing, a Hunter has set up his skins on racks to dry.  Next to him are three spears.  He is a bold man or a desperate one to seek his living in the Forest Perilous.	這片小小的空地上，一名獵人架起木架晾曬獸皮，身旁擺著三支長矛。能在派瑞樂斯森林裡討生活，這人不是膽識過人，就是走投無路。
It is the same as when you passed through here before.  The Hunter is still here with his spears and his skins.	這裡的景象和你先前經過時一樣。獵人依舊守在這裡，帶著他的長矛與獸皮。
This clearing seems larger without the Hunter in it.	少了獵人，這片空地似乎顯得開闊了些。
The Hunter has left and taken everything with him.	獵人已經離去，並帶走了他所有的家當。
Like a true man of the forest, he has vanished leaving no trace that he was ever here.	一如真正的林中人，他消失得無影無蹤，彷彿從未來過此地。
There is no lance here, nor did the Hunter have one.	這裡沒有長槍，獵人本來也不曾有過。
Your best source of such information, the Hunter, is now gone.	你打聽此事最好的線索——那位獵人，如今已經離開了。
There is no use for it here.	此物在此派不上用場。
If you are threatened by a boar, that will be the time to make use of it.	若遭野豬威脅，正是用上它的時候。
You cannot use what you do not have.	你不曾擁有之物，如何使用？
You are talking nonsense.	你這是在胡言亂語。
I am sure you will find a likely bush somewhere in the forest for that.	我想，森林中不乏合適的灌木叢可供此用。
I know who you are, Arthur.	我知道你是誰，亞瑟。
I did not know that trees could pay taxes.	我倒不知道樹木也得納稅。
There is no one here save you and the mule.	此處除了你與騾子，別無他人。
From whom? There is no-one here.	向誰要？這裡空無一人。
Difficult, since he is not here.	這可難了，畢竟他人不在這裡。
He is no longer here, though a trace of him does linger on.	他已不在此處，但仍留下幾分蹤跡。
But the Hunter is gone.	但獵人已經離開了。
Is something wrong, m'lord?	有什麼不對勁嗎，吾王？
I sense no danger here, but you are wise to be at readiness at all times in this forest.	我未感應到此處有何危險，但你時時保持戒備，在這座森林裡是明智之舉。
The staff of this boar spear is made of the sacred oak and the spearhead forged by the Black Knight himself.	這支獵豬矛的矛桿取自聖橡木，矛頭則由黑武士親手鍛造。
I will fasten it beneath your steed's trappings, so it will be secure until needed.	我會將它繫在你坐騎的鞍具下方，妥善收好，待用時取出。
'Tis done.  But be warned, m'lord, the spear draws its power from the Forest itself and cannot be taken away from it.	辦妥了。但吾王須知，這支長矛的力量源自森林本身，不能被帶離此地。
I am called Hugo the Bold.	人稱我作「無畏雨果」。
Ask the Hunter.	去問那獵人吧。
The Hunter would likely know more than I.	獵人知道的，多半比我還多。
This boar spear once belonged to the Black Knight and is powerful enough to kill even the giant boars of this Forest.  He has laid an enchantment on it so that it belongs to the Forest and cannot be taken from here.	這支獵豬矛曾屬於黑武士所有，威力足以誅殺這座森林裡的巨型野豬。他在矛上施了法術，使它歸屬於森林，無法帶離此地。
We are very poor and I have five children to feed.	我們家境貧寒，還有五個孩子要養活。
I have no lances, only my spears.	我沒有長槍，只有這些長矛。
You see the results of many weary days of work, m'lord -- hare, fox and squirrel pelts.	吾王您瞧，這是我多少個勞苦日子的成果——野兔、狐狸與松鼠的毛皮。
I notch together branches and sticks and use them for drying skins.	我把樹枝與木棍刻榫拼接，用來晾曬獸皮。
That is a most unhappy looking mule you have, m'lord.	吾王您這頭騾子，瞧著可真是愁眉苦臉。
I fear the danger of the forest was too much for it. That is one reason I never bring a pack animal with me.	恐怕是這森林裡的凶險嚇壞了牠。這也是我從不帶馱獸同行的原因之一。
Aye, it is a noxious pest.  I give it bits of tin to keep it happy.	是啊，那是個惹人厭的討厭鬼。我拿些碎錫餵牠，好讓牠消停。
Cernunnos is the God of the Hunt.	Cernunnos 乃狩獵之神。
Even one copper coin would be of much use to me, sire, and help greatly to loosen my tongue.	哪怕一枚銅幣，對我都大有用處，陛下，也能讓我這張嘴更樂意開口。
The forest is full of terrible dangers. I survive by remaining carefully upon the outskirts of it.	這座森林充滿可怕的危險。我之所以能活下來，全靠謹慎地待在林緣一帶。
He is a part of this forest, binding its power to him with dark magicks.  You must face his challenge, m'lord, if you wish to reach the Tor.	他已與這座森林融為一體，以黑暗法術將其力量繫於己身。吾王若想抵達那座山，就必須迎戰他的挑戰。
Which knight, m'lord?	是哪一位騎士，吾王？
Aye, that goodly knight came this way and rode on into the Forest to reach the Tor where he hoped to find the Grail.	是的，那位良善的騎士確實經過此地，策馬深入森林，欲往山上尋找聖杯。
But I fear he has met an evil fate, for he did not pass this way again.	但恐怕他已遭逢不幸，因為此後再也不曾見他經過此地。
I know nothing of him, m'lord.	我對他一無所知，吾王。
The local legend goes that Joseph of Arimathea brought the holy cup here from Jerusalem and hid it upon Glastonbury Tor.  That is all I know of it.	當地流傳的傳說是，亞利馬太的約瑟從耶路撒冷將聖杯帶到此地，藏於格列斯登伯利山上。我所知的僅止於此。
I would not dare to search there myself, because of the Mad Monk.	我自己是不敢前去搜尋的，因為那瘋僧侶在那裡盤據。
Sire, a strange monk has taken up residence in the ruins atop Glastonbury Tor.  He has surrounded the base of the Tor with a sorcerous barrier and stones that speak!	陛下，一名古怪的僧侶已在格列斯登伯利山頂的廢墟中住了下來。他在山腳布下了法術屏障，還有會說話的石頭！
The giant boars of this forest are especially dangerous.  Only a boar spear of the greatest strength is effective against them.	這座森林裡的巨型野豬格外凶險，唯有最強韌的獵豬矛才能制服牠們。
Aye, there is a dreadful hag that turns men to stone. Beware of her.	是的，這裡有個可怕的老巫婆，能把人變成石頭。務必提防她。
The bones of knights vanquished by the Black Knight are often left in the forest as a warning.  I pray yours will not be amongst them.	那些被黑武士擊敗的騎士，屍骨常被棄置林間以示警戒。我祈求您的骨骸不會添列其中。
Nothing I can tell you about that would be of value to you, m'lord.	關於此事，我實在說不出什麼對吾王有用的話。
What a mean and petty demand for a king to make. Leave such venal matters to your tax collectors.	這等卑劣瑣碎的要求，豈是一位君王該提的？這類貪鄙之事，就交給你的稅吏去辦吧。
Forgive me, m'lord, but the tax collector came by last week and took my last copper coin.	恕罪，吾王，稅吏上週才來過，把我最後一枚銅幣也收走了。
Leave that to the tax collectors, Arthur.  It is far beneath your dignity to do such a job.	這種事就交給稅吏去做吧，亞瑟。親自過問，實在有失你的身分。
A strange word, m'lord.  I do not understand its meaning.	這詞真怪，吾王。我不明白它的意思。
Tis an honor to be acknowledged by you, m'lord.	承蒙吾王垂顧，實乃莫大榮幸。
Aye, m'lord.  So I judged from your royal bearing, magnificent horse, and the symbol of Pendragon upon your shield.	正是，吾王。我是從您那王者的氣度、雄駿的坐騎，還有盾牌上潘德拉貢的紋章看出來的。
Having spoken with Sir Gawaine, I know something of what you seek.  You have but to ask and I will gladly share what I know, especially about the Mad Monk of Glastonbury and the Grail.	我曾與高文爵士交談過，因此略知您所尋為何物。您只管開口相問，我必樂意告知所知一切，尤其是格列斯登伯利的瘋僧侶與聖杯之事。
I am but a poor man, m'lord, but perhaps in some small way I may be of service to you.  Aye, tis a hard life in the forest to earn a few thin coins to feed my family.	我不過是個窮苦人，吾王，但或許還能盡些微薄之力為您效勞。是啊，在這森林裡討生活著實艱苦，為了幾枚薄幣養家糊口。
He is a good fellow, but smells a bit gamy.	他是個好人，只是身上有股獵物的腥氣。
From the impoverished look of him, that might best be accomplished by giving him money.	從他窮困的模樣看來，給他些錢財，或許是最好的辦法。
You have no cause to attack his man.  If you are angry for some reason, look to your own faults and remember that a king must set an example by his behavior.	你沒有理由攻擊他的人。若你有什麼緣故動怒，該先反省自身的過失，別忘了君王須以身作則。
By Cernunnos, I am a true man, not a bloody courtier!	以 Cernunnos 之名起誓，我是個道地的漢子，不是什麼該死的朝臣！
I may be a loyal servant, but if you dare to insult me in such a fashion, you may find an intimate portion of yourself skinned and hung to dry!	我雖是忠心的僕從，但你若膽敢如此羞辱於我，小心自己身上某個隱私部位被剝了皮、掛起來風乾！
There is no room in your pack.  The Hunter has sworn to deliver them to Camelot and that is good enough.	你的行囊已無空間。獵人已立誓將它們送至肯萊特，這樣便已足夠。
They do not belong to you.	此物並非你所有。
But, m'lord, you already have the spear.	但，吾王，長槍已在你手中。
You are the king, Arthur, not some common bandit. The Hunter seems a reasonable man.  Obtain the spear in a manner that befits you.	你是國王，亞瑟，不是什麼尋常的盜賊。這獵人看來是個通情達理之人。你當以合乎身分的方式取得那把長槍。
What rubbish is this? You are a king.  Behave like one.	這是什麼胡言亂語？你是一國之君，該有一國之君的樣子。
I gave my last bit of tin to Widdershins.	我把最後一點錫器都給了 Widdershins。
My racks are but a few branches notched together. Nothing of worth to you, m'lord.	我這些架子不過是幾根刻了痕的樹枝拼湊而成，於吾王而言不值一提。
As you have guessed, I do carry a knife for hunting and skinning, but I could not part with it and still practice my trade.	如你所料，我確實隨身帶著一把獵刀，用來剝皮宰殺，但少了它，我這行當便做不下去了，恕難割愛。
They are yours, m'lord.  I will deliver them to Camelot for you, by my oath as your loyal man.	它們是吾王的了。我以忠僕之名立誓，會替你把它們送到肯萊特。
You have generously given me the price of the skins already, m'lord.  Consider them yours.	吾王已慷慨付清了這些獸皮的價錢，就當它們是你的吧。
Since your mission is clearly urgent, I give you my oath of honor to deliver them safely to Camelot for you.	既然你的使命顯然十萬火急，我便以名譽立誓，會安全地替你送到肯萊特。
I would be happy to sell them to you, m'lord, for but a single silver coin.	吾王若肯出一枚銀幣，我很樂意割愛。
You have been more than generous to me.  Allow me to give the spear to you.	你待我已是仁至義盡，容我將這把長槍奉上。
I would sell this spear to no other man save you, m'lord.  Forgive my audacity, but the spear is of such value, I could not part with it for less than the price of a gold coin.	這把長槍，除了吾王，我誰也不賣。恕我斗膽直言，此槍價值不菲，若非一枚金幣，我實難割捨。
But sire, you have not asked to buy anything from me.	但陛下，您還沒開口向我買什麼東西呢。
Your entire purse, m'lord? I could not!  I am not a greedy man, only a needy one.	吾王的整個錢囊？這萬萬使不得！我並非貪婪之人，只是手頭拮据罷了。
I am not a man of war.  Such things are not for me.	我不是個好戰之人，這些東西與我無緣。
I would not dare to even lay hands upon it!	我連碰都不敢碰它！
I beg your pardon, sire, but I see no horse.	恕我直言，陛下，我沒見著什麼馬。
A noble offer!  Yet as a poor man, I could never afford to care for such a huge beast.	好慷慨的提議！只是我不過一介窮人，實在養不起這麼大的牲畜。
I have never been fond of mules since I was badly bitten by one.  I beg you to keep it.	自從被一頭騾子狠狠咬過之後，我便對牠們無甚好感。還請你自己留著吧。
Even if you find the mule, what use would I have for a creature that would run away when I enter the Forest?	就算找回那頭騾子，牠一進森林便要逃竄，我留著又有何用？
Without a horse, m'lord, such things are of no use to me.	沒有馬，吾王，這些東西對我毫無用處。
Your generosity is a credit to your name, but you will need it more than I.	你的慷慨足以為你的名聲增光，但你比我更需要這個。
Tis a lovely thing, but of no use to me.	這東西是挺可愛，只是對我沒什麼用處。
I have heard of such wondrous things, but I will not touch it, thank you all the same.	我聽聞過這等奇物，但還是不碰為妙，多謝美意。
Nay, pardon me, but I shall not touch this lady's sleeve.  It belongs to a man who died for her love at the hands of the Black Knight and I would not disturb his ghost.	不，恕我不能碰這條夫人的絲巾。它屬於一位為她的愛情、死於黑武士之手的男子，我不願驚擾他的亡魂。
Nay, m'lord.  It is yours now.  May it serve you well.	不必了，吾王。這如今是你的了，願它能為你所用。
My racks are naught but a few branches notched together.  Nothing of worth to you, m'lord.	我這些架子不過是幾根刻了痕的樹枝拼湊而成，於吾王而言不值一提。
Though I love to barter as much as the next man, I sense that your mission is important and you are anxious to ride on.	雖說我和誰都愛討價還價，但我看得出你的使命重大，急著上路。
The price of a silver coin is all I ask.	我只求一枚銀幣的價錢。
I am open to offers, m'lord, if you can but make them clear to my simple mind.	吾王若有意出價，儘管明說，我這粗淺的腦子自會明白。
Why, m'lord?	為何，吾王？
For what, m'lord?	所為何事，吾王？
Thank you, m'lord!  And by my word as your loyal man, I will deliver them personally to Camelot.	多謝吾王！我以忠僕之名立誓，必親自將它們送到肯萊特。
With all respect, sire, this is not quite enough.	恕我直言，陛下，這還不太夠。
Bless you, m'lord!  I will fetch the spear.	願神保佑吾王！我這就去取長槍來。
I--I am nearly speechless at such a gift!  A thousand blessings upon you!  My family and I will pray for you every night and light candles in your name at church.	我——這樣的厚禮，教我幾乎說不出話來！千萬個祝福都不足以回報你！我全家將每夜為你祈禱，並在教堂為你點上蠟燭。
Bless you, m'lord, bless you!  I shall sing your praises to every man I meet!	願神保佑吾王，保佑吾王！我逢人便要傳頌你的美名！
May Cernunnos, God of the Hunt, bless you!  If there is any advice I may give you, you have but to ask.  And heed this warning: beware the Mad Monk of Glastonbury!	願狩獵之神 Cernunnos 保佑吾王！若有什麼建言，只管開口便是。還有一句忠告，請務必謹記：小心格列斯登伯利的瘋僧侶！
Listen! There is a rustling in the bushes. Something heavy approaches.	聽！灌木叢裡傳來窸窣聲，有什麼沉重的東西正在靠近。
The spear has sunk deeply into the carcass. Your final blow was your most powerful.	長槍深深沒入了屍體。你這最後一擊，是全程中最有力的一下。
Where there is decay, there will be flies.	有腐敗之處，必有蒼蠅聚集。
Sorrow not over the death of these savage creatures. They would just as readily have gutted you.	不必為這些凶殘野獸的死而傷懷，牠們同樣會毫不猶豫地開膛破你的肚腹。
Continue your search.	繼續你的搜尋。
There is the inevitable aftermath of battle -- blood and death.	這是戰鬥過後在所難免的景象——鮮血與死亡。
You fought well, but it is not a pretty sight.	你這一戰打得漂亮，但眼前的景象卻不忍卒睹。
It has sunk deeply into the carcass. Your final blow was your most powerful.	它深深沒入了屍體。你這最後一擊，是全程中最有力的一下。
There is plenty of it.	這東西多得是。
Boars have deadly tusks and an evil temperament to match.	野豬有致命的獠牙，脾性也同樣兇惡。
Ridiculous.	荒謬。
Forget the spear. It will serve you no more.	別管那把長槍了，它再也派不上用場。
The battle is over.	戰鬥已經結束。
The boars are dead. What would that accomplish?	野豬已經死了，這麼做又有何意義？
It is too firmly wedged inside the boar. You must leave it there, I fear.	它牢牢卡在野豬的屍身裡，恐怕你只能就此放棄了。
That would be a long, tedious and bloody job. Your mission is urgent. Leave the spear as it is.	那將是一件冗長、繁瑣又血腥的工作。你的使命緊急，就讓長槍留在原處吧。
Although the flesh of the wild pig is delicious, it would take much time and effort which you do not have to spare.	野豬肉雖然美味，但處理起來費時費力，你並沒有多餘的時間。
Your humor leaves much to be desired.	你這玩笑開得，實在不怎麼高明。
How unsavory. Even the followers of Mithras no longer practice this. Now they drink wine instead of blood in their resurrection rituals. The Christians have followed this tradition as well.	真是令人作嘔。就連米夏拉的信徒如今都已不再這麼做，他們在復活儀式中改以酒代血，基督徒也沿襲了這個作法。
Your ferocious battle has driven any other boars away, luckily for you.	你這場凶猛的搏鬥，已把其餘的野豬都嚇跑了，算你走運。
That would be boring.	那未免太乏味了。
The normal sounds of the forest have returned, along with the buzzing of the flies.	森林恢復了尋常的聲響，還夾雜著蒼蠅的嗡嗡聲。
All is deathly silent in the aftermath of this struggle.	這場搏鬥過後，四下一片死寂。
The strong, foul odor of the boars overwhelms all else.	野豬身上濃烈的惡臭，蓋過了一切其他氣味。
You cannot help such creatures. The giant boars of the Forest Perilous live only to kill.	這種生物你幫不了。派瑞樂斯森林裡的巨型野豬，生來便只為殺戮。
If this were a hunt, perhaps it would be worth the toil, but you are on a sacred mission. It is time to move on.	若這只是一場狩獵，或許值得如此費力，但你身負神聖的使命，該是啟程的時候了。
Mighty as Excaliber is, it is not long enough to kill the boar before it can reach you.	聖劍雖然威力強大，卻不夠長，來不及在野豬撲到你身前將牠擊殺。
Listen! There is a rustling in the bushes.  Something heavy approaches.	聽！灌木叢裡傳來窸窣聲，有什麼沉重的東西正在靠近。
The boars have trampled the ground here keeping it clear of the thick undergrowth which borders it.	野豬在此地踐踏出一片空地，四周濃密的灌木叢因而不得侵入。
The boar has gored you to the core. Alas, King Arthur is no more.	野豬的獠牙深深刺穿了你的要害。唉，亞瑟王，就此殞落。
That is one crow we can do without.	少了這隻烏鴉，倒也無妨。
Heed the words of the crow, for it is no ordinary bird.  It is the voice of the Black Knight.	留意這烏鴉所言，牠並非尋常飛禽，而是黑武士的化聲。
'Tis a Father Tree.  Sometimes, if you are worthy enough, such wise and ancient beings will even speak with you.	這便是老父樹。有時，若你夠格，這等睿智的古老生靈甚至願意開口與你交談。
Clearly, he was once a stout knight.  Naught is left but a bit of armour, his bones picked clean by the crow.	顯然，他生前曾是位健壯的騎士。如今只剩下幾片盔甲，骨頭早被烏鴉啄得乾乾淨淨。
Clearly, he was once a stout knight.  Naught is left but a bit of armour, his bones picked clean by the crow, and a bit of brightly colored silk.	顯然，他生前曾是位健壯的騎士。如今只剩下幾片盔甲、被烏鴉啄得乾乾淨淨的骨頭，還有一小片色彩鮮豔的絲巾。
The rock juts from the heart of the forest like a jagged tooth.  There is evil power within it.	這塊岩石從森林深處突出，宛如一顆參差的獠牙，其中蘊藏著邪惡的力量。
These mushrooms are of the species Amanita Muscaria. They are very dangerous at the best of times, and said to cause madness or death.	這些蕈菇屬於毒蠅傘一類，即便在最尋常的情況下也極為危險，據說會致人瘋狂或死亡。
The clearing is as you left it, but now, to your everlasting shame, this poor soul is no longer the only dead knight in the forest.	這片空地一如你離去時的模樣，但如今，令你永生蒙羞的是，這可憐的亡魂已不再是森林裡唯一的亡故騎士。
I fear the lady may well have found her dead knight and it has brought her only grief.  Alas, alas, this life is but a vale of tears.	我恐怕那位夫人已經找到她亡故的騎士，卻只換來滿心悲痛。唉，唉，人生不過是一場淚水的谷地。
Little has changed, except for signs that your horse passed this way bearing Sir Gawaine back to Camelot.	此地大致如舊，唯有些痕跡顯示你的坐騎曾馱著高文爵士自此經過，返回肯萊特。
You have reached the heart of the forest where its dark power dwells.  It seems another unfortunate soul was here before you.	你已抵達森林深處，這股黑暗力量的所在。看來在你之前，還有另一個不幸的靈魂曾到過此地。
Only his bare bones remain, rattling in their shell of iron.	只剩下光禿禿的骸骨，在鐵甲的軀殼裡喀啦作響。
There is a piece of brightly colored silk tucked inside the armour.	盔甲裡塞著一片色彩鮮豔的絲巾。
There is nothing to gain by that.	這麼做並無所得。
He is the evil power that makes this forest so perilous.	他正是讓這座森林如此凶險的邪惡力量。
Once it was fine metal, now it is rusted and useless.	它曾是精良的金屬，如今已鏽蝕不堪，毫無用處。
The piece of silk was a lady's sleeve, a token to wear into battle.  We can only wonder what sad story was his, what favour he sought to win, and the sorrowful fate of the lady that may have awaited him with fading hope.	這片絲巾是一位夫人的衣袖，是他佩戴上戰場的信物。我們只能猜想，他有著怎樣悲傷的故事、渴望贏得誰的青睞，還有那位懷抱漸漸消逝的希望等待著他的夫人，又遭逢了何等悲涼的命運。
You cannot see what is not there.	不存在的東西，你看不見。
They are of the species Amanita Muscaria, a very dangerous mushroom at the best of times, said to cause madness or death.	它們屬於毒蠅傘一類，即便在最尋常的情況下也極為危險，據說會致人瘋狂或死亡。
But here in the Forest Perilous, they are doubly dangerous.  For if you so much as touch these mushrooms, you will be compelled to eat them.	但在派瑞樂斯森林裡，它們危險加倍——只要你一碰觸這些蕈菇，便會身不由己地把它們吃下肚。
There are no flowers nearby--only mushrooms.	附近沒有花，只有蕈菇。
It cannot be moved.	它無法被移動。
It juts from the heart of the forest like a jagged tooth.  There is evil power within it.	它從森林深處突出，宛如一顆參差的獠牙，其中蘊藏著邪惡的力量。
Most of the trees here are quite ordinary, but this one hoary, leafless tree may well be the eldest of them all.	這裡的樹大多平凡無奇，唯獨這株灰白、落盡了葉的老樹，很可能是其中最古老的一株。
It will be a grievous moment when Lady Elayne find the remains of her beloved knight.	當艾蓮公主找到她心愛騎士的遺骸時，那將是何等椎心之痛的一刻。
You already have a sleeve.	你已經有一條絲巾了。
You cannot get what is not there.	不存在的東西，你拿不到。
Odd.  Although this lady's sleeve has surely been here as long as the dead knight, it is as new as the day the lady wore it.  There is magick involved here.	奇怪。這條夫人的絲巾理應和亡故的騎士一同留在此地已久，卻新得彷彿夫人才剛佩戴過一般，其中必有魔法在作祟。
Your arms are not quite that long.	你的手臂沒有那麼長。
He said all he needed to say.  He will return nevermore.	他該說的話都已說完，不會再回來了。
Who dares to speak to Old Father Tree? You are but a twinkle in time, mortal.  Let me sleep the long and dreamless sleep of deep roots and sun on branch.	何人膽敢與老父樹交談？凡人啊，你不過是時光中一閃即逝的微光。且讓我沉入那深根與枝頭陽光交織的漫長無夢之眠吧。
Do not disturb him further, Arthur.  He is an old and weary tree.	別再驚擾他了，亞瑟。他是一株年邁而疲憊的樹。
That would not be much of a conversation.	那算不上什麼交談。
If you are greeting the dead knight, I fear he has long since ceased to care about such things.	你若是在向亡故的騎士問候，恐怕他早已不再在意這些事了。
They are dangerous.  Leave them be.	它們很危險，別去招惹。
I warn you most strongly, the merest touch of these mushrooms will compel you to eat them with the most dire results.	我要嚴正警告你，這些蕈菇哪怕只是輕輕一碰，都會逼得你把它們吃下肚，後果不堪設想。
There is no need to desecrate this poor dead knight.	沒有必要褻瀆這位可憐的亡故騎士。
Long has this unfortunate knight lain here, but you have not the time now to do him such a service.	這位不幸的騎士已在此長眠許久，但你此刻沒有時間為他做這件事。
This unfortunate knight is beyond your ability to help or hinder.	這位不幸的騎士，已非你的能力所能相助或妨礙。
The dead knight's armour is old and rusted and of no use to you.	亡故騎士的盔甲已老舊鏽蝕，對你毫無用處。
It would be futile to try.	嘗試也是徒勞。
He is gone, as I would hope you noticed.	他已經走了，我想你也該注意到了。
This stone would defy you.  You are well advised to leave it alone.	這塊石頭會與你對抗，你最好別去招惹它。
That is beyond your power or mine.	這已超出你我的能力範圍。
The knight has been dead far too long to be a threat to you.	這位騎士死去已久，早已構不成任何威脅。
Rawk!  I have no need for mortal toys.	呱！凡人的玩物，我用不著。
I doubt the dead knight has any interest in it.	我看那位亡故的騎士，對此不會有什麼興趣。
He is long past help, Arthur.	他早已無法可救了，亞瑟。
Rarawk!  Try it if you dare.  You will never touch me.	呱啦！有膽你就試試看，你永遠碰不到我。
The creature deserves it, but is not here for the attempt.	這畜生是罪有應得，只是牠此刻並不在此，由不得你動手。
O Fool, you seek death by coming here.  Turn back now or die!	愚者啊，你來到此地，便是自尋死路。速速回頭，否則便是一死！
Hear me, then, O Brave Fool.  The Black Knight is the greatest of all knights.  None have beaten him.  He is invincible.  Even Sir Gawaine was grievously wounded.	那便聽好了，勇敢的愚者。黑武士是天下第一的騎士，從無人能勝過他，他所向無敵。就連高文爵士也被他重創。
The Black Knight awaits you for a joust to the death.  Do you accept the challenge?	黑武士正等著與你來一場生死決鬥。你可願接受挑戰？
Then you must turn back, for you cannot pass this way through the forest without facing the Black Knight.	那你便得回頭，因為不與黑武士一戰，你休想從這條路穿越森林。
Crawk!  I shall delight in feeding on your bones when the Black Knight has finished with you!  I shall pluck out your eyes and peck at your bloody heart!	嘎呱！待黑武士收拾了你，我便能歡歡喜喜地啃食你的骨頭！我要啄出你的雙眼，啄食你血淋淋的心臟！
I have no time to waste on fools.  Turn back now or face him and die.	我沒空浪費在愚者身上，快回頭，否則便去見他，一死了之。
Would I tell such a fool as you even if I knew?	就算我知道，我又何必告訴你這樣的愚人？
He is a prisoner of the Black Knight and dies slowly of the wounds he received.	他是黑武士的階下囚，正因所受的傷勢緩緩步向死亡。
I know nothing of this knight.  Another fool like Gawaine and you, no doubt.	我對這位騎士一無所知。想必又是個像高文和你這樣的傻子。
It will not answer.  It is sent by the Black Knight to taunt you, nothing more.	牠不會回應。牠是黑武士派來嘲弄你的，僅此而已。
You must answer the crow, Arthur.	你必須回應那隻烏鴉，亞瑟。
Of all the stubborn fools there be, I never saw such a fool as thee, You shall keep yon knight good company, And nourish the roots of Old Father Tree.	天下冥頑之徒何其多，卻不曾見過你這般執迷不悟；你將與那騎士結伴長眠，去滋養老父樹深埋的根。
There is no escape, unless I allow you to pass.  But the price of safe passage is high indeed.	此地無法脫逃，除非我允你通行。但安然通行的代價著實高昂。
Waste no time with empty words of politeness.	莫要浪費時間在虛情假意的客套話上。
That is not within your power.	那不在你的能力範圍之內。
You cannot joust with a sword.  If you accept the joust, he must perforce provide you with a jousting lance.	你不能用劍進行馬上比武。若你接受比武，他勢必得為你備妥一支比武用的長槍。
By this, I assume you mean a jousting lance.	如此看來，我猜你指的是一支比武用的長槍。
Were I with you in person, I could overcome this spell, but this is your mission and you alone must make the choices and seek the path to the Grail.	若我能親自隨你在此，或許能破除這道咒法，但這是你的使命，唯有你能自行抉擇、尋得通往聖杯的道路。
I have no use for money.	我用不著錢財。
I have no use for it.	我用不著這個。
For that insult, I shall take special pleasure in slaying you.	為了這番侮辱，我將格外樂於取你性命。
I will give you my ultimatum soon enough.	我很快便會向你下最後通牒。
Not even I know where the Grail is hidden.	就連我也不知聖杯藏於何處。
He is my prisoner.	他是我的階下囚。
I know nothing about this knight.	我對這位騎士一無所知。
My crow warned you.  You should have heeded the warning.	我的烏鴉早已警告過你，你本該聽從那警告的。
I am the Black Knight, fool.	我便是黑武士，蠢貨。
I have no equal in jousting.  You shall surely die.	馬上比武無人能與我匹敵，你必死無疑。
The black knight does not respond.	黑武士並未回應。
You disgust me.	你令我作嘔。
Praise all the powers that be! You are victorious, my king.	讚頌一切神明的力量！吾王，你得勝了。
This is no natural foe.  Nothing can be seen inside his dark, bat-winged helm and his voice is like an echo from the grave.	這絕非凡俗之敵。他那頂飾有蝙蝠翼的黑色頭盔內漆黑一片，什麼也看不見，聲音則彷彿來自墳塋深處的回響。
The Black Knight has caused a hedge to grow into a natural jousting lane divider.	黑武士使一道樹籬生長成天然的比武賽道分隔。
The Black Knight is gone.	黑武士已然離去。
Hurry on, Arthur! Gawaine must be close by!	快走，亞瑟！高文必定就在附近！
What advice can I give a fool?	我能給一個蠢貨什麼忠告？
You must joust the Black Knight if you would save Gawaine.	你若想救高文，就必須與黑武士一決比武。
Your foe awaits you at the other end of this jousting hedge.	你的對手正在這道比武樹籬的另一端等著你。
The Black Knight's body has vanished, as is to be expected with such a supernatural being.	黑武士的軀體已然消失，這等超凡之物，如此結局本在意料之中。
Only the jousting hedge remains as proof that the Black Knight was ever here.	唯有那道比武樹籬留下，證明黑武士確曾在此。
You have seen the last of him.	你已見過他最後一面。
He bears no special device.	他身上並無特殊的紋章。
I see nothing here but forest and hedge.	我在此處除了森林與樹籬，什麼也沒看見。
His helmet is adorned with two bat-like wings.	他的頭盔飾有兩片狀似蝙蝠翼的裝飾。
There is nothing to be seen there.	那裡什麼也看不見。
The jousting lane on the other side is exactly the same.  The Black Knight has not taken any unfair advantage.	另一側的比武賽道與此處完全相同，黑武士並未佔任何不公的便宜。
It is the same as this side.	與這一側相同。
It takes two to joust.	比武需要兩人方能成局。
You will pass unmolested, thanks to your cowardice. I do not know how you can bear the shame of it.	憑著你的懦弱，你將得以安然通過。我實在不明白，你如何承受得起這份恥辱。
The Black Knight is vanquished.  There is no need to escape.	黑武士已被擊敗，無須再逃。
The Black Knight is gone and left nothing behind.	黑武士已經離去，未留下任何東西。
You will not find one here.	此處找不到那樣東西。
That you can only do if you defeat the Black Knight.	唯有擊敗黑武士，你才能這麼做。
You have a chance now to save Gawaine.  Do not delay!	你現在有機會救出高文，切莫遲疑！
You have done all you could.  His fate is no longer in your hands, but that of Camelot is.  Seek the Grail.	你已盡了全力，他的命運已不再操於你手，但肯萊特的命運仍是。去尋找聖杯吧。
You can try, King Arthur, as others have died trying.	你儘管一試，亞瑟王，正如許多人曾因此一試而喪命。
You have already won your victory.	你已然贏得了這場勝利。
Too late for a show of bravado now.  The evil deed is done.	此刻逞英雄已為時已晚，惡行已然鑄成。
Your sword is of no use here.  The Black Knight has set the terms of combat as a joust.	你的劍在此無用武之地。黑武士已定下以馬上比武決勝負的條件。
Hold, King Arthur.  Do not seek to move.  Not even Merlin can free you from my power in this place.	且慢，亞瑟王。休要妄動。在此地，就連梅林也無法將你從我的力量中解救出來。
Here are your choices.	這是你的選擇。
In the forest beyond me, I have imprisoned your friend, Sir Gawaine.  He is sorely injured and shall die soon without help.  To free him, you must joust with me.	在我身後的森林裡，囚著你的摯友，高文爵士。他傷勢慘重，若無人相助，不久便將喪命。要救他，你必須與我比武。
Three times you must unhorse me before I can die.  Three times must I unhorse you to slay you.  The first knight to strike the third blow is the victor. No matter who wins, Gawaine will go free.	你須將我三度擊落馬下，我方能一死；我也須三度將你擊落馬下，方能取你性命。誰先擊出第三擊，誰便是勝者。無論誰勝，高文都將獲釋。
But if you joust with me, you will surely die.  Therefore I give you one other choice:  I will let you pass untouched.....but I will take Gawaine's life in exchange.	但若你與我比武，你必死無疑。因此我給你另一個選擇：我可讓你安然通過……但代價是高文的性命。
I lay the challenge before you.  Will you joust with me for the life of Sir Gawaine?	我在此向你下戰帖。你可願為高文爵士的性命，與我一戰？
Will you joust with me? Answer aye or nay.	你可願與我比武？請輸入「aye」或「nay」作答。
You are a weakling and a coward.  Gawaine's life is mine and you are free to go.	你是個弱者，也是個懦夫。高文的性命歸我了，你可自行離去。
Will you joust with me? Answer aye or nay.  You have no other choices.	你可願與我比武？請輸入「aye」或「nay」作答，你別無他選。
You are held fast by the power of the Black Knight.	你被黑武士的力量牢牢禁錮住了。
You are a worthy opponent.  Take up your lance and let the joust begin!	你是個夠格的對手。持起你的長槍，比武開始！
Dead men tell no tales.	死人不會洩露秘密。
Though I....did not reach the Tor....I believe it is in the possession.....of the Mad Monk of Glastonbury.	雖然我……未能抵達那座山……我相信它落在……格列斯登伯利的瘋僧侶手中。
Alas....I have not seen or heard of him since I left Camelot.	唉……自我離開肯萊特後，便再也沒見過他，也沒聽過他的消息。
Though I....did not reach the Tor....I believe the Grail is held.....by the Mad Monk of Glastonbury.	雖然我……未能抵達那座山……我相信聖杯落在……格列斯登伯利的瘋僧侶手中。
Ah...my story is not a happy one. To be defeated....by the Black Knight....I cannot bear to speak of it yet.	啊……我的遭遇並不順遂。竟敗在……黑武士手下……我此刻還無法對此啟齒。
Please, M'lord.  You must continue on with your quest.	求求你，吾王。你必須繼續你的探尋。
Now that you have saved Gawaine, concentrate once more upon your search.	如今你已救出高文，該再度專心於你的尋索之上了。
Gawaine is close to death and urgently needs help.	高文命在旦夕，亟需援手。
You let Gawaine die. I have nothing to give you at this moment but contempt.	你任由高文死去。此刻我除了鄙夷，再也給不了你別的。
This place should look familiar. It was here that you freed Gawaine and sent him back to Camelot.	這地方你應當眼熟。正是在此處，你救出了高文，並送他回肯萊特。
Gawaine's injuries are serious. Only the physicians of Camelot may be able to save him.	高文傷勢嚴重，唯有肯萊特的醫師或許還能救他。
In spite of his injuries, Gawaine has been left shackled to a massive tree.  The Black Knight shows little mercy.	高文雖已負傷，卻仍被鎖鏈拴在一株巨樹之上，黑武士毫不留情。
Naught but the proof of your shame awaits you here.  The massive tree before you marks the place where Gawaine's bones shall lie.	此處只餘你恥辱的證明。眼前這株巨樹，便是高文屍骨將要長眠之地。
He is not here.	他不在這裡。
The Black Knight still rules supreme in this forest, thanks to your cowardice.	拜你的懦弱所賜，黑武士依舊在這片森林裡稱王稱霸。
You have vanquished him, to your great glory.	你已擊敗了他，這是你莫大的榮耀。
The shackles are made of metal, sunk too deeply into the tree to pull them free, but the metal itself is not thick.	這鎖鏈是金屬打造的，深深嵌入樹身，難以硬拔脫離，但金屬本身並不厚實。
The remains of the shackles shall serve as a reminder of suffering ended.	這殘留的鎖鏈，將成為苦難已然終結的提醒。
He is safe.  Worry not.	他安然無恙，不必擔心。
I am so filled with contempt that you allowed your great friend and noble knight to die, that I can offer you no words of wisdom or comfort.	你竟任由摯友、那位高貴的騎士死去，我心中滿是鄙夷，再也給不出任何忠告或慰藉之言。
The most important thing to do is see that Gawaine reaches Camelot as quickly as possible.  But you must continue to search for the Grail.	眼下最要緊的，是設法讓高文儘快抵達肯萊特。但你仍須繼續尋找聖杯。
Gawaine is gone.	高文已經不在了。
Gawaine is still alive, barely.  Hanging from the shackles must pain him cruelly.	高文尚存一息，僅此而已。懸吊在這鎖鏈上，想必令他痛苦不堪。
Gawaine is very ill and weak.  He must go back to Camelot and be tended by a healer at once, or he will die here, but he will never make it back on foot.	高文病重體弱，必須立刻回肯萊特由醫者診治，否則便會死在此地；但他絕無可能徒步走回去。
The Black Knight has taken his life. Aye, well you should tremble at the sight. This crime lies heavily upon your own soul and will never be cleansed, no matter how you seek to right it.	黑武士已取走他的性命。是的，你見此情景理當心驚。這樁罪責將沉沉壓在你自己的靈魂之上，無論你如何試圖彌補，都永難洗清。
Alas, Gawaine, the noble Gawaine is dead.   Perhaps he died of his injuries, but I fear it was your indifference that struck the final blow.	唉，高文，高貴的高文死了。或許他是傷重不治，但我擔心，真正給予最後一擊的，是你的漠然。
He has returned to Camelot for healing.	他已回到肯萊特接受療傷。
Though he is cut and bleeding, I fear his most serious injuries may not be as obvious to the eye.	雖然他身上有傷口在流血，但我擔心他最嚴重的傷勢，未必是肉眼能看得出來的。
Does it matter how he died, be it of injuries or grief that his own king betrayed him?  He is dead.	他究竟是死於傷勢，還是死於得知自己的王背叛了他的哀痛，這重要嗎？他已經死了。
It is a huge tree.	這是一株巨樹。
Your horse has disappeared. It must have went back to Camelot.	你的坐騎已經消失了，想必是自行回了肯萊特。
I cannot believe such filth... from the lips of my own king!	我不敢相信……這等污穢之言，竟出自我王之口！
The smell of blood, sweat and illness is nearly overwhelming.	血腥、汗臭與病氣的味道幾乎令人難以承受。
I fear... I am not... my usual fragrant self.	恐怕……我此刻……並非平日那般芬芳。
The odor of human death is not a pleasant one.	人之將死所散發的氣味，並不好聞。
I am disturbed by the labored quality of Gawaine's breathing.  He must reach Camelot as quickly as possible.	高文那沉重艱難的呼吸令我不安，他必須儘快抵達肯萊特。
The pall of solemn death enshrouds this place.	一股肅穆的死亡氣息籠罩著此地。
Sir Gawaine needs more than trivialities.	高文爵士所需要的，遠不止這些瑣碎之物。
He is nearby.	他就在附近。
You are the only one who can help him.  If he does not reach Camelot quickly, he will die.	唯有你能幫助他。他若不能盡快抵達肯萊特，便將喪命。
It is too late for that.  Gawaine is dead.	那已為時已晚，高文已經死了。
Concern yourself with such things after you have freed Gawaine from his suffering.	待你解救高文脫離苦難之後，再去掛心這些事吧。
All the money in the world will not restore Sir Gawaine to life.	縱有天下所有的財富，也無法使高文爵士死而復生。
Nay, m'lord.  I will not take....your money....for you may yet need it.	不，吾王。我不會收下……你的錢……你日後或許還用得著。
Gawaine needs no gift so greatly as he needs the gift of healing, which you cannot give him, I fear.	高文最需要的，莫過於痊癒這份禮物，恐怕那並非你所能給予的。
It is of no use to a dead man.	這東西對死者毫無用處。
It can do nothing for Gawaine.	這對高文於事無補。
What morbid thoughts.	好陰鬱的念頭。
It cannot wash the stain of Gawaine's death from your soul.  He will be enfolded into the body of mother earth and this ancient tree shall be his monument.	這洗不去高文之死在你靈魂上留下的污點。他將回歸大地之母的懷抱，這株古樹便是他的紀念碑。
For what you have allowed to happen, there can be no forgiveness.	對於你所縱容發生的事，沒有寬恕可言。
You have no need of forgiveness. Your virtue, at the moment, is intact.	你不需要寬恕。此刻，你的德行仍完好無損。
You do not have your mule.	你的騾子不在你身邊。
Nothing can help him until he is free of the shackles.	除非先解開鎖鏈，否則什麼都幫不了他。
Only the healers of Camelot can save him, if he can reach them in time.  He will never make it back on foot.	唯有肯萊特的醫者能救他，前提是他能及時抵達。他絕無可能徒步走回去。
Have no fear. Gawaine will be tended well in Camelot.	不必擔憂，高文在肯萊特會受到妥善照料。
My, your memory is short. You have already shattered the shackles.	哎呀，你的記性可真差，你早已打碎那鎖鏈了。
Nothing you do now can restore Sir Gawaine to life.	你此刻做什麼，都無法讓高文爵士死而復生。
You have dealt with the shackles.	你已經處理過那副鎖鏈了。
These shackles do not unlock.	這副鎖鏈並無鎖孔可開。
I am sure you will find a way.	我相信你會想出辦法的。
The shackles are securely anchored.  Can you think of nothing better to try.	這副鎖鏈固定得十分牢靠，你就想不出更好的辦法嗎？
Not all the sword brandishing in the world will return Gawaine to life. Be still.	縱使揮盡天下劍術，也無法使高文死而復生，且靜下心來吧。
There is no danger for the moment. Best to put up your sword lest it make Gawaine uneasy.	此刻並無危險，還是收起你的劍為好，免得讓高文心生不安。
There is no danger for the moment. Or did you have some other purpose in drawing your sword?	此刻並無危險。還是說，你拔劍另有別的用意？
This is one place where it would be best to use your sword on foot.	這是個最好徒步持劍應戰的地方。
There is no danger here. Be more specific about what non-violent use you portend.	此處並無危險。請說明白些，你打算做何種非暴力的用途。
Help me, Arthur. The pain....is terrible.	救救我，亞瑟。這痛楚……難以忍受。
Beware....the Mad Monk....of Glastonbury.	小心……格列斯登伯利的……瘋僧侶。
 Beg pardon, m'lud?	Beg pardon, m'lud?
 Douglas Herring	Douglas Herring
  Peter Ledger	 Peter Ledger
 Old Ones 	Old Ones
Score	分數
Mad Monk	 Mad Monk 
Normal	普通
 Restart 	重新開始
 Quit 	離開
  Save  	Save
Cancel	 Cancel 
Draw sword	拔劍
Sound off	關閉音效
Sound on	開啟音效
 Speed 	 速度 
 Action 	 行動 
 Information 	 資訊 
  Conquests of Camelot Credits  	  亞瑟王傳奇 製作群  
Restart	重新開始
Continue	繼續
Quit	離開
Volume (1 - 16)?	音量（1 － 16）？
Game paused	遊戲暫停
Game speed:	遊戲速度：
Medium	中速
Give Money	給錢
About Camelot`^c:Help`#1	關於亞瑟王傳奇`^c：說明`#1
 File 	 檔案 
Save Game`#5:Restore Game`#7:--!:Restart Game`#9:Quit`^q	存檔`#5：讀取進度`#7:--!：重新開始`#9：離開`^q
 Game 	 遊戲 
Music Off`#2=1:Volume...`^v:--!:Pause Game`^p:Repeat`#3	關閉音樂`#2=1：音量。..`^v:--!：暫停`^p：重播`#3
Set Speed`^s:Faster`+:Normal`=:Slower`-:--!:Arcade Difficulty...	設定速度`^s：加快`+：正常`=：放慢`-:--!：戰鬥難度。..
Open Purse`^O:--!:Draw Sword`#8	打開錢袋`^O:--!：拔劍`#8
Inventory`^I:--!:Ask about`^a:Ask Merlin`^t:Look at`^l:--!:Show Score	隨身物品`^I:--!：打聽`^a：請教梅林`^t：察看`^l:--!：查看分數
Fast	快速
Slow	慢速
Hard	困難
Easy 	簡單 
Sheathe sword	收劍入鞘
