It is vital to your continued existence.  Which may not continue much longer with foolish notions like these.	此物攸關你的存續。若總是存著這等愚蠢念頭，你的存續怕是撐不了多久。
How can you part with something you do not possess?	你根本不曾擁有它，又怎能捨棄？
It is in your possession.	此物你已持有。
That is not here.	此處並無此物。
If you had a purse, you would be able to acquire money to give away.	若你身上備有錢囊，方能取得錢財贈人。
Never heard of such a coin.  Must be Turkish or some other heathen denomination.	從未聽聞這種錢幣，想必是土耳其或某個異教之地的幣制。
You cannot give away what you do not possess.	你不曾擁有之物，如何贈與他人？
It may be empty now, but a man's fortune can change. Best to hold onto it.	它此刻雖空，人的運勢終究會變，還是留著的好。
Think carefully before offering to give away all that you have.	在提出捨盡所有之前，先仔細想清楚。
To use it, you must recite the Message of the Rose.	若要使用它，你必須誦念玫瑰箴言。
I see no reason to use it now.	此刻並無使用它的理由。
You cannot use what you do not possess.	你不曾擁有之物，如何使用？
You have no reason to do that.	你沒有理由這麼做。
Talk to whom?	要與誰交談？
There is no need.	沒有這個必要。
Your horse is here.	你的坐騎就在此處。
Your horse is not here.	你的坐騎不在此處。
Mohammed has your mule.	你的騾子在穆罕默德那裡。
Nay, you can ill afford the time to do so.  You must go on with your mission.	不可，你耗不起這時間。你必須繼續你的使命。
Your mule is not here.	你的騾子不在此處。
The word "%s" sounds familiar, yet I cannot fathom your purpose in it.	「%s」這個詞聽來耳熟，我卻猜不透你此意何指。
Perhaps you should move closer.	或許你該再靠近一些。
First, you must have it. I cannot simply conjure it out of thin air for you.	你得先擁有它才行。我不能憑空為你變出來。
There is nothing of import to you here and urgent matters await you elsewhere.	此處並無要事，別處還有急事等著你。
You have further fortifications and docks along the edge of the lake.  You may come here again someday, if happier times return.	湖畔另有防禦工事與碼頭。若有朝一日時局好轉，你或許還會再回到這裡。
This is the ladies' tower and you have no business there at the moment whatsoever.	這是女眷居住的高塔，此刻你與此處毫無瓜葛。
This is the front gate and tunnel, heavily guarded and sealed with gates and a portcullis.  You reach it through the outer courtyard.	這是前門與甬道，守衛森嚴，以城門與閘門封鎖。你得經外庭方能抵達。
You have granted possession of this small tower room to me where only the brave dare to tread. And even then, with caution.	你已將這間小塔室賜給了我，唯有勇者敢踏入此地，即便如此，仍須萬分小心。
This is the hilltop on which Camelot rests.	這是肯萊特城堡所在的山丘。
It is your own room, King Arthur.	這是你自己的寢室，亞瑟王。
Here is your Treasury.	這是你的寶庫。
It is part of the road leading down the hill.  You will find yourself here soon enough, when your preparations are complete.	這是下山道路的一段。待你準備就緒，自然會來到此處。
Often Gwenhyver may be found here, in the Queen's Bower.	昆海兒常在此處，這是後宮花園。
This is the Chapel of the Two Gods.	這是雙神神殿。
This is the lake that surrounds the peninsula on which Camelot sits.  Now it is nearly gone, dried to a few stagnant pools.	這是環繞肯萊特所在半島的湖泊。如今幾已乾涸，只剩幾窪死水。
This is the inner courtyard.  You have no business there at present.	這是內庭，此刻你與此處無關。
These protected grounds serve many purposes.  There are practice grounds for fighting and jousting, areas of garden, areas for animals in case of seige.  None of this is of import to your mission.	這片受保護的場地兼具多種用途：有供練武與馬上長槍比武的場地、花園，以及圍城時圈養牲畜之處。這些都與你的使命無關。
This is the outer courtyard, adjacent to the stables.	這是外庭，緊鄰馬廄。
Many of your soldiers barrack here.  Also, there are storage rooms.  But there is nothing you need here for this mission.	你的許多士兵駐紮於此，此處也有倉房。但此行你在這裡找不到需要的東西。
'Tis the floor plan of your stronghold, Camelot.  Waste no time in preparing for your vital mission, m'lord.	這是你的要塞肯萊特的平面圖。莫再蹉跎，速速為這攸關重大的使命做好準備，吾王。
I am as I appear.	我便如你所見。
If I mean for you to have it, you shall know.	若我有意讓你擁有它，你自會知曉。
That pathetic whine tells me you are sorry.  But do not do it again!	那可憐兮兮的哀鳴，我曉得你是在道歉。但休得再犯！
What for?	為了什麼？
That did not sound like an apology.	那聽起來可不像道歉。
Try that and I shall turn you into a slug!	膽敢一試，我便把你變成一隻鼻涕蟲！
I am waiting for your apology.	我在等你道歉。
You attempt a whine, but Merlin just sneers at you.	你試著哀鳴，梅林卻只對你冷笑。
The search for the Grail will be long and difficult. Though I will not physically travel with you, my spirit will be with you to guide and advise as I am able.	尋找聖杯之路漫長而艱險。雖然我不會隨你同行，但我的心神將與你同在，盡我所能為你指引、獻策。
Choose carefully where your search will take you, for once you leave Camelot, you may not return.	謹慎選擇你此行的去向，因為一旦離開肯萊特，你便無法回頭。
Arthur, might it not be wise to make your farewell to Gwenhyver? Let it be so before I impart what you must know for the journey.	亞瑟，向昆海兒辭行，豈非明智之舉？在我告訴你此行所需知曉之事前，且先如此吧。
You are nearly ready, but on a journey such as this you will require money. I will await you while you visit the Treasury.	你已幾近準備就緒，但這樣的旅程需要盤纏。你先去一趟寶庫，我在此等候。
Your clothing will not do for a long journey. And what of Excaliber? Truly, I have much to tell you, but not until you are fully prepared.	你這身衣著不適合長途跋涉。還有，聖劍呢？說真的，我有許多話要告訴你，但得等你萬事俱備才行。
Surely you would not dream of beginning a journey of such magnitude without the blessings of the gods? See to this, then return.	如此重大的旅程，你總不會夢想著在未得諸神庇佑之下便貿然啟程吧？先辦妥此事，再回來見我。
Only half your preparations are complete. Return to me when you are in complete readiness.	你的準備才完成一半。待你萬事齊備，再回來見我。
Your preparations are only begun. Finish what you must do. Then I will have more to tell you.	你的準備才剛起步。先把該做的事做完，我還有更多話要說。
There is much I must tell you before you leave, but first, you have other preparations to make.	在你啟程之前，我還有許多話要告訴你，但你得先完成其他準備。
When you are more fully prepared, return to this room. I will await you.	待你準備得更周全時，再回到這房裡來，我會在此等候。
I am no mere man.  I am Merlin.	我並非凡人，我是梅林。
You are most welcome.	不必言謝。
Ah...hrmm....I am not the one to ask, Arthur. I know much of the world, but little about women.	啊……嗯……這事你問錯人了，亞瑟。我雖識盡天下事，卻不解女人心。
It is, ahem, virgin territory for me. So to speak.	這，咳，對我來說是塊未曾涉足之地，算是這麼說吧。
According to the writer of this scroll, a mule is of great value in Jerusalem. The writer says, 'so great is the value of a mule that is sure of foot and gentle of nature that it is above all the gold and treasures of the earth.' Sounds a bit exaggerated to me, but that is the gist of it.	依這卷軸的作者所言，騾子在耶路撒冷極為貴重。他寫道：『腳程穩健、性情溫馴的騾子，其價值凌駕世間一切金銀財寶之上。』依我看是誇張了些，但大意便是如此。
My books are not for you to touch.  However, feel free to consult your own Liber ex Doctrina (known in the vulgar as the Book of Lore) whenever you like.	我的藏書不容你碰觸。不過，你儘可隨時翻閱自己那本《Liber ex Doctrina》——俗稱《智典》。
I seek the ultimate answer to life, the universe and everything.	我在尋求生命、宇宙及萬事萬物的終極解答。
Your land is cursed and only the Grail can cure it.	你的國土受了詛咒，唯有聖杯能夠解除。
This symbol, the labarum, was commonly used by Roman soldiers with whom the worship of Mithras was extremely popular.	這個符號叫拉巴倫，羅馬士兵之間常見使用，米夏拉信仰在他們之中極為盛行。
The circle with descending cross is the symbol of the goddess, Venus.  She is mentioned, I believe, in your Liber ex Doctrina.	這個下垂十字加圓圈的符號，是女神維納斯的標識。我記得你的《Liber ex Doctrina》裡有提及她。
This rug contains mystic symbols, primarily the pentangle - the five-pointed star.  Because it is made of a single unbroken line, it affords strong protection from spirits who cannot find a place to enter in.	這張地毯上有神秘的符號，主要是五芒星。因為它是由一筆不間斷的線畫成，能有力地防範鬼靈——牠們找不到縫隙可以侵入。
There is a decorative pattern in the small rug.	小地毯上有一個裝飾圖案。
There are a number of symbols in my room. Upon the tapestry is a fylfot and labarum, the symbol of Mithras. Upon the small square rug is another fylfot. Upon the large round rug is a pentacle and the symbol of Venus and a few others not worth mentioning.	我房裡有幾個符號。掛毯上是卍字紋與拉巴倫，也就是米夏拉的標識。小方地毯上是另一個卍字紋。大圓地毯上則有五芒星與維納斯的標識，還有幾個不值一提的。
There are two rugs upon my floor.	我的地板上有兩張地毯。
The beams are part of the roof structure of this tower.	這些橫樑是這座塔屋頂結構的一部分。
As you see, my room is quite full.   Take care that you do not disturb any of the objects within.	如你所見，我這房裡東西不少。小心別碰亂了裡頭的物件。
The scroll is written in ancient Aramaic which I am attempting to decipher. It seems to be a dissertation upon the value of mules.	這卷軸以古亞蘭文寫成，我正試著解讀。看來是一篇論述騾子價值的文章。
England is a land of many tribes: Celts from Eire to the west and untamed Bretogne to the east, Jutes and Angles and Saxons settled in the south and east, wild Picts and Scots to the north, but alas, little is left of the conquering Romans.	英格蘭是諸多部族之地：西有愛爾蘭來的凱爾特人，東有未馴的布列塔尼人，南方與東方住著朱特人、盎格魯人與撒克遜人，北方則是狂野的皮克特人與蘇格蘭人——只可惜，昔日征服此地的羅馬人如今已所剩無幾。
The scroll is from Jerusalem, written in Aramaic. You may read my translation of it, scribbled there in the margins.	這卷軸來自耶路撒冷，以亞蘭文寫成。我的譯文就潦草地寫在頁邊，你可以讀讀看。
Both your horse and a pack mule are being readied for your journey.	你的坐騎與一頭馱運的騾子，都已為你此行備妥。
Here I conduct my delicate experiments in alchemy. The table is covered with beakers and flasks.	我在這裡進行精細的煉金實驗。桌上擺滿了燒杯與燒瓶。
Upon my desk is a scroll recently brought to me from the Far East.	我書桌上有一卷最近從遠東送來的卷軸。
It is in the Far East, a very long way from here.	它在遠東，離這裡非常遙遠。
I have bowls of elements used in my alchemy experiments.  They contain such things as sulfur, arsenic and mercury.	我這裡有幾碗煉金實驗用的元素，裝著硫磺、砒霜與水銀之類的東西。
That is a small dragon's skull and a large crystal on top of the shelves. My books fill the shelves below. The other objects are no affair of yours.	架子頂上是一顆小龍頭骨與一塊大水晶，下方架上擺滿了我的藏書。其餘物件與你無關。
It is simply a large and beautiful chunk of quartz, nothing more.	這不過是一大塊美麗的石英，僅此而已。
I dry herbs for both medicinal and culinary purposes.   If you truly wish to know more, please feel free to ask about them.	我曬乾藥草，既作藥用也作烹飪之用。你若真想多知道些，儘管問我。
There is mint, which some believe can cure the bite of mad dogs. It comes from the legend of Minthe, a river nymph.	這是薄荷，有人相信它能治瘋狗咬傷。它的名字源自河仙子敏西的傳說。
Pluto, lord of the underworld, made love to her, whereupon Pluto's jealous queen, Proserpine, changed Minthe into a plant.	冥界之主普魯托與她相戀，普魯托善妒的王后普洛塞庇娜得知後，便將敏西化為一株植物。
And basil, which the untutored mistakenly believe causes scorpions to breed. In India, it is sacred to the gods Vishnu and Krishna. Delicious with beans, peas and other vegetables.	這是羅勒，未經教化之人誤以為它會招來蠍子。在印度，它是毗濕奴與克里希納兩位神祇的聖草。配豆子、豌豆等蔬菜食用格外美味。
And marjoram, thought useful in healing wounds and many other illnesses, though I like its delicate flavor with fowl and in sausages.	這是馬鬱蘭，據信有助療傷及治療諸多疾病，不過我偏愛它配禽肉與香腸時那股細緻的香氣。
And sage, which the Egyptians believe will make women fertile, and others think it gives immortality. Personally, I like the flavor it imparts to beer and sausages.	這是鼠尾草，埃及人相信它能助婦女受孕，也有人認為它能賜人長生。至於我，則喜歡它為啤酒與香腸添上的風味。
And no collection would be complete without bay. To the Greeks and Romans it was the laurel and they would crown their victors with laurel wreaths.	少了月桂，這收藏便不算齊全。在希臘人與羅馬人眼中，它便是桂冠所用的月桂樹，他們會以月桂編成的花冠加冕勝利者。
Young girls have been known to burn leaves to make lovers return to them. Prophets, diviners and the priests of Apollo considered it to have magical properties. The dry leaves make an excellent flavoring in stews.	據說少女會焚燒它的葉子，好讓情人回心轉意。先知、占卜師與阿波羅的祭司都認為它具有魔力。乾葉更是燉菜絕佳的調味。
The pentangle, the five-pointed star, is considered strong protection from spirits who cannot find a place to enter in because it is made of a single unbroken line.	五芒星以一筆不間斷的線畫成，被認為能有力地防範鬼靈，讓牠們找不到縫隙可以侵入。
In the center is a labarum, the symbol of Mithras. The circle with the descending cross is the symbol of Venus.	正中央是拉巴倫，米夏拉的標識。下垂十字加圓圈，則是維納斯的標識。
Which rug?	哪一張地毯？
I am sure you have seen enough candles in your life to realize that mine are no different.	你這輩子想必見過不少蠟燭，該明白我這些也沒什麼不同。
It is a lovely, but empty pot.	這是個漂亮的罐子，但空空如也。
From either window you see the grounds and outer bastion of Camelot.	從任一扇窗望出去，都能見到肯萊特的庭院與外圍堡壘。
Upon one wall are drying herbs, a map of Britain and Ireland. Upon the other wall is my sword and a tapestry.	一面牆上掛著風乾的藥草與一幅不列顛與愛爾蘭地圖，另一面牆上則掛著我的劍與一幅掛毯。
I use it for my experiments in alchemy in which I seek to unravel the mysteries of the elements and life itself.	我用它來進行煉金實驗，藉此探究元素乃至生命本身的奧秘。
You have kindly closed it for me.	你已好心替我關上了。
That is my personal chest. I keep various odds and ends in there. Look inside, if you like.	那是我的私人箱子，裡頭放著些零碎雜物。你若想看，儘管打開瞧瞧。
The other items are personal mementos and do not concern you. Do not touch them.	其餘物件都是我的私人紀念品，與你無關，休得碰觸。
We have no time to waste on trivia. Take the lodestone and turn your attention to your mission.	我們沒有時間浪費在瑣事上。拿起指北針，把心思放回你的使命上。
I have many mementos, but you have no time to waste on trivia.	我有許多紀念品，但你沒有時間浪費在瑣事上。
These mysterious stones may come from the stars.   Always some part of a lodestone will point to true north.  It is therefore a very useful thing to have on a long journey.	這些神秘的石頭，或許來自星辰。指北針總有一端會指向正北，因此在長途旅程中極為有用。
If you take it with you, you can look at it all you like.	你若把它帶在身上，便能隨時想看就看。
Ah, so glad you reminded me. Did I put it on the....nay...perhaps it is on top of....nay.	啊，多虧你提醒。我把它放在……不……或許是放在……不對。
Forgive me, Arthur. I seem to have forgotten where I put it. It must be around here somewhere.	原諒我，亞瑟，我似乎忘了放到哪去了。想必就在這附近某處。
That is my sword and perfectly ordinary.  My weapons are of a less physical nature.	那是我的劍，再平凡不過。我的武器，性質可不那麼具體。
That is rather a vague request. There are many kinds of weapons, yet knowledge can be the most potent weapon of all.	這要求含糊得很。武器種類繁多，但知識往往才是最強大的武器。
It is the skull of a small dragon, a gift from St. George.	那是一顆小龍的頭骨，是聖喬治所贈之物。
Aye, that is where I sit to study my scrolls and books.	正是，我便是坐在那裡研讀卷軸與書籍。
Here?  Are you sure you are in your right mind?	在這裡？你確定自己神智清醒？
What dog?  I keep no dog.	什麼狗？我沒養狗。
I have a cluttered room, never enough space for everything.	我這房間雜亂得很，總嫌空間不夠擺下一切。
I have my table of beakers and flasks, my shelves of books and also a small dragon skull and a large crystal, a map of your kingdom, my desk with a scroll I am studying upon it, my personal chest, and various other items.	我有擺著燒杯與燒瓶的桌子、堆滿書的架子，還有一顆小龍頭骨與一塊大水晶、一幅你王國的地圖、擺著我正在研讀的卷軸的書桌、我的私人箱子，以及其他各式物件。
It is the study of the nature of elements, their interactions and transmutations.  The name "alchemy" traces back to "Khemennu" which means "Land of the Moon", an ancient name for Egypt.	那是探究元素本質、其相互作用與嬗變之學。「煉金術」一詞可追溯至「赫曼努」，意為「月之地」，是埃及的古名。
The Arabs learned of alchemy from the Egyptians, though also at the same time it was developed in China. However, the best tract I have read to date is by the Arab scholar, Jabir ibn Hayyam, for the Arabs are quite advanced in this science.	阿拉伯人從埃及人那裡習得煉金術，同一時期中國也自行發展出這門學問。不過，我至今讀過最好的論著，出自阿拉伯學者賈比耳·伊本·哈耶姆之手——阿拉伯人在這門學問上頗有造詣。
Ask me not for advice in love, for I know little of women.  Ask me not for advice about battle or war, for you know more than I of these matters.	莫向我求教愛情之事，我對女人所知甚少。也莫向我求教戰陣征伐，這方面你懂得比我多。
Ask me not for advice about the obvious, for I am short-tempered. But if you seek advice about that which is mystic, obscure, arcane, or simply puzzling, then I shall do my best to help you.	莫問我顯而易見之事，我這人性子急。但你若為神秘、晦澀、隱奧或單純費解之事求教，我必竭盡所能相助。
It was a reminder that your moral and spiritual choices during your search will be as important as finding the Grail itself.	那是在提醒你：這趟尋找途中，你的道德與心靈抉擇，將與尋得聖杯本身同等重要。
It is your sacred duty, as vital as the search for the Grail itself, that you find and rescue your three Knights.	尋回並救出你的三位騎士，是你神聖的職責，其重要性不亞於尋找聖杯本身。
If you seek visions, you must go to the Chapel of the Two Gods.	你若尋求異象啟示，須前往雙神神殿。
I can add nothing to what is written in your Liber ex Doctrina.  You should have it with you at all times.	你那本《Liber ex Doctrina》裡寫的，我無可補充。你應時時將它帶在身邊。
I believe the Treasurer is a good friend of Sir Gawaine and would have the latest news, if any.	我想司庫與高文爵士交情不錯，若有最新消息，他應當知曉。
I do not wish to be indelicate, but the Queen might be the best person to ask.	我不想失禮，但王后或許是最適合詢問的人。
He is very popular among your guards and they would be first to hear rumour of him.	他在你的衛兵之間極受愛戴，若有他的傳聞，衛兵們必是最先聽聞的人。
She is usually to be found in her bower about this time of day.	這個時辰，她通常都在後宮花園。
What would you have me tell you? You are a warrior, a man of the real world. You must rely upon your wits, skill, strength and virtue of character to combat any magick that you might encounter.	你要我如何跟你說？你是個戰士，一個活在現實世界裡的人。面對可能遭遇的任何魔法，你必須仰賴自己的機智、技藝、力量與德行來應對。
I am sure you can find one of your own guards in your own stronghold.	在自己的要塞裡，你想必找得到自己的衛兵。
He is where a Treasurer usually is. In the Treasury.	他就在司庫平常所在之處——寶庫裡。
Worship of the Christ god arose in the Far East about 700 years ago and has spread west ever since. To some he is a prophet, to others the son of God. He preached much of love, of compassion, and forgiveness for the sins of others.	基督信仰約在七百年前興起於遠東，自此便向西方傳播不絕。在某些人眼中，他是先知；在另一些人眼中，他是神之子。他傳揚愛、憐憫，以及寬恕他人罪愆的教誨。
Mithras is a warrior-god which only men are allowed to worship and in great secret. He was most popular among the Roman soldiers who brought this worship with them to our island centuries ago.	米夏拉是一位戰神，只有男子才被允許崇拜他，而且須極為隱密。此信仰在羅馬士兵之間最為盛行，數世紀前由他們帶到我們這座島上。
Glastonbury Tor has been a sacred hill for centuries. The legend of Joseph of Arimathea claims the Grail is hidden there.	格列斯登伯利山數世紀以來一直是座聖山。亞利馬太的約瑟的傳說宣稱，聖杯就藏於此處。
It is a body of water to the north where currently the Lady of the Lake dwells.	那是北方的一片水域，湖中女神如今便棲居於此。
It is your major port in the south where you must go to take the ship to other lands.	那是你南方的主要港口，你須經此搭船前往他方國度。
This dark and dangerous forest borders Glastonbury Tor and you must pass through it to reach the sacred hill.	這座陰暗而危險的森林與格列斯登伯利山相鄰，你必須穿越此處才能抵達那座聖山。
If you wish to know more about that place, study the map, and I shall instruct you.	你若想多了解那個地方，仔細研究地圖，我便會指引你。
Let us leave discussion of that for another time.	此事容後再議。
I know you would not be so rude.	我知道你不會如此無禮。
Say rather godspeed, for I shall be with you in spirit-voice throughout your mission.	不如說「一路順風」吧，因為在你此行途中，我將以心神之聲與你同在。
Aye, may the god you worship speed you to your destiny, Arthur.	正是，願你所信奉的神明，助你抵達命運所在，亞瑟。
Use your eyes, Arthur, it's already closed.	睜大你的眼睛，亞瑟，它已經關上了。
You have taken the only thing I wish you to have.	我要你擁有的東西，你已經拿到了。
Use your eyes, Arthur.  It IS open.	睜大你的眼睛，亞瑟，它確實開著。
Hmmm....it is around here somewhere. I simply cannot remember where I put it.	唔……應該就在附近某處。我實在想不起放到哪去了。
It is attached to my wall.	它就掛在我的牆上。
King you may be, but do not lay hands upon that which belongs to Merlin the enchanter.	你或許貴為王者，但休想染指屬於魔法師梅林之物。
The lodestone is the only object in this room which you may take. The rest belongs to Merlin the Enchanter and you are not to lay hands upon them.	指北針是這房裡唯一你可以拿走的東西。其餘皆屬魔法師梅林所有，你不得染指。
But....you must excuse an old man. I have forgotten where I put the lodestone. It is around here somewhere.	但……你得原諒一個老人。我忘了把指北針放到哪去了，應該就在附近某處。
Search if you like, but DO NOT TOUCH ANYTHING ELSE!	你要找便找，但除此之外什麼都不准碰！
By the Red Dragon, I will not warn you again! Do not lay hands upon anything that is not meant for you.	以紅龍之名起誓，我不會再警告你第二次！不屬於你的東西，休得伸手。
You were thinking of spending the rest of your life as a toad, perhaps?	你該不會是想餘生都當隻蟾蜍度過吧？
My darling boy, I did not know you cared.	我親愛的孩子，我不知道你竟如此在乎我。
I never kiss men with beards.	我從不親吻蓄鬍的男子。
What a completely ridiculous notion.	這想法簡直荒唐至極。
I enjoy the mingling of scents: the fumes of alchemy, the herbs drying upon my wall, burning candles, even the musty odor of the old scroll I am studying.	我喜愛這些氣味交融：煉金的煙氣、牆上風乾的藥草、燃燒的蠟燭，甚至我正在研讀的那卷古老卷軸散發的霉味。
Ah, the symbol of love.	啊，愛的象徵。
You had best keep it.	你最好留著它。
Now why would you want to give me something that I have given you?	你為何要把我送你的東西，又送還給我？
You have greater need of it than I.	你比我更需要它。
A most gracious gesture, but I have no need of it.	此舉甚是慷慨，但我並不需要它。
If I am ever in need of help, rest assured you will be the first to know.	若我有朝一日需要幫助，放心，你必是第一個知曉的人。
You do not have your sword.	你並未佩劍。
There will be time enough for that later and I am not fond of cold steel in my presence.	此事來日方長，況且我不喜冷鐵近身。
Truly, I think your hearing is impaired. Have I not warned you against this once?	說真的，我看你耳朵是出了毛病。我不是警告過你一次了嗎？
I am your mentor and advisor, but I will not tolerate being threatened in this fashion.	我是你的導師與謀士，但我不會容忍被如此威脅。
Inside my chest is a lodestone, a magical stone that will always show you where true north lies.  This one is shaped like a tiny sword, the tip of which will point to north as it dangles from a string attached to its center.	我箱子裡有一枚指北針，一種能指出正北方向的魔法石。這一枚打造成小劍形狀，以繩繫在中心懸垂，劍尖便會指向北方。
Take it, Arthur.   I prepared it especially for you.	拿去吧，亞瑟。這是我特地為你準備的。
It is a map of the Summer Lands, as your kingdom is often known;	這是夏地的地圖——你的王國常被如此稱呼；
Cornwall to the west, and some lands beyond, including the island of Eire.	西邊是康瓦爾，再往外還有一些土地，包括愛爾蘭島。
However, you should study it very closely before you leave and determine where your search for the Grail should take you.	然而，你在啟程前應仔細研究此圖，判斷你尋找聖杯之路該往何處去。
Since you cannot keep your hands to yourself, you can do without them for awhile.	既然你管不住自己的手，那就讓你暫時沒有手可用。
When you apologize, I will consider returning you to your native form.	待你道歉之後，我會考慮讓你恢復原形。
It would seem you refuse to learn a lesson.  Be gone from my sight.	看來你是不肯記取教訓。從我眼前消失。
Your stubbornness defies belief. I will waste no more time upon you, fool of a king.	你的頑固簡直令人難以置信。我不會再在你身上浪費時間了，愚昧的王啊。
PRESS F6 TO EXIT	按 F6 離開
Use arrows to move, or select with mouse.	使用方向鍵移動，或用滑鼠點選。
You see the Summer Lands, as your kingdom is often known, with Cornwall to the west and river Thames coming from the east.	你看見夏地——你的王國常被如此稱呼，西邊是康瓦爾，泰晤士河則從東邊流入。
Take careful note of the locations that may be of import to your search. This will prevent you from wasting much time later.	仔細留意那些可能對你的尋覓有重要意義的地點，這能省下你日後不少時間。
Do I really need to tell you that this is the rack upon which your mail tunic was hung?	我真有必要告訴你，這是掛你鎖子甲的架子嗎？
Your mail tunic is made of overlapping metal scales, a design copied from Roman cavalry armour.	你的鎖子甲是以層疊的金屬鱗片製成，這設計仿自羅馬騎兵的鎧甲。
Upon this shield is the Red Dragon, in token of your surname, Pendragon, which comes from the Welsh words meaning "supreme war chief".	這面盾牌上繪著紅龍，象徵你的姓氏「潘德拉貢」，此名源自威爾斯語，意為「至高的戰爭統帥」。
You received your sword, Excaliber, from the Lady in the Lake.  By Her Blessings, may it serve you well.	你的劍——聖劍，得自湖中女神。願蒙她的祝福，這把劍將不負所用。
Your purse remains where you last put it, upon your table.	你的錢囊仍在你上次放置之處——你的桌上。
When you are in need of solitude, this is your room.  It is sparsely furnished, as befits a warrior-king.	當你需要獨處時，這便是你的房間。陳設簡樸，正合戰士之王的身分。
They are made of the same grey stone as the rest of Camelot.	它們與肯萊特其餘部分一樣，皆以灰石砌成。
There are two stands in your room. One holds your mail tunic. In the other corner is the rack holding your clothes.	你房裡有兩座衣架。一座掛著你的鎖子甲，另一角的架子則掛著你的衣物。
The Celts, like many others, worshipped a Triple Goddess in her three forms: virgin, mother, and crone, which in turn represent creation, life and death.	凱爾特人和許多其他民族一樣，崇拜以三種樣貌顯現的三重女神：處女、母親與老嫗，分別象徵創造、生命與死亡。
From these windows you see the outer wall of Camelot and the hills, fields and forest beyond.	從這些窗戶望出去，你能見到肯萊特的外牆，以及牆外的丘陵、田野與森林。
Unfortunately, you cannot see the Queen's bower from here.  Rumour in the palace has it that she placed her bower deliberately out of your sight.  But that is only rumour.	可惜從這裡看不見王后的閨閣。宮中流言說，她是刻意把閨閣安置在你視線之外。但那終究只是流言。
Aye, they are nice trees. Now, kindly get your mind on your mission.	是啊，那些樹確實不錯。現在，請將心思放回你的使命上。
It is a heavy wood and metal door.	這是一扇沉重的木製鐵門。
Your court clothes hang upon the stand in the corner.	你的朝服掛在牆角的衣架上。
A sturdy set of travelling clothes hangs upon a wooden stand in the south corner of your room. Another stand against the northeastern wall holds your tunic and armour.	一套堅韌的行裝掛在你房間南角的木架上。東北牆邊另有一座衣架，掛著你的鎖子甲與鎧甲。
Aye, the lack of helmet is a serious oversight, m'lord.   You will have to compensate with extra caution.  You must keep your head if you are to keep your head.	正是，缺了頭盔確實是一大疏漏，吾王。你得加倍謹慎以為彌補。你得保持頭腦冷靜，才能保住你的項上人頭。
Your bedspread was lovingly made by your wife.	你的床罩，是你的妻子悉心縫製而成。
Alas, the queen is not here now.	可惜，王后此刻不在這裡。
You cannot see it from here.	從這裡看不見它。
You should have a word with your servant. A great deal of dust has been swept under this rug.	你該找僕人談談了，這地毯底下掃進了不少灰塵。
Aside from stirring up the dust, this will not accomplish much.	除了揚起灰塵之外，這樣做不會有什麼用處。
There is clearly nothing under the table.	桌子底下顯然什麼都沒有。
Gwen is in the bower, not here.	昆海兒在閨閣裡，不在這裡。
It is a bed, of course.  Even a King must sometimes sleep alone when the Queen is indisposed.	這當然是張床。即便貴為國王，王后偶有不適時，也得獨自安眠。
Your purse lies where you tossed it upon the table last night.	你的錢囊，就躺在你昨晚隨手扔在桌上的地方。
It is a sturdy, oak table.	這是一張堅固的橡木桌。
Closet? Sounds like the French word "clos", but there is no enclosure in this room.	衣櫃？聽起來像法文的「clos」，但這房裡並沒有這樣的隔間。
A three-armed Celtic symbol adorns your rug, perhaps a reminder of the three-fold Great Goddess of creation, life and death.	你的地毯上飾有一個三臂凱爾特符號，或許是在提醒創造、生命與死亡的三重大女神。
There are two symbols here. One is upon your shield, the other upon your rug.	這裡有兩個符號，一個在你的盾牌上，另一個在你的地毯上。
The red dragon upon your shield is your symbol. You are Arthur Pendragon.	盾牌上的紅龍是你的象徵。你是亞瑟·潘德拉貢。
Preparation is vital.  Body, heart, mind, and spirit must all be in readiness before you leave Camelot.	準備至關重要。在離開肯萊特之前，身、心、意、靈皆須齊備。
Just walk through it.	直接穿過去便是。
It is a heavy door which swings shut by its own weight.	這是一扇沉重的門，會因自身重量而自行關上。
The floor beneath it is the same as the rest of your floor.	它底下的地板，與房裡其餘地板並無不同。
This is no time for a nap.  Your mission is urgent and every second you delay, your people suffer.	現在不是小憩的時候。你的使命刻不容緩，每耽擱一秒，你的子民便多受一分苦。
What an incredibly foolish notion.	這想法真是愚蠢至極。
That would get you nowhere fast.	那樣做只會讓你原地打轉。
It is quite satisfied being where it is.	它待在原處便挺自在的。
A token from Gwenhyver is better kept close to your heart.	昆海兒所贈的信物，最好貼身珍藏。
They are not sturdy enough for your mission. Leave them here.	它們不夠堅韌，無法應付你的使命，留在這裡吧。
You are already wearing them.	你已經穿在身上了。
You are wearing your armour...as if I should need to tell you that.	你已經穿著鎧甲了……這種事還用我來提醒嗎。
Why?	為什麼？
I sincerely hope you have made up your mind this time.	我誠心希望你這回已經拿定主意了。
Your servants are already preparing a pack for your journey.  It will surely contain a sturdier blanket than this.	你的僕從已在為你此行備妥行囊，裡頭想必會有一條比這條更堅實的毯子。
A bit large to carry about, one would think.	想來這東西帶著走未免太過龐大。
It would only get in the way.	那只會礙手礙腳。
It's not here.	它不在這裡。
Your shield is upon your arm.	你的盾牌已戴在臂上。
A shield gets in the way of putting on other armour. You need to get your mail tunic and sword first.	盾牌會妨礙你穿戴其他鎧甲。你得先穿上鎖子甲、佩好劍才行。
Your sword is strapped at your side.	你的劍已繫在腰間。
Before you can strap on your sword, you need to be wearing your mail tunic.	在佩劍之前，你得先穿上鎖子甲。
You are already wearing your armor.	你已經穿著鎧甲了。
You cannot wear armour over your court clothes. Your travelling clothes are in the south corner of your room.	你不能把鎧甲套在朝服外頭。你的行裝就在房間南角。
They would not do for this trip. Leave them here.	這趟旅程用不上它們，留在這裡吧。
You already are wearing them.	你已經穿在身上了。
That is not a very good reason.	這理由可不怎麼站得住腳。
How wise of you.	你可真是明智。
Hmmph.  That was truly pointless.	哼，那真是白費工夫。
I am certain that if you talk to your Treasurer or question him correctly, you will learn all you need.	我確信，只要你去找司庫問個明白，便能得知你所需的一切。
Remember, 25 copper coins equals 5 silver coins and 5 silver coins equals one gold coin.	記住，二十五枚銅幣等於五枚銀幣，五枚銀幣等於一枚金幣。
It is made of heavy oak planks, with a trapdoor for the only entrance.	此處以厚重橡木板築成，唯一的入口是一道活板門。
This tower stronghold was built to protect your store of coins and other valuables. The bundles on the right are new, however.	這座塔樓要塞建來守護你的錢幣與其他財物。不過，右邊那幾捆包裹是新添的。
They are made of the same grey stone as the rest of Camelot.  Only thicker.	它們與肯萊特其餘部分一樣，皆以灰石砌成，只是更為厚實。
You cannot see much of it from this tower stronghold.	從這座塔樓要塞裡，你看不太到外頭的景象。
The trap door is heavy and easily defended.	這道活板門十分沉重，易守難攻。
Aye, 'tis a torch.	正是，這是一支火把。
The huge jars contain your entire wealth of gold, silver and copper coins. The chests contain other forms of wealth. I do not know what is in the bundles.	這幾口大甕裝著你全部的金、銀、銅幣財富。箱子裡則是其他形式的財物。至於包裹裡是什麼，我就不得而知了。
The pillars of this tower are quite strong and thick.	這座塔樓的柱子相當堅固粗實。
They are bundles that are stored here.	那些是存放在此處的包裹。
They lead down to the main floor of Camelot.	它們通往肯萊特的主樓層。
The chests contain gems and jewels set in gold and silver, plates and goblets of gold and silver and other such fine items.	箱子裡裝著鑲嵌於金銀之中的寶石與珠玉、金銀打造的盤碟與高腳杯，以及其他諸如此類的珍品。
He is a powerfully built man, well able to defend this tower and your treasure. Heed his advice.	他體格強健，足以守衛這座塔樓與你的財寶。你該聽從他的建言。
There is gold in the jar on the right.	右邊的甕裡裝著金幣。
There is silver in the middle jar.	中間的甕裡裝著銀幣。
There is copper in the leftmost jar.	最左邊的甕裡裝著銅幣。
The three large jars contain gold, silver, and copper coins.	這三口大甕裝著金幣、銀幣與銅幣。
Your treasurer has a huge sword and knows how to use it.	你的司庫佩著一把巨劍，而且深諳用劍之道。
In this enclosed room, the odor of a sweaty man, oily torch, and cold metal is most concentrated.	在這密閉的房間裡，汗味、油煙火把味與冷硬金屬味格外濃重。
Arthur, you are here to prepare for your journey, not to play with trinkets of wealth.	亞瑟，你來此是為了準備啟程，不是來把玩這些身外財物的。
The trap door is already open.	活板門已經開著了。
That is the Treasurer's only source of light.	那是司庫唯一的光源。
You could, if you were holding it.	你若拿著它，倒是可以。
There is too much metal all around and it confuses the workings of the lodestone.	四周金屬太多，擾亂了指北針的運作。
The Treasurer needs it more than you do.	司庫比你更需要它。
You have no business doing that until you know Gawaine is dead.	在確知高文已死之前，你無權這麼做。
I am sure you could find one anywhere in Camelot if you looked hard enough.	我相信只要你用心找，在肯萊特任何角落都能找到一個。
When you have seen one rodent, you have seen them all.	見過一隻齧齒動物，便等於見過牠們全部。
You have more important things to think about.	你還有更要緊的事該想。
Is this some sort of odd Pictish word?	這是某種古怪的皮克特語詞彙嗎？
Which one first, m'lord?	吾王，先要哪一種？
Coins of tin?  Never heard'o such a thing.	錫幣？老朽從未聽聞這種東西。
We have no coins made of bronze, sire.	陛下，我們沒有青銅鑄造的錢幣。
You have coins already, my king, but if you wish to change them, please give me the purse.	我王，你已經有錢幣了，但若你想兌換，請把錢囊交給我。
Aye, gladly, if you will but provide me with the purse to fill.	是，樂意之至，只要你把錢囊交給我裝滿。
Your purse is full, my liege.	吾主，你的錢囊已經滿了。
I have no purse to give you. If you have brought your own, I can fill it for you.	我沒有錢囊可以給你。你若帶著自己的，我可以替你裝滿。
But you have it, sire.	但陛下，錢囊在你身上。
I have no purse to give you, m'lord.	吾王，我沒有錢囊可以給你。
You must come closer, m'lord.	你得再靠近些，吾王。
Here you are, m'lord, but the purse is empty. I beg you to let me fill it for you ere you go.	拿去吧，吾王，但錢囊是空的。趁你尚未啟程，容我為你裝滿。
There is room for more, m'lord, but here it is, as you command.	還裝得下更多，吾王，但既然你這麼吩咐，錢囊便交給你了。
Here it is, m'lord, as you command.	遵命奉上，吾王。
Steal?  But, my lord, it is already yours.	偷？可是，吾王，這東西本就是你的。
But, m'lord, you have coins in your purse. Still, if you wish to change what you have, you have but to give me the purse again.	可是，吾王，你的錢囊裡已經有錢幣了。不過，你若想兌換手上的錢，儘管把錢囊再給我便是。
What coins would you be wantin', m'lord?	吾王想要哪種錢幣？
Your purse is full and I have no other purses or bags to fill.	你的錢囊已經滿了，我也沒有別的錢囊或袋子可裝了。
Travelling with bulging moneybags would only bring bandits and outlaws down upon you like a plague of locusts.	帶著鼓脹的錢袋上路，只會招來強盜與亡命之徒，如蝗蟲過境般撲向你。
Take your purse and cease badgering your Treasurer. He is wise in these matters and greed does not become a King.	拿好你的錢囊，別再纏著你的司庫了。他深諳此道，貪婪可配不上一位國王。
I have it in hand, m'lord. I await your commands.	已在我手中，吾王，靜候你的吩咐。
You do not have the purse with you, Arthur.	亞瑟，你身上並沒有帶著錢囊。
Thank you, m'lord. I shall fill it according to your wishes.	多謝，吾王，我這就依你的心意裝滿它。
I have emptied the purse, so we may begin again. What is your command?	我已將錢囊倒空，可以重新開始了。你有何吩咐？
No need to give me money, m'lord. You reward me well enough.	不必給我錢，吾王，你待我已經夠厚了。
You must get money before you can give money.	你得先有錢，才能給人錢。
I am the one who should be giving you money, m'lord. What are your commands?	該給你錢的人是我，吾王。你有何吩咐？
I have no need to take any for myself. You reward me well enough already.	我用不著為自己拿一分一毫，你待我已經夠厚了。
As you wish. Give me the purse, then.	悉聽尊便。那麼，把錢囊給我吧。
You do not even have the purse.	你連錢囊都沒帶在身上。
The purse is empty, m'lord. I await your commands.	錢囊是空的，吾王，靜候你的吩咐。
There are silver coins in your purse.	你的錢囊裡有銀幣。
You now have gold coins, my King.	我王，你現在有金幣了。
I have given you copper coins, m'lord.	吾王，我已經給了你銅幣。
The purse has coins in it, m'lord, but if that is your wish...	錢囊裡已經有錢幣了，吾王，但既然這是你的心意……
The purse is now empty. What is your command?	錢囊現在是空的。你有何吩咐？
Ah, a good luck charm! I thank you, m'lord.	啊，一個護身符！多謝，吾王。
Ah, a good luck charm!	啊，一個護身符！
Here you are, m'lord.	拿去吧，吾王。
My king, if you seek my advice, I say this -- take with you coins of all three value: copper, silver and gold. Each has its use.	我王，若你想聽我的建言，我要說：三種面額的錢幣都該帶上——銅、銀、金，各有各的用處。
If you have brought your purse with you, m'lord, I will be happy to fill it for you.	你若帶著錢囊來，吾王，我很樂意為你裝滿。
I am here to serve you as I may, though, to speak bluntly, I hope you will soon be in search of the Grail.	我在此盡我所能為你效勞，不過老實說，我盼你早日踏上尋找聖杯的旅程。
Please tell me how I may serve you.	請告訴我該如何為你效勞。
Hands that shed innocent blood will never touch the Grail.	沾染無辜鮮血的雙手，永遠碰不到聖杯。
He is your loyal servant.  Why would you want to fight him?	他是你忠心的僕人，你為何想跟他動手？
Gar!  Keep away, you pox-cursed pooftah!	哼！滾開，你這染上瘡病的斷袖孽徒！
Where I come from, that is not a manly thing to do.	在我的家鄉，這可不是男子漢該做的事。
Pardon me, Sire, but that would take months.	恕罪，陛下，但那得花上數月光陰。
It was sealed by Sir Gawaine when he left it here, and he charged me to see that the seal is not broken except by his own hand...unless he is dead.	這是高文爵士離去時親手封上的，他囑咐我務必守著，除非他親自解封……或是他已經身故。
Nay, leave it be. Your mission must be kept humble, for safety as well as your soul's sake.	不可，別去動它。你的使命必須保持謙卑，這既是為了安全，也是為了你的靈魂。
By your leave, m'lord, I keep it open so that fresh air may enter the room.  And so the mice may leave it.	容稟，吾王，我讓它開著，好讓新鮮空氣進來房裡，也好讓老鼠有路可出去。
Those bundles belong to Sir Gawaine. They are all his worldly possessions which he left in my keeping, for I was the last man to see him ere he left.	那些包裹是高文爵士的。那是他所有的身外之物，他離去前交由我保管，因為我是他啟程前見到的最後一人。
I have it, Sire, and await your instructions.	已在我手中，陛下，靜候你的指示。
The bags contain gold and silver cups and platters and other booty from the battles you have won.	袋裡裝的是金杯銀盤，以及你征戰得勝所獲的其他戰利品。
Each jar before me is filled with coins: one with gold coins, one with silver coins and one with copper coins.	我面前的每個罐子都裝滿了錢幣：一罐金幣、一罐銀幣、一罐銅幣。
Greetings, my King.  The jar to your left contains copper coins, the jar in the center holds silver coins and the jar to your right is filled with gold coins.	見過我王。你左手邊的罐子裝著銅幣，中間的罐子裝著銀幣，右手邊的罐子則裝滿金幣。
One gold coin is worth 5 silver coins or 25 copper coins.	一枚金幣值五枚銀幣，或二十五枚銅幣。
You have forgotten my name after years of service? Awr, you are having a joke. Hawrh! Hawrh! Hawrh!	小人伺候陛下多年，陛下竟忘了小人的名字？啊呀，陛下真會說笑。哈！哈！哈！
I was the last to see Sir Gawaine.  He made sure to take copper coins along with silver and gold.  He told me he planned to search for the Grail in the ruins of Glastonbury Tor.	我是最後見到高文爵士的人。他特意帶上了銅幣，連同銀幣與金幣一起。他告訴我，他打算前往格列斯登伯利山的廢墟尋找聖杯。
That is the last that I, or any man, has heard of him.	那便是我，或任何人，最後聽聞他的消息了。
I wish I could tell you something useful, m'lord.	但願我能告訴你些有用的事，吾王。
In memory of Graham Chapman	謹以此紀念葛拉罕·查普曼。
I pray to all the powers that be that you will return safely, that the Grail will be yours, as surely it must be.	我向天地間的一切神靈祈求，願你平安歸來，願聖杯終將屬於你，此事必成。
And may you find and bring back all the noble knights who have gone before you on this holy mission.	也願你尋回、帶回所有先你踏上這神聖使命、卻杳無音訊的高貴騎士。
Your fate will be always in my mind during the long and lonely hours.	在那些漫漫長夜、形單影隻的時刻，我心中將永遠掛念你的命運。
I will add prayers for your return to those I have already made everyday for Sir Launcelot.	我會在每日已為蘭斯洛特爵士祈禱之外，再加上為你平安歸來的祈禱。
And Sir Gawaine and Sir Galahad, of course.	當然，還有高文爵士與葛拉漢爵士。
There is no more I can bear to say.  Dally no more with me, my lord.  Fare thee well.	我再也說不下去了。莫再與我流連，吾王，願你一路平安。
A lodestone?  I have no need of it, but you surely might.  I insist you keep it.	一個指北針？我用不著，但你想必用得上，我堅持要你收下。
But it is I who give it to you.  I have whispered secrets to it and nourished it with my tears.  It is imbued with the power of my love.	但這是我要送給你的東西。我曾對它低語心事，以淚水滋養它，它已注滿了我愛的力量。
Indeed not, husband.  That would be most undignified.	確實不會，夫君，那樣未免太失體統。
I will cherish those words always.	這些話，我將永遠珍藏在心。
I have for you all the loving devotion a wife could have for a husband.	我對你懷有妻子對丈夫所能付出的一切摯愛與忠貞。
Girl?  I am Gwenhyver -- your queen, your woman, your wife.  I am no girl.	女孩？我是昆海兒——你的王后、你的女人、你的妻子。我不是什麼女孩。
Is this some sort of odd Moorish word?	這是某種古怪的摩爾語詞彙嗎？
Goodbye, my love.  May you fulfill your destiny.	再會了，我的愛人。願你完成你的天命。
There is no need to steal that which is already yours.	本就屬於你的東西，無須用偷的。
It is written in the Liber ex Doctrina.	這寫在《Liber ex Doctrina》裡。
Alas, my husband, all but one of my roses has withered and fallen.  My garden is dying, even as our kingdom slowly dies.	唉，夫君，我的玫瑰已全數凋零墜落，只剩最後一朵。我的花園正在枯萎，一如我們的國家正緩緩走向衰亡。
We are completely private within these walls.  You need not worry about the window behind us.  Within is only a sewing room and empty at present.	這幾道牆內完全屬於我們的私密之地，你不必擔心身後那扇窗。裡頭只是間縫紉室，此刻空無一人。
There is nothing inside save the ladies' sewing room, of no interest to a warrior.	裡頭除了女眷的縫紉室之外別無他物，對一名戰士毫無意趣。
My fountain is as parched and dry as the lakes and rivers of our poor kingdom.	我的噴泉，如同我們可憐王國裡的湖泊與河流一般，乾涸枯竭。
It is a stone bench and not very comfortable.	這是一張石凳，並不怎麼舒適。
You planted that tree for me when Camelot was first built.  I pray it will survive.	肯萊特初建成時，你為我種下了那棵樹。我祈禱它能撐過這一切。
Wear it next to your heart. In time of need, it will guide you through danger if you recite the Message of the Rose.	把它戴在貼近心口之處。危難之時，只要你誦念玫瑰箴言，它便會指引你穿越險境。
You have taken the only rose.	你已經摘走了僅存的那朵玫瑰。
It is the last and most beautiful of my red roses.  It would please me if you took it as a token of my love.	這是我最後、也是最美的一朵紅玫瑰。你若肯收下它，當作我愛的信物，我會很欣慰。
If I knew the least thing, I would gladly tell you.	我若知道哪怕一丁點消息，也會樂意告訴你。
Ah...uhmmm....we are just good friends.	啊……呃……我們只是好朋友。
However, it is true that I was the last person to talk to him before he went seeking the Grail.  He said he would seek information from the Lady of the Lake.	不過，確實是我最後與他交談——就在他啟程尋找聖杯之前。他說他打算向湖中女神打聽消息。
The watery tart.	那水裡的蕩婦罷了。
It is your Book of Lore, full of many things you need to know, including the Message of the Rose.	這是你的智典，裡頭記載著你需要知曉的諸多事物，包括玫瑰箴言。
I would gladly speak more, but I beg you to delay not another moment in beginning your mission.	我很樂意再多說些，但求你莫再遲延片刻，速速展開你的使命。
Move closer to her.	再靠近她一些。
Her lips do not reach that far.	她的唇夠不到那麼遠。
Nay, Arthur.  You must go now, before the sin of lust makes you unworthy to find the Grail!	不可，亞瑟。你必須立刻離開，免得色慾之罪讓你失去尋得聖杯的資格！
Get a little closer.	再靠近一點。
As nice as this is, Arthur, it does not further your mission.	這固然美好，亞瑟，但無助於你的使命。
Violence in the soul will place the Grail forever beyond your reach.	心中一旦有了暴戾之氣，聖杯便將永遠遙不可及。
Jealousy is a poison to the heart and does not become your noble character.	嫉妒是侵蝕人心的毒藥，配不上你高貴的品格。
Really, husband.  There will be time enough for that if....I mean, when you return.	真是的，夫君。等你……我是說，等你歸來之後，有的是時間做這些事。
Truly, if you wish to help me and your kingdom, you will search for the Grail at once!	你若真心想幫助我與你的王國，此刻就該立刻啟程尋找聖杯！
Such delights must wait until you have returned with the Grail.	這樣的歡愉，得等你帶著聖杯歸來之後才行。
You have no good reason to insult the woman you love and your queen.	你沒有理由這樣侮辱你所愛的女人，也是你的王后。
Gwenhyver looks puzzled.  I know I am.	昆海兒露出困惑的神情。老實說，我也是。
There is only one rose left in her garden, but I have no doubt she would be glad for you to have it.	她的花園裡只剩最後一朵玫瑰，但我毫不懷疑，她會樂意讓你擁有它。
Why what?  Why do we live?  Why do we die?  If you wish to ask me about something specific, fine.  Otherwise, save the sweeping philosophical questions for another time.	為什麼什麼？為什麼我們活著？為什麼我們終將一死？你若想問些具體的事，儘管問。否則，這種漫無邊際的哲學問題，還是留到別的時候再說吧。
Aye, the sky is overhead as usual.	是的，天空一如往常懸在頭頂。
Your land is cursed and only the Grail can heal it.	你的國土受了詛咒，唯有聖杯能夠治癒它。
The ground is made of soil, as most ground is.	這地面由泥土構成，如同大多數地面一樣。
There are no berries, only dying leaves.	沒有漿果，只有正在枯萎的葉子。
Gwenhyver awaits you in her bower.  The blight on Camelot has not spared this place, once the most beautiful garden in the land.	昆海兒在她的花園裡等著你。肯萊特的枯朽之災，也沒有放過這裡——曾是全國最美的花園。
Without the queen here, this dying bower is a sad and empty place.	沒有王后在此，這座垂死的花園顯得格外淒涼、空蕩。
They are such gossips. And none are pure in heart as your queen.	她們最愛說長道短。而且沒有一個像你的王后那樣心地純正。
If there is any news of Launcelot, Gwenhyver is bound to know it.	若有蘭斯洛特的消息，昆海兒必定知曉。
But she's gone.	但她已經不在了。
She is no longer here. Perhaps she went to the Chapel to pray for your success.	她已不在此處。或許她去了神殿，為你的成功祈禱。
She's not here.	她不在這裡。
The bushes are dying from the curse upon Camelot.	這些灌木正因肯萊特所受的詛咒而枯萎。
The walls, not surprisingly, are made of grey stone.	這些牆，不出所料，是灰石砌成的。
This tower houses ladies of the court, unmarried girls and spinster women, mainly.	這座塔主要住著宮廷仕女，多是未婚少女與未嫁的婦人。
You cannot actually see in from here, but I believe it is the ladies' sewing room inside.  Hardly of interest to you.	你在此處看不進去，但我想裡頭是女眷的針線房。你對此應無興趣。
The fountain has run dry, like most of Camelot's water.	這座噴泉已然乾涸，如同肯萊特大半的水源。
There is none.  The Queen's fountain has dried up, like so many of Camelot's lakes and rivers.  It is one more reminder of the curse which you alone can undo by finding the Grail.	沒有了。王后的噴泉已經乾涸，如同肯萊特眾多的湖泊與河流一般。這又提醒你：唯有尋得聖杯，才能解除這詛咒。
It is a plain stone bench.	這是一張樸素的石凳。
They are dying from the curse upon Camelot.	它們正因肯萊特所受的詛咒而枯死。
You often hunt those hills, even as far as the distant Mendip Hills. But this is no time to be daydreaming.	你常在那片丘陵狩獵，甚至遠至門迪普丘陵。但此刻不是耽於幻想的時候。
I have all the wealth I need and desire no more earthly goods, only the salvation of our land.	我所需的財富已然足夠，不再渴求塵世的財物，只盼我們的國土得到拯救。
You have better things to do than peek into the ladies' sewing room.	你有更要緊的事得做，何必窺探女眷的針線房。
This is not the time for scrambling about like a boy.	此刻不是像個孩子般東奔西跑的時候。
Wanton violence taints the soul.	恣意的暴力會玷污靈魂。
Though you may desire to sit in the sun, your mission is too urgent to wait.	你或許渴望坐下曬曬陽光，但你的使命緊迫，容不得等待。
None of these leaves has any particular value.	這些葉子並無特別的價值。
The only rose has already been picked.	唯一的那朵玫瑰已經摘下了。
You don't need to.	你不需要這麼做。
You would be a poor husband indeed to be so careless.	若你如此粗心大意，實在稱不上是個好丈夫。
She was being poetic, Arthur. She meant only to carry it with you.	她只是說得詩意些罷了，亞瑟。她的意思不過是要你隨身帶著它。
There is nothing quite as exciting as a man with a long sword.	沒有什麼比佩著長劍的男子更令人心動的了。
Fond as I am of your sword, Arthur, I would rather that you save it for a better use.	亞瑟，我雖鍾愛你的劍，但寧可你將它留待更好的用處。
Your sword is unequalled in all of Christendom.  But for my peace of mind, I prefer to see it sheathed.	你的劍在整個基督教世界裡無人能及。但為了我心安，我還是希望見它入鞘。
Arthur, the gods are jealous of their gold. It would be the greatest sacrilege, one which cannot be undone. Think again before you try this.	亞瑟，諸神看重他們的金子。此舉將是莫大的褻瀆，一旦犯下便無可挽回。動手之前，再三思量。
Since you are determined to commit this sacrilege, I will say nothing more. Your doom is your own.	既然你執意要犯下這等褻瀆，我便不再多言。你的劫數，自行承擔。
Fool.	愚蠢。
Arthur, it is not wise to insult a god. Think before you do this.	亞瑟，觸怒神明並非明智之舉。動手之前，先想清楚。
Alas, I fear you bring much evil upon yourself by such an unwise act.	唉，恐怕你這般輕率之舉，會為自己招來重重災禍。
Unwise, Arthur, unwise.	不智啊，亞瑟，太不智了。
The sacred fire of Mithras is lit. The blessing has been given.	米夏拉的聖火已然點燃，恩賜已然降下。
Only the blessing of Mithras can light this candle.	唯有米夏拉的恩賜，才能點燃這支蠟燭。
The sacred fire of Christ is lit. The blessing has been given.	基督的聖火已然點燃，恩賜已然降下。
Only the blessing of Christ can light this candle.	唯有基督的恩賜，才能點燃這支蠟燭。
The ceiling arches over your head like the great vaults of heaven.	天花板在你頭頂拱起，宛如浩瀚的天穹。
The floor is made of inlaid stones.	地板由鑲嵌的石塊鋪成。
There is nothing but a dark space.	那裡除了一片黑暗，什麼也沒有。
Those are pads to kneel upon.	那些是供人跪拜的墊子。
Look again.  Methinks you are confused.	再看仔細些，我看你是糊塗了。
There is only one thing more deadly than offending a god.	世上只有一件事，比觸怒一位神明更為致命。
Offending two gods.	那便是同時觸怒兩位神明。
The cross is an ancient symbol that has been adopted by the followers of the Christ god.	十字是個古老的符號，後為基督信徒所採用。
The symbol of Mithras has emblazoned many a warrior's shield, for he has been primarily a soldier's god.	米夏拉的標識曾裝點過無數戰士的盾牌，因為他向來是軍人的守護神。
Those are symbols of Isis and Vesta. What they are doing in this chapel, I do not know.	那些是艾西斯與維斯塔的標識。它們為何會出現在這座神殿裡，我也不得而知。
This is a relatively new religion, but it has grown enormously in power over the last few centuries. Most of your people now worship the Christ god.	這是一個相對年輕的信仰，但在過去幾個世紀裡勢力大增。如今你的子民多半信奉基督。
Mithras the warrior god has been worshipped for many, many centuries and was the favorite of Roman soldiers.	戰神米夏拉受人供奉已有數百年之久，向來深受羅馬士兵愛戴。
On the right is the altar of Christ.  On the left is the altar of Mithras.	右側是基督的祭壇，左側是米夏拉的祭壇。
The double altar in the Chapel of the Two Gods reflects the power struggle between an old and new religion.	雙神神殿裡的這座雙祭壇，映照出新舊信仰之間的權力角力。
Most of this room is made of stone: the altars, the floor, the pillars.	這房間大半以石造成：祭壇、地板、廊柱皆然。
The walls are lined with decorative columns.	牆邊立著一排裝飾用的廊柱。
They hold up the ceiling.	它們撐起了天花板。
The intertwining lines upon the double altar is Celtic knotwork.	雙祭壇上交纏的線條，是凱爾特結紋。
The highly decorative pillar is one of the main supports for the ceiling.	這根裝飾繁複的廊柱，是支撐天花板的主要柱子之一。
The vision is sent to remind you that you must be morally pure to possess it.  Every deed and decision in your mission will be weighed in judgement.	這異象是要提醒你：唯有心靈純淨之人才配擁有它。你此行的一言一行、每個抉擇，都將受到審判衡量。
Mithras shows you perils that have befallen or will befall your three knights.  He reminds you that, as king, you are responsible for their lives.	米夏拉向你展示你三位騎士已經或即將遭遇的險境，提醒你身為君王，須對他們的性命負責。
I hope you are not seeing something that I do not see. It would not bode well for your mission.	我盼你所見並非我未曾見過之物，否則對你的使命絕非吉兆。
They are not bowls.  They are altar candles.	那些不是碗，是祭壇上的蠟燭。
Upon the right is the cross, symbol of the Christ god who was crucified upon one.	右邊是十字，基督便是被釘死在十字架上，因而成了祂的標識。
Upon the left is the symbol of Mithras, formerly carried upon banners into battle.	左邊是米夏拉的標識，昔日曾被繡上軍旗、隨軍出征。
Only the blessing of Mithras can light the candle on the left.	唯有米夏拉的恩賜，才能點燃左側的蠟燭。
Only the blessing of Christ can light the candle on the right.	唯有基督的恩賜，才能點燃右側的蠟燭。
I am sure you will think of something to offer the gods.	我相信你會想出該獻給諸神什麼供品。
The labarum is the symbol of Mithras.	拉巴倫是米夏拉的標識。
The skulls are reminders of the death that awaits us all.	這些骷髏頭提醒著世人，死亡終將降臨眾生。
And may the god of your choice protect you.	願你所選的神明護佑於你。
That is beyond your powers. Or mine.	那超出了你的能力範圍，也超出了我的。
That can be arranged.	這可以安排。
Not in this place. You need all the help you can get.	此處不可。你需要一切能得到的助力。
The gods are always fond of offerings.  Depending, of course, upon what it is you intend to offer.	諸神向來喜愛供品，當然，這得看你打算獻上什麼。
That is not the sort of offering the gods desire.	那並非諸神所欲的供品。
The candle is not lit.	這支蠟燭並未點燃。
I do not understand what you hope to gain by having burnt fingers.	我不明白你燙傷手指究竟想換得什麼。
It is said that the gods prefer prayers offered upon bended knee.	據說諸神偏愛跪地獻上的禱告。
Perhaps the gods need more tangible proof of your devotion before they will grant a blessing.	或許諸神在賜下恩典之前，需要更實質的證明，證明你的虔誠。
The lighting of the sacred fire is the god's way of telling you that your prayers are heard.	聖火燃起，便是神明告訴你祂已聽見你禱告的方式。
The gods prefer to hear prayers from bended knee.	諸神偏愛聽見跪地獻上的禱告。
Arthur, pay attention.  You are already on your knees.	亞瑟，留意些。你已經跪著了。
It does not require a wizard to see that you ARE standing.	不必是巫師也看得出，你現在正站著。
Humbling yourself is the first step in dealing with any god.	謙卑自抑，是與任何神明打交道的第一步。
Your prayers have been heard and the blessing given.	你的禱告已蒙垂聽，恩賜已然降下。
You have incurred Mithras' wrath.  Nothing can help you now.	你已招來米夏拉的怒火，如今再無挽回餘地。
I suspect that an earthly gift may help your prayers to reach the heavens.	我猜想，一份塵世的供品或許有助於你的禱告上達天聽。
You have incurred Christ's wrath.  Nothing can help you now.	你已招來基督的怒火，如今再無挽回餘地。
You have no money.	你身無分文。
Before a god will accept money, he must be shown the proper reverence.	神明接受供奉之前，須先受到應有的敬意。
The vision was a gift, not a purchase. It will not appear again.	那異象是一份恩賜，並非可以買來的東西，它不會再度出現。
You would not listen to warnings.  Now you are under Mithras' curse and nothing can undo it.	你不聽勸誡，如今已受米夏拉的詛咒，再無法解除。
You have already been blessed.	你已蒙受恩賜。
The dull clunk of a copper coin does not seem to excite much interest from the gods of this chapel.	一枚銅幣落地的悶響，似乎難以引起這神殿諸神的興趣。
The vision was a gift, not a purchase.  It will not appear again.	那異象是一份恩賜，並非可以買來的東西，它不會再度出現。
You would not listen to warnings.  Now you are under Christ's curse and nothing can undo it.	你不聽勸誡，如今已受基督的詛咒，再無法解除。
That would require preparations and priests and too much time. The blessing of the god is enough to ask for.	那需要諸多準備、祭司主持，還要耗費太多時間。只求神明的恩賜便已足夠。
And bring down the curse of the god? Do not even think it!	還要招來神明的詛咒？想都別想！
Your doom is now sealed.	你的劫數已然註定。
There are no gold coins upon the altar.	祭壇上沒有金幣。
There are no silver coins upon the altar.	祭壇上沒有銀幣。
The gods may not notice the loss of a bit of copper.	少了一點銅幣，諸神或許不會察覺。
There are no copper coins upon the altar.	祭壇上沒有銅幣。
If you wish to get more money, you must go to the Treasury. In this place, you should think only in terms of giving.	你若想取得更多錢財，須前往寶庫。在此處，你該想的只有給予。
Which coin do you want?	你要哪一種錢幣？
It would make a lovely offering, but is not quite what the gods want.	這雖是件討喜的供品，卻不是諸神真正想要的。
You're not close enough to a flame and you do not want to be.  Trust me.	你離火焰還不夠近，而你也不會想要靠得更近。相信我。
The fire is not lit on this candle, Arthur	這支蠟燭上並未點著火，亞瑟
Burn a gift of love from Gwenhyver?  I would seriously reconsider.	燒掉昆海兒所贈的愛的信物？我勸你三思。
Nothing is left but ashes.  I sense you have angered the gods and no good will come of this.	只剩下一堆灰燼。我感覺得到，你已觸怒了諸神，此事絕無好結果。
You have not yet been given the blessing of the flame.	你尚未獲得聖火的恩賜。
Are you mad?  It is a sign that Christ has heard your prayers and given his blessing.	你瘋了嗎？那是基督已聽見你禱告、賜下恩典的徵兆。
Mithras has ways of punishing fools who tamper with his holy fire.	米夏拉自有懲罰之道，對付膽敢褻瀆他聖火的愚人。
There. You have nothing better to show for it than burnt fingers.	瞧，除了燙傷的手指，你什麼也沒換到。
That belongs here and is of no use to you.	那東西屬於此處，對你毫無用處。
Those are not bowls.  Those are altar candles and must be left on the altars.	那些不是碗，是祭壇上的蠟燭，必須留在祭壇上。
Only the blessing of a god can do that.	唯有神明的恩賜，才能做到這一點。
The Christ god does not approve of such things.	基督不贊同這樣的事。
Once, in very ancient times, the sacrifice of a white bull would have been proper.  But there is no time for that now.	遠古之時，獻上一頭白牛原本才是合宜的祭品。但如今，已沒有時間這麼做了。
You cannot draw your sword from your knees.	你跪著時無法拔劍。
You annoy the gods by brandishing a weapon in this sacred place.	在這神聖之地揮舞兵刃，會惹惱諸神。
Your knees must be getting sore.  Perhaps you should consider doing something.	你的膝蓋想必已經跪痠了。或許你該考慮做點什麼。
The flame is lit and the blessing given, but wait....	聖火已點燃，恩賜已降下，但且慢……
Mithras sends you visions of your missing knights. And listen! Their voices call out to you in distress!	米夏拉向你展示你失蹤騎士們的異象。且聽！他們的聲音正痛苦地向你呼喚！
Save me, most valiant king! I am injured unto the death by a black fiend. The green leaves will cover my bones unless you are quick.	救救我，至勇的王啊！我為一個黑暗惡魔所傷，命在旦夕。你若不快，青葉終將覆蓋我的白骨。
Arthur, I cannot move. I cannot escape. And I am so cold, so terribly cold. Ah, how can she be so heartless?!	亞瑟，我動彈不得，無法逃脫。我好冷，冷得徹骨。啊，她怎能如此狠心？！
I am lost in the darkness, hidden from light and life, with only the rats to lust for my flesh and blood. I will die here unless you help me, my king.	我迷失在黑暗之中，不見天光，不見生機，唯有鼠群覬覦著我的血肉。吾王，你若不來救我，我將死在此處。
The flame is lit. You have been blessed, and now something shimmers in the air....	聖火已點燃，你已蒙受恩賜，此刻空氣中似有什麼正閃爍著微光……
A vision of the Grail appears to you. Christ sends it to remind you that only a man of purity may attain this sacred cup.	聖杯的異象在你眼前浮現。基督藉此提醒你：唯有心靈純淨之人，方能得到這只聖爵。
Remember, the fate of Camelot rests not only upon your finding the Grail, but your worthiness to possess it.	切記，肯萊特的命運不僅繫於你能否尋得聖杯，更繫於你是否配得擁有它。
That is quite impossible.	那絕無可能。
The gods do not provide visions upon demand.  Accept what you have been given or you will anger them.	諸神不會應人所求便賜下異象。接受你已得到的，否則將觸怒他們。
The gods give visions to those who please them.	諸神只將異象賜給令祂們喜悅的人。
What you saw and heard may have happened or is yet to happen. To learn more, you must find the knights themselves.	你所見所聞，或許已經發生，或許尚未發生。若想知道更多，你必須親自找到那幾位騎士。
The sacred flame is lit. You and your mission have been blessed.	聖火已然點燃。你與你的使命，皆已蒙受恩賜。
The guards stand at attention in your presence.	衛兵們在你面前肅立戒備。
The guard has the air of a man who wants to speak, but is afraid to speak without permission.	這名衛兵神情像是有話想說，卻又不敢未經允許便開口。
You can't take your horse in the castle.	你不能把坐騎帶進城堡裡。
The stables are nearby, but your servants tend to all your needs there. You have other, more important concerns.	馬廄就在附近，但那裡有僕從為你打理一切所需。你還有其他更要緊的事得操心。
Your mule is not yet here.	你的騾子尚未到此。
My pleasure, m'lord.	樂意效勞，吾王。
Beggin' your pardon, m'lord?	恕小人失禮，吾王？
The skies are clear.  'Tis a good day to begin your search.	天色晴朗。正是啟程尋覓的好日子。
Considering how much of Camelot is made of this grey stone, there must have been a great deal of it around at one time.	肯萊特有大半是以這種灰石建成，想當年此地想必蘊藏甚豐。
The inner courtyard is guarded by your loyal men.	內庭由你忠誠的士兵把守。
Your warhorse and a pack mule have been prepared for your journey.	你的戰馬與一頭馱運的騾子，都已為此行備妥。
It does not look happy about being chosen for this mission, nor about carrying your pack of provisions.	牠似乎不太樂意被選中執行此行，也不情願馱著你的補給包。
Your mule is being prepared for the journey.	你的騾子正為此行做準備。
Aye, those are stairs.	正是，那是階梯。
I can sense the mingling of pride and despair that fills you as you look upon your stronghold and home.	我能感受到，你望著這座要塞與家園時，心中驕傲與絕望交織。
The thick, stone walls make Camelot virtually impregnable against normal attack.	厚重的石牆使肯萊特幾乎無懈可擊，尋常攻勢難以攻破。
Against this curse of plague and drought, however, the thickest of stone walls is no defense.	然而面對這場瘟疫與乾旱的詛咒，再厚的石牆也無濟於事。
It is the main entrance to your castle proper.	這是通往城堡本體的正門。
The window in the tower is a lookout.	塔上的窗口是瞭望口。
This tunnel leads to the portcullis which is your outside gate.	這條甬道通往閘門，也就是你的外門。
It is part of the defensive system of Camelot.	這是肯萊特防禦體系的一部分。
Your horse is a sturdy and well-trained stallion, bred to be steady in danger and battle.	你的坐騎是一匹強健且訓練有素的公馬，育種便是為了臨危與臨陣皆能沉穩不亂。
Your grooms prepare the horse and pack mule.  When you are ready, they will be here.	馬伕正在備妥坐騎與馱運的騾子。待你準備就緒，牠們便會在此候命。
You should know your horse better than that, Arthur. He is a stallion.	你該比這更了解自己的坐騎才是，亞瑟。牠是匹公馬。
Your guards bear the Royal shields of Camelot.	你的衛兵持著肯萊特的皇家盾牌。
Your own shield is familiar to you. Your guards, of course, bear the Royal shields of Camelot.	你對自己的盾牌再熟悉不過。至於你的衛兵，自然持著肯萊特的皇家盾牌。
Your guards have little need for their lances these days.	你的衛兵近來已鮮少用得上長槍。
It contains water, food, blankets, extra clothing and such things as you may want on a long journey.	裡頭裝著水、糧食、毛毯、備用衣物，以及長途旅程中你可能用得上的物件。
Your servants are preparing a pack for your trip. It will be ready to go when you are.	你的僕從正為此行備妥行囊，待你準備完畢，行囊也將備妥待發。
Your own special tack has been used.	你專屬的馬具已然備上。
There is no tack here.	此處並無馬具。
Galahad is well liked amongst the guards.  They would be most likely to have news of him.	葛拉漢在衛兵之間頗受愛戴，他們最有可能得知他的消息。
A clumsy weapon for a long trip. Excaliber is the best weapon you could want.	長途跋涉帶這種笨重武器不甚妥當。聖劍才是你能擁有的最佳武器。
There will be time enough for that on the journey.	此事路上自有時間再說。
What the devil for?  Have you lost all common sense?	這究竟是為了什麼？你莫非失了常識？
There is no pack here.	此處並無行囊。
Your horse is already here.	你的坐騎已在此處。
Your mule is already here.	你的騾子已在此處。
It is being prepared. When your own preparations are complete, it will surely be ready and waiting for you.	牠正在備妥中。待你自己準備就緒，牠必已備妥候著你。
It is not only difficult, but pointless.	此事不僅困難，更是毫無意義。
Lead and it will follow.	你只管引路，牠自會跟上。
Your grooms have seen to such details, though you are wise to think of it.	這類細節馬伕早已辦妥，不過你想到這一點也算明智。
A horse is for riding.	馬是用來騎的。
Why would you want to ride a bony little mule when you have your fine stallion?	你既有這匹駿馬，何苦去騎那頭瘦骨嶙峋的小騾子？
Nay, 'tis the other way around. The mule follows you.	不，恰恰相反。是騾子跟著你走。
Why do you draw your sword here?  You are safely surrounded by your own men.	你為何在此拔劍？你身邊盡是自己的士兵，安全無虞。
This is no time for sword practice with your men.	此刻不是與士兵練劍的時候。
The legend says that a man with violence in his soul will be destroyed if he touches the Grail.	傳說中，心懷暴戾之人若觸碰聖杯，必遭毀滅。
It is a rather ordinary shield.	這是面相當普通的盾牌。
It is a rather ordinary spear.	這是柄相當普通的長矛。
Forgive me, sire, I do not understand.	恕臣不解，陛下。
Standing closer to a guard would help.	靠近某位衛兵些，或許有幫助。
You are my king, sire.	你是臣的君王，陛下。
I am your faithful and loyal servant, my liege.	臣是陛下忠誠效命的僕從，吾主。
Your horse, mule and pack are being prepared.	你的坐騎、騾子與行囊都在備妥中。
Your horse is saddled and ready. The mule bears your pack of provisions.	你的坐騎已備鞍待發，騾子則馱著你的補給行囊。
I have no news of him, m'lord.	小人並無他的消息，吾王。
She should be in the castle, m'lord.	她應當在城堡裡，吾王。
I am sure you know more than me about that, sire, me being only a guard and all.	陛下想必比小人更清楚此事，畢竟小人不過是個衛兵。
The man yonder, to the left of the arch, is the smartest of all of us, m'lord.	拱門左側那人，是我們當中最機靈的一個，吾王。
May God protect you, m'lord.	願上帝保佑你，吾王。
May God lead you to the Grail, my King.	願上帝引領你尋得聖杯，吾王。
We pray for your success, King Arthur.	我們為你的成功祈禱，亞瑟王。
Mithras guide and protect you.	願米夏拉引導並庇佑你。
Such miserliness does not become a king.	如此吝嗇，實非人君之風。
All the armour gets in the way, fortunately.	所幸這身甲冑正好擋路，礙手礙腳。
They have no use for it.	他們用不著這個。
Very sweet of you, m'lord.	你真是體貼，吾王。
You don't have any money.	你身上沒有錢。
Bless you, m'lord!	願神保佑你，吾王！
Thank'ee most kindly, m'lord!	多謝吾王厚賜！
Praise be your generosity, King Arthur!	讚頌你的慷慨，亞瑟王！
Arthur, will you please stop trying to give away your most valuable possessions.	亞瑟，別再想著把你最貴重的物件送人了。
As you command.	遵命。
Their weapons are inferior to Excaliber.	他們的武器比不上聖劍。
Besides which, they need them to defend Camelot in your absence.	何況你不在時，他們還得靠這些武器防守肯萊特。
You guard needs it.	你的衛兵需要它。
They are unable to do that.	他們辦不到此事。
Their place is here, guarding Camelot.	他們的崗位在此，守衛肯萊特。
Is this some odd Celtic word, m'lord?	這是什麼古怪的凱爾特語嗎，吾王？
Greetings, my liege.	向吾主問安。
Uh....no, thank you, m'lord.	呃……不了，多謝，吾王。
What a thoroughly disgusting idea.	好個令人作嘔的念頭。
These are not the thoughts of a pure man.	這可不是清白之人該有的念頭。
The Christians say that stealing is a sin and no sinner may lay hands upon the Grail and live.	基督徒說偷竊是一種罪，罪人若碰觸聖杯，必難逃一死。
You can only help us by bringing back the Grail before it is too late.	你唯有趁一切還來得及，將聖杯尋回，才能真正幫上我們。
Your horse is trained only to fight your enemies, not your friends.	你的坐騎只受過與敵人交戰的訓練，不會對付你的朋友。
You're not on the horse.	你並未騎在馬上。
That is not becoming of a king.	此舉有失人君之儀。
His horse was sent back to our care by the Harbourmaster of Southampton.	南安普頓港的港務司已將他的坐騎送回，交由我們照料。
Along with a message from the Harbourmaster that Sir Galahad took ship to the Far East.	港務司還捎來口信，說葛拉漢爵士已搭船前往遠東。
Very well, m'lord.	遵命，吾王。
My Lord King, I have news of Galahad, if you would care to hear it.	吾王陛下，臣有葛拉漢的消息，不知陛下是否願聞。
That is all I know, m'lord.  Godspeed you on your mission.	小人所知僅此而已，吾王。願你此行一路平安。
My pleasure, m'lord.  I only thought to mention in case no-one else had told you, sir.	樂意效勞，吾王。小人只是想著，若無人稟報，還是說一聲的好。
Your horse and mule are being prepared for the journey.	你的坐騎與騾子正為此行備妥。
Your horse and mule await you in the courtyard.	你的坐騎與騾子在庭院中候著你。
The skies are clear and the weather holding good. A fine time to begin a journey.	天色晴朗，天候良好，正是啟程的好時機。
Amazingly enough, it is also paved with stone.	說來也是，這裡同樣鋪著石板。
Here your journey begins in earnest. Search your soul and be sure you are ready.	你的旅程將自此正式展開。捫心自問，確認自己已準備就緒。
Once you leave Camelot, I will seal the castle with a powerful spell of protection. You will not be able to re-enter until you have the Grail.	你一旦離開肯萊特，我便會以強大的護城法術封印城堡。在你尋得聖杯之前，你將無法再度進入。
This is the main gate of Camelot.	這是肯萊特的正門。
It stands tall, strong and proud. Yet if you fail, it will not endure.	它高聳、堅固、巍然而立。然而你若失敗，它終將不保。
The top of the tunnel is also stone.	甬道的頂部同樣是石造。
It is fairly dark in here. There is not much to see.	這裡相當昏暗，沒什麼好看的。
It leads to the courtyard and the main door to the castle.	它通往庭院與城堡的正門。
The boulders are part of the castle's foundation.	這些巨石是城堡地基的一部分。
This heavy portcullis was built to withstand even a battering ram.	這座沉重的閘門，就連攻城槌也難以撼動。
You surely know your own symbol, Arthur, the red dragon of Pendragon.	你當然認得自己的家徽，亞瑟，那是潘德拉貢的紅龍。
The walls are massive and built of stone.	城牆雄偉厚重，以石砌成。
Travel on and the map will guide you.	繼續前行，地圖自會為你指路。
There is no moat. Your protection is in the high walls and steep cliffs.	這裡沒有護城河，你的屏障在於高聳的城牆與陡峭的懸崖。
Camelot was designed without a drawbridge.	肯萊特建造之初便未設吊橋。
He is safe within. Worry not.	他在裡頭很安全，無須擔憂。
And fall to your death? Ridiculous.	摔下去送命？荒唐。
You already are on your horse.	你已騎在馬上。
You don't need to get off your horse.	你不必下馬。
It IS open.	它確實是開著的。
You may not return, Arthur, until you have found the Grail...or died in trying. To turn aside or abandon your sacred mission means the certain death of all you hold dear.	亞瑟，除非你尋得聖杯……或死於途中，否則你不得回返。若你轉身逃避或放棄這項神聖使命，你所珍愛的一切必將盡數殞落。
You can hardly begin a long and arduous journey in your court clothes.	你穿著宮廷袍服，如何踏上這般漫長艱辛的旅途。
Do you think this is a fairytale where you can simply run off without preparation?	你以為這是童話故事，可以毫無準備便說走就走？
Certainly.  As soon as you have a horse under you, as common sense would require.	當然可以，只消你胯下有匹馬便行，這是常理所需。
This is no time for petulance or foolishness.   The lives of all your people hang in the balance.	此刻不是任性胡鬧的時候。你全體子民的性命，皆懸於一線。
It IS lowered	它確實已經放下。
It will be done.  You need not worry.	此事必會辦妥，你無須擔憂。
Excaliber is a powerful sword, but even it cannot break this portcullis.	聖劍雖是把威力強大的劍，卻也劈不開這座閘門。
There is no need.  It will follow.	無此必要，牠自會跟上。
It is on the mule which follows you.	它就在跟著你的那頭騾子身上。
It is rather early for that.  You have not even begun to travel.	現在說這個還太早，你連旅程都還沒展開。
If it is ready, it will be in the courtyard.	若已備妥，便會在庭院裡。
What an utterly ridiculous idea.	好個荒唐透頂的念頭。
They are at their posts where they belong.	他們都在自己該駐守的崗位上。
This is your mission alone, Arthur.  They cannot help you.	這是你獨自的使命，亞瑟，他們幫不上忙。
It is terribly unwise to start a sacred mission without the blessings of the gods.	未得諸神庇佑便展開這神聖的使命，實在極不明智。
The Christ god does not like being ignored.  His vengeance is swift and final.	基督之神不喜受人漠視，祂的報應迅速而不容轉圜。
Alas, Mithras is a bad god to offend.  Remember this, in your next life.	唉，米夏拉可不是能輕易冒犯的神祇。這一點，留待你來世牢記吧。
One does not get far when the gods are offended.	觸怒了神明，是走不了多遠的。
Widdershins is a forest sprite.  It must inhabit this shrine.	Widdershins 是森林精靈，想必就棲居在這座神龕裡。
It is an old, bronze statue of Cernunnos and he holds out a cup for offerings.	這是一尊古老的青銅像，塑的是 Cernunnos，祂伸出雙手捧著一只杯子，等候供品。
Ah!  Of course!  The idol is bronze.  That explains Widdershins's toll of copper or tin.	啊！這就對了！這尊神像是青銅所鑄，難怪 Widdershins 收的過路費，非銅即錫。
This shrine contains a bronze statue of the Celtic god, Cernunnos, within a stone housing.	這座石造神龕裡，供奉著凱爾特神祇 Cernunnos 的青銅像。
'Tis a rock.	這是一塊岩石。
'Tis a tree.	這是一棵樹。
'Tis a bush.	這是一叢灌木。
The forest sprite is not a man.	這森林精靈並非凡人。
There is no one here.	此處空無一人。
The miserable sprite has turned everything but your copper coins into pebbles!	這可惡的精靈把你身上除了銅幣之外的東西全變成了石子！
Your copper coins are untouched by the spell.	你的銅幣未受此咒波及。
I would worry less about the pebbles than about how to get Widdershins to undo his trick.	與其擔心那些石子，不如想想該如何讓 Widdershins 收回這個惡作劇。
You have more important things to worry about than pebbles.	比起石子，你有更要緊的事該操心。
Mercifully, he is gone.	所幸，他已經離開了。
Widdershins only wants a bit of copper.  I would not be stingy, if I were you.	Widdershins 要的不過是一點銅幣。若我是你，可不會這麼小氣。
Try not to disturb Widdershins again.	盡量別再驚動 Widdershins 了。
The mischievous forest sprite, Widdershins, is perched upon the shrine, waiting for you to pay his toll.	頑皮的森林精靈 Widdershins 蹲踞在神龕上，等著你繳納過路費。
It should look familiar.  This is where you entered the forest and there is the little shrine.	這裡你該不陌生。你就是從這裡踏入森林的，那座小神龕也在此處。
Let us hope Widdershins is asleep.	但願 Widdershins 正在沉睡。
You must pass through the Forest Perilous to reach Glastonbury Tor.  The forest is so named because of the many dangers hidden within.	你必須穿越派瑞樂斯森林，才能抵達格列斯登伯利山。這座森林之所以如此命名，正因其中潛藏著重重危機。
In this clearing, there is a very old forest shrine.	這片林間空地上，立著一座古老的森林神龕。
He has returned to his hiding place inside the shrine.	他已退回神龕裡的藏身之處。
It is empty	此處空無一物
The statue of Cernunnos has antlers, representing the fertility of the stag.	Cernunnos 的塑像頭生鹿角，象徵雄鹿的豐饒生機。
Cernunnos is an ancient Celtic god of the hunt or sometimes of the underworld.	Cernunnos 是凱爾特人古老的狩獵之神，有時也被視為冥界之神。
The bronze statue is of the Celtic god, Cernunnos.	這尊青銅像塑的是凱爾特神祇 Cernunnos。
If he passed this way, he left no traces.	縱使他曾路過此地，也未留下任何痕跡。
It is not very powerful, but such sprites are quite mischievous and will play small, but nasty tricks upon those who displease them.	他法力不算高強，但這類精靈生性頑皮，遇上惹惱自己的人，便會使出些雖小卻惡毒的把戲。
The idol is bronze and bronze is an alloy made of copper and tin.  Widdershins has become obsessed, I would say, with making bronze.	這尊神像是青銅所鑄，青銅乃銅與錫合煉而成的合金。依我看，Widdershins 是著了鑄造青銅的魔。
It does not speak.  It does not even hear.	它不會說話，甚至聽不見。
You have none to give.	你身上並無可以奉上之物。
Get closer to the front of the shrine.	再靠近神龕正面一些。
You will never see that money again.	那筆錢，你是再也見不著了。
Ah, how pleasant.  He has gone away for now.	啊，真是清靜。他這會兒已經走了。
That is of no use here.	此物在此毫無用處。
You have only just entered the Forest Perilous. That can wait until later.  For now, be on your guard.	你才剛踏入派瑞樂斯森林，那事不妨稍後再議。眼下，還是提高警覺為要。
You cannot really harm such an elemental creature with mere force.	單憑蠻力，你傷不了這種元素精怪。
Besides, you would have to catch it first and that is nearly impossible.	再說，你得先逮住牠才行，而那幾乎是不可能的事。
I could do so with a spell, but only if I were there in person.  You will never do so otherwise.	我倒是能施法辦到，但得親身在場才行。否則，你是絕無可能做到的。
You have not the means to shatter stone or break bronze.  Besides, the shrine is holy and not to blame that Widdershins has taken up residence in it.	你沒有能耐擊碎岩石或毀壞青銅。再說，這神龕本是聖地，Widdershins 選中此處棲身，也怪不得它。
You will find it is too heavy and solidly rooted in the ground.	你會發現它重不可舉，且深深扎根於地。
You cannot harm a sprite with mere steel.	區區鋼鐵，傷不了精靈。
Copper or tin! Copper or tin! Copper or tin for Widdershins!	銅也好，錫也好！銅也好，錫也好！Widdershins 只要銅或錫！
Single-minded creature, is he not?	這傢伙倒是心無旁騖，是吧？
The sprite has struck!  He has afflicted you with an attack of stinging ants!	精靈出手了！他放出一群螫人的螞蟻襲擊你！
By my beard!  You no sooner put the copper in the shrine than the sprite made off with it.	我的鬍子啊！你才剛把銅幣放進神龕，那精靈轉眼便捲著它跑了。
Ah, did you feel a tingling?  The trick has been undone, but check your purse, if you wish to make sure.	啊，你感覺到一陣刺麻了嗎？這惡作劇已經解除，但你若想確認，不妨查看一下錢囊。
There is no sign of the sprite, yet you know he must stil be about.	精靈不見蹤影，但你明白他必定仍在附近。
Copper is mine! Copper divine! Go your way, No trick I will play.	銅幣歸我，銅幣是寶！你儘管上路，惡作劇到此為止。
Silver and gold do not pay my toll! Copper or tin is my only whim!	金銀寶物付不了我的過路費！我只鍾情銅與錫！
You found nothing, of course.	你自然是什麼也沒找到。
Do make up your mind.	拿定主意吧。
It is a forest sprite.  It must inhabit this shrine.	這是一名森林精靈，想必就棲居在這座神龕裡。
Copper or tin!  Keep your useless human stuff.  Copper or tin!	銅也好，錫也好！你那些沒用的凡人玩意兒，留著自己用吧。銅也好，錫也好！
Aye, copper!  Give me copper!	是的，銅幣！把銅幣給我！
My toll you pay or a trick I play!	繳了過路費，不然就等著挨我的把戲！
Going out or coming in, Copper or tin for Widdershins! You had better heed my whim, Pay the toll of Widdershins! If no copper or no tin, You get a trick from Widdershins!	不論是出是進，Widdershins 都要銅或錫！你最好順著我的心意，繳清 Widdershins 的過路費！若是沒銅也沒錫，Widdershins 就讓你嚐嚐把戲！
Why would you want to do that?	你何必這麼做？
There is a spear leaning on the rack behind the Hunter.	獵人身後的架子上，斜倚著一支長矛。
From the simplicity of the Hunter's clothing and his worn face, I would say that he is a poor man.	從獵人樸素的衣著與滿是風霜的面容看來，我猜他是個窮苦人。
It is a makeshift rack.	這是個臨時搭成的架子。
The hunter has several pelts drying upon simple racks made of sticks.	獵人用幾根木棍搭成簡陋的架子，上頭晾著幾張獸皮。
Did you expect the spear to be here?  You were warned that it could not leave the forest.	你以為長矛會在這裡？早有人警告過你，它離不開這座森林。
The spear remains wedged in the carcass of the boar.	那支長矛仍卡在野豬的屍身裡。
He is clearly not here.	他顯然不在這裡。
It would be best to avoid the creature, unless you have copper or tin to give it.	除非你備有銅或錫可以奉上，否則最好避開這東西。
In this small clearing, a Hunter has set up his skins on racks to dry.  Next to him are three spears.  He is a bold man or a desperate one to seek his living in the Forest Perilous.	這片小小的空地上，一名獵人架起木架晾曬獸皮，身旁擺著三支長矛。能在派瑞樂斯森林裡討生活，這人不是膽識過人，就是走投無路。
It is the same as when you passed through here before.  The Hunter is still here with his spears and his skins.	這裡的景象和你先前經過時一樣。獵人依舊守在這裡，帶著他的長矛與獸皮。
This clearing seems larger without the Hunter in it.	少了獵人，這片空地似乎顯得開闊了些。
The Hunter has left and taken everything with him.	獵人已經離去，並帶走了他所有的家當。
Like a true man of the forest, he has vanished leaving no trace that he was ever here.	一如真正的林中人，他消失得無影無蹤，彷彿從未來過此地。
There is no lance here, nor did the Hunter have one.	這裡沒有長槍，獵人本來也不曾有過。
Your best source of such information, the Hunter, is now gone.	你打聽此事最好的線索——那位獵人，如今已經離開了。
There is no use for it here.	此物在此派不上用場。
If you are threatened by a boar, that will be the time to make use of it.	若遭野豬威脅，正是用上它的時候。
You cannot use what you do not have.	你不曾擁有之物，如何使用？
You are talking nonsense.	你這是在胡言亂語。
I am sure you will find a likely bush somewhere in the forest for that.	我想，森林中不乏合適的灌木叢可供此用。
I know who you are, Arthur.	我知道你是誰，亞瑟。
I did not know that trees could pay taxes.	我倒不知道樹木也得納稅。
There is no one here save you and the mule.	此處除了你與騾子，別無他人。
From whom? There is no-one here.	向誰要？這裡空無一人。
Difficult, since he is not here.	這可難了，畢竟他人不在這裡。
He is no longer here, though a trace of him does linger on.	他已不在此處，但仍留下幾分蹤跡。
But the Hunter is gone.	但獵人已經離開了。
Is something wrong, m'lord?	有什麼不對勁嗎，吾王？
I sense no danger here, but you are wise to be at readiness at all times in this forest.	我未感應到此處有何危險，但你時時保持戒備，在這座森林裡是明智之舉。
The staff of this boar spear is made of the sacred oak and the spearhead forged by the Black Knight himself.	這支獵豬矛的矛桿取自聖橡木，矛頭則由黑武士親手鍛造。
I will fasten it beneath your steed's trappings, so it will be secure until needed.	我會將它繫在你坐騎的鞍具下方，妥善收好，待用時取出。
'Tis done.  But be warned, m'lord, the spear draws its power from the Forest itself and cannot be taken away from it.	辦妥了。但吾王須知，這支長矛的力量源自森林本身，不能被帶離此地。
I am called Hugo the Bold.	人稱我作「無畏雨果」。
Ask the Hunter.	去問那獵人吧。
The Hunter would likely know more than I.	獵人知道的，多半比我還多。
This boar spear once belonged to the Black Knight and is powerful enough to kill even the giant boars of this Forest.  He has laid an enchantment on it so that it belongs to the Forest and cannot be taken from here.	這支獵豬矛曾屬於黑武士所有，威力足以誅殺這座森林裡的巨型野豬。他在矛上施了法術，使它歸屬於森林，無法帶離此地。
We are very poor and I have five children to feed.	我們家境貧寒，還有五個孩子要養活。
I have no lances, only my spears.	我沒有長槍，只有這些長矛。
You see the results of many weary days of work, m'lord -- hare, fox and squirrel pelts.	吾王您瞧，這是我多少個勞苦日子的成果——野兔、狐狸與松鼠的毛皮。
I notch together branches and sticks and use them for drying skins.	我把樹枝與木棍刻榫拼接，用來晾曬獸皮。
That is a most unhappy looking mule you have, m'lord.	吾王您這頭騾子，瞧著可真是愁眉苦臉。
I fear the danger of the forest was too much for it. That is one reason I never bring a pack animal with me.	恐怕是這森林裡的凶險嚇壞了牠。這也是我從不帶馱獸同行的原因之一。
Aye, it is a noxious pest.  I give it bits of tin to keep it happy.	是啊，那是個惹人厭的討厭鬼。我拿些碎錫餵牠，好讓牠消停。
Cernunnos is the God of the Hunt.	Cernunnos 乃狩獵之神。
Even one copper coin would be of much use to me, sire, and help greatly to loosen my tongue.	哪怕一枚銅幣，對我都大有用處，陛下，也能讓我這張嘴更樂意開口。
The forest is full of terrible dangers. I survive by remaining carefully upon the outskirts of it.	這座森林充滿可怕的危險。我之所以能活下來，全靠謹慎地待在林緣一帶。
He is a part of this forest, binding its power to him with dark magicks.  You must face his challenge, m'lord, if you wish to reach the Tor.	他已與這座森林融為一體，以黑暗法術將其力量繫於己身。吾王若想抵達那座山，就必須迎戰他的挑戰。
Which knight, m'lord?	是哪一位騎士，吾王？
Aye, that goodly knight came this way and rode on into the Forest to reach the Tor where he hoped to find the Grail.	是的，那位良善的騎士確實經過此地，策馬深入森林，欲往山上尋找聖杯。
But I fear he has met an evil fate, for he did not pass this way again.	但恐怕他已遭逢不幸，因為此後再也不曾見他經過此地。
I know nothing of him, m'lord.	我對他一無所知，吾王。
The local legend goes that Joseph of Arimathea brought the holy cup here from Jerusalem and hid it upon Glastonbury Tor.  That is all I know of it.	當地流傳的傳說是，亞利馬太的約瑟從耶路撒冷將聖杯帶到此地，藏於格列斯登伯利山上。我所知的僅止於此。
I would not dare to search there myself, because of the Mad Monk.	我自己是不敢前去搜尋的，因為那瘋僧侶在那裡盤據。
Sire, a strange monk has taken up residence in the ruins atop Glastonbury Tor.  He has surrounded the base of the Tor with a sorcerous barrier and stones that speak!	陛下，一名古怪的僧侶已在格列斯登伯利山頂的廢墟中住了下來。他在山腳布下了法術屏障，還有會說話的石頭！
The giant boars of this forest are especially dangerous.  Only a boar spear of the greatest strength is effective against them.	這座森林裡的巨型野豬格外凶險，唯有最強韌的獵豬矛才能制服牠們。
Aye, there is a dreadful hag that turns men to stone. Beware of her.	是的，這裡有個可怕的老巫婆，能把人變成石頭。務必提防她。
The bones of knights vanquished by the Black Knight are often left in the forest as a warning.  I pray yours will not be amongst them.	那些被黑武士擊敗的騎士，屍骨常被棄置林間以示警戒。我祈求您的骨骸不會添列其中。
Nothing I can tell you about that would be of value to you, m'lord.	關於此事，我實在說不出什麼對吾王有用的話。
What a mean and petty demand for a king to make. Leave such venal matters to your tax collectors.	這等卑劣瑣碎的要求，豈是一位君王該提的？這類貪鄙之事，就交給你的稅吏去辦吧。
Forgive me, m'lord, but the tax collector came by last week and took my last copper coin.	恕罪，吾王，稅吏上週才來過，把我最後一枚銅幣也收走了。
Leave that to the tax collectors, Arthur.  It is far beneath your dignity to do such a job.	這種事就交給稅吏去做吧，亞瑟。親自過問，實在有失你的身分。
A strange word, m'lord.  I do not understand its meaning.	這詞真怪，吾王。我不明白它的意思。
Tis an honor to be acknowledged by you, m'lord.	承蒙吾王垂顧，實乃莫大榮幸。
Aye, m'lord.  So I judged from your royal bearing, magnificent horse, and the symbol of Pendragon upon your shield.	正是，吾王。我是從您那王者的氣度、雄駿的坐騎，還有盾牌上潘德拉貢的紋章看出來的。
Having spoken with Sir Gawaine, I know something of what you seek.  You have but to ask and I will gladly share what I know, especially about the Mad Monk of Glastonbury and the Grail.	我曾與高文爵士交談過，因此略知您所尋為何物。您只管開口相問，我必樂意告知所知一切，尤其是格列斯登伯利的瘋僧侶與聖杯之事。
I am but a poor man, m'lord, but perhaps in some small way I may be of service to you.  Aye, tis a hard life in the forest to earn a few thin coins to feed my family.	我不過是個窮苦人，吾王，但或許還能盡些微薄之力為您效勞。是啊，在這森林裡討生活著實艱苦，為了幾枚薄幣養家糊口。
He is a good fellow, but smells a bit gamy.	他是個好人，只是身上有股獵物的腥氣。
From the impoverished look of him, that might best be accomplished by giving him money.	從他窮困的模樣看來，給他些錢財，或許是最好的辦法。
You have no cause to attack his man.  If you are angry for some reason, look to your own faults and remember that a king must set an example by his behavior.	你沒有理由攻擊他的人。若你有什麼緣故動怒，該先反省自身的過失，別忘了君王須以身作則。
By Cernunnos, I am a true man, not a bloody courtier!	以 Cernunnos 之名起誓，我是個道地的漢子，不是什麼該死的朝臣！
I may be a loyal servant, but if you dare to insult me in such a fashion, you may find an intimate portion of yourself skinned and hung to dry!	我雖是忠心的僕從，但你若膽敢如此羞辱於我，小心自己身上某個隱私部位被剝了皮、掛起來風乾！
There is no room in your pack.  The Hunter has sworn to deliver them to Camelot and that is good enough.	你的行囊已無空間。獵人已立誓將它們送至肯萊特，這樣便已足夠。
They do not belong to you.	此物並非你所有。
But, m'lord, you already have the spear.	但，吾王，長槍已在你手中。
You are the king, Arthur, not some common bandit. The Hunter seems a reasonable man.  Obtain the spear in a manner that befits you.	你是國王，亞瑟，不是什麼尋常的盜賊。這獵人看來是個通情達理之人。你當以合乎身分的方式取得那把長槍。
What rubbish is this? You are a king.  Behave like one.	這是什麼胡言亂語？你是一國之君，該有一國之君的樣子。
I gave my last bit of tin to Widdershins.	我把最後一點錫器都給了 Widdershins。
My racks are but a few branches notched together. Nothing of worth to you, m'lord.	我這些架子不過是幾根刻了痕的樹枝拼湊而成，於吾王而言不值一提。
As you have guessed, I do carry a knife for hunting and skinning, but I could not part with it and still practice my trade.	如你所料，我確實隨身帶著一把獵刀，用來剝皮宰殺，但少了它，我這行當便做不下去了，恕難割愛。
They are yours, m'lord.  I will deliver them to Camelot for you, by my oath as your loyal man.	它們是吾王的了。我以忠僕之名立誓，會替你把它們送到肯萊特。
You have generously given me the price of the skins already, m'lord.  Consider them yours.	吾王已慷慨付清了這些獸皮的價錢，就當它們是你的吧。
Since your mission is clearly urgent, I give you my oath of honor to deliver them safely to Camelot for you.	既然你的使命顯然十萬火急，我便以名譽立誓，會安全地替你送到肯萊特。
I would be happy to sell them to you, m'lord, for but a single silver coin.	吾王若肯出一枚銀幣，我很樂意割愛。
You have been more than generous to me.  Allow me to give the spear to you.	你待我已是仁至義盡，容我將這把長槍奉上。
I would sell this spear to no other man save you, m'lord.  Forgive my audacity, but the spear is of such value, I could not part with it for less than the price of a gold coin.	這把長槍，除了吾王，我誰也不賣。恕我斗膽直言，此槍價值不菲，若非一枚金幣，我實難割捨。
But sire, you have not asked to buy anything from me.	但陛下，您還沒開口向我買什麼東西呢。
Your entire purse, m'lord? I could not!  I am not a greedy man, only a needy one.	吾王的整個錢囊？這萬萬使不得！我並非貪婪之人，只是手頭拮据罷了。
I am not a man of war.  Such things are not for me.	我不是個好戰之人，這些東西與我無緣。
I would not dare to even lay hands upon it!	我連碰都不敢碰它！
I beg your pardon, sire, but I see no horse.	恕我直言，陛下，我沒見著什麼馬。
A noble offer!  Yet as a poor man, I could never afford to care for such a huge beast.	好慷慨的提議！只是我不過一介窮人，實在養不起這麼大的牲畜。
I have never been fond of mules since I was badly bitten by one.  I beg you to keep it.	自從被一頭騾子狠狠咬過之後，我便對牠們無甚好感。還請你自己留著吧。
Even if you find the mule, what use would I have for a creature that would run away when I enter the Forest?	就算找回那頭騾子，牠一進森林便要逃竄，我留著又有何用？
Without a horse, m'lord, such things are of no use to me.	沒有馬，吾王，這些東西對我毫無用處。
Your generosity is a credit to your name, but you will need it more than I.	你的慷慨足以為你的名聲增光，但你比我更需要這個。
Tis a lovely thing, but of no use to me.	這東西是挺可愛，只是對我沒什麼用處。
I have heard of such wondrous things, but I will not touch it, thank you all the same.	我聽聞過這等奇物，但還是不碰為妙，多謝美意。
Nay, pardon me, but I shall not touch this lady's sleeve.  It belongs to a man who died for her love at the hands of the Black Knight and I would not disturb his ghost.	不，恕我不能碰這條夫人的絲巾。它屬於一位為她的愛情、死於黑武士之手的男子，我不願驚擾他的亡魂。
Nay, m'lord.  It is yours now.  May it serve you well.	不必了，吾王。這如今是你的了，願它能為你所用。
My racks are naught but a few branches notched together.  Nothing of worth to you, m'lord.	我這些架子不過是幾根刻了痕的樹枝拼湊而成，於吾王而言不值一提。
Though I love to barter as much as the next man, I sense that your mission is important and you are anxious to ride on.	雖說我和誰都愛討價還價，但我看得出你的使命重大，急著上路。
The price of a silver coin is all I ask.	我只求一枚銀幣的價錢。
I am open to offers, m'lord, if you can but make them clear to my simple mind.	吾王若有意出價，儘管明說，我這粗淺的腦子自會明白。
Why, m'lord?	為何，吾王？
For what, m'lord?	所為何事，吾王？
Thank you, m'lord!  And by my word as your loyal man, I will deliver them personally to Camelot.	多謝吾王！我以忠僕之名立誓，必親自將它們送到肯萊特。
With all respect, sire, this is not quite enough.	恕我直言，陛下，這還不太夠。
Bless you, m'lord!  I will fetch the spear.	願神保佑吾王！我這就去取長槍來。
I--I am nearly speechless at such a gift!  A thousand blessings upon you!  My family and I will pray for you every night and light candles in your name at church.	我——這樣的厚禮，教我幾乎說不出話來！千萬個祝福都不足以回報你！我全家將每夜為你祈禱，並在教堂為你點上蠟燭。
Bless you, m'lord, bless you!  I shall sing your praises to every man I meet!	願神保佑吾王，保佑吾王！我逢人便要傳頌你的美名！
May Cernunnos, God of the Hunt, bless you!  If there is any advice I may give you, you have but to ask.  And heed this warning: beware the Mad Monk of Glastonbury!	願狩獵之神 Cernunnos 保佑吾王！若有什麼建言，只管開口便是。還有一句忠告，請務必謹記：小心格列斯登伯利的瘋僧侶！
Listen! There is a rustling in the bushes. Something heavy approaches.	聽！灌木叢裡傳來窸窣聲，有什麼沉重的東西正在靠近。
The spear has sunk deeply into the carcass. Your final blow was your most powerful.	長槍深深沒入了屍體。你這最後一擊，是全程中最有力的一下。
Where there is decay, there will be flies.	有腐敗之處，必有蒼蠅聚集。
Sorrow not over the death of these savage creatures. They would just as readily have gutted you.	不必為這些凶殘野獸的死而傷懷，牠們同樣會毫不猶豫地開膛破你的肚腹。
Continue your search.	繼續你的搜尋。
There is the inevitable aftermath of battle -- blood and death.	這是戰鬥過後在所難免的景象——鮮血與死亡。
You fought well, but it is not a pretty sight.	你這一戰打得漂亮，但眼前的景象卻不忍卒睹。
It has sunk deeply into the carcass. Your final blow was your most powerful.	它深深沒入了屍體。你這最後一擊，是全程中最有力的一下。
There is plenty of it.	這東西多得是。
Boars have deadly tusks and an evil temperament to match.	野豬有致命的獠牙，脾性也同樣兇惡。
Ridiculous.	荒謬。
Forget the spear. It will serve you no more.	別管那把長槍了，它再也派不上用場。
The battle is over.	戰鬥已經結束。
The boars are dead. What would that accomplish?	野豬已經死了，這麼做又有何意義？
It is too firmly wedged inside the boar. You must leave it there, I fear.	它牢牢卡在野豬的屍身裡，恐怕你只能就此放棄了。
That would be a long, tedious and bloody job. Your mission is urgent. Leave the spear as it is.	那將是一件冗長、繁瑣又血腥的工作。你的使命緊急，就讓長槍留在原處吧。
Although the flesh of the wild pig is delicious, it would take much time and effort which you do not have to spare.	野豬肉雖然美味，但處理起來費時費力，你並沒有多餘的時間。
Your humor leaves much to be desired.	你這玩笑開得，實在不怎麼高明。
How unsavory. Even the followers of Mithras no longer practice this. Now they drink wine instead of blood in their resurrection rituals. The Christians have followed this tradition as well.	真是令人作嘔。就連米夏拉的信徒如今都已不再這麼做，他們在復活儀式中改以酒代血，基督徒也沿襲了這個作法。
Your ferocious battle has driven any other boars away, luckily for you.	你這場凶猛的搏鬥，已把其餘的野豬都嚇跑了，算你走運。
That would be boring.	那未免太乏味了。
The normal sounds of the forest have returned, along with the buzzing of the flies.	森林恢復了尋常的聲響，還夾雜著蒼蠅的嗡嗡聲。
All is deathly silent in the aftermath of this struggle.	這場搏鬥過後，四下一片死寂。
The strong, foul odor of the boars overwhelms all else.	野豬身上濃烈的惡臭，蓋過了一切其他氣味。
You cannot help such creatures. The giant boars of the Forest Perilous live only to kill.	這種生物你幫不了。派瑞樂斯森林裡的巨型野豬，生來便只為殺戮。
If this were a hunt, perhaps it would be worth the toil, but you are on a sacred mission. It is time to move on.	若這只是一場狩獵，或許值得如此費力，但你身負神聖的使命，該是啟程的時候了。
Mighty as Excaliber is, it is not long enough to kill the boar before it can reach you.	聖劍雖然威力強大，卻不夠長，來不及在野豬撲到你身前將牠擊殺。
Listen! There is a rustling in the bushes.  Something heavy approaches.	聽！灌木叢裡傳來窸窣聲，有什麼沉重的東西正在靠近。
The boars have trampled the ground here keeping it clear of the thick undergrowth which borders it.	野豬在此地踐踏出一片空地，四周濃密的灌木叢因而不得侵入。
The boar has gored you to the core. Alas, King Arthur is no more.	野豬的獠牙深深刺穿了你的要害。唉，亞瑟王，就此殞落。
That is one crow we can do without.	少了這隻烏鴉，倒也無妨。
Heed the words of the crow, for it is no ordinary bird.  It is the voice of the Black Knight.	留意這烏鴉所言，牠並非尋常飛禽，而是黑武士的化聲。
'Tis a Father Tree.  Sometimes, if you are worthy enough, such wise and ancient beings will even speak with you.	這便是老父樹。有時，若你夠格，這等睿智的古老生靈甚至願意開口與你交談。
Clearly, he was once a stout knight.  Naught is left but a bit of armour, his bones picked clean by the crow.	顯然，他生前曾是位健壯的騎士。如今只剩下幾片盔甲，骨頭早被烏鴉啄得乾乾淨淨。
Clearly, he was once a stout knight.  Naught is left but a bit of armour, his bones picked clean by the crow, and a bit of brightly colored silk.	顯然，他生前曾是位健壯的騎士。如今只剩下幾片盔甲、被烏鴉啄得乾乾淨淨的骨頭，還有一小片色彩鮮豔的絲巾。
The rock juts from the heart of the forest like a jagged tooth.  There is evil power within it.	這塊岩石從森林深處突出，宛如一顆參差的獠牙，其中蘊藏著邪惡的力量。
These mushrooms are of the species Amanita Muscaria. They are very dangerous at the best of times, and said to cause madness or death.	這些蕈菇屬於毒蠅傘一類，即便在最尋常的情況下也極為危險，據說會致人瘋狂或死亡。
The clearing is as you left it, but now, to your everlasting shame, this poor soul is no longer the only dead knight in the forest.	這片空地一如你離去時的模樣，但如今，令你永生蒙羞的是，這可憐的亡魂已不再是森林裡唯一的亡故騎士。
I fear the lady may well have found her dead knight and it has brought her only grief.  Alas, alas, this life is but a vale of tears.	我恐怕那位夫人已經找到她亡故的騎士，卻只換來滿心悲痛。唉，唉，人生不過是一場淚水的谷地。
Little has changed, except for signs that your horse passed this way bearing Sir Gawaine back to Camelot.	此地大致如舊，唯有些痕跡顯示你的坐騎曾馱著高文爵士自此經過，返回肯萊特。
You have reached the heart of the forest where its dark power dwells.  It seems another unfortunate soul was here before you.	你已抵達森林深處，這股黑暗力量的所在。看來在你之前，還有另一個不幸的靈魂曾到過此地。
Only his bare bones remain, rattling in their shell of iron.	只剩下光禿禿的骸骨，在鐵甲的軀殼裡喀啦作響。
There is a piece of brightly colored silk tucked inside the armour.	盔甲裡塞著一片色彩鮮豔的絲巾。
There is nothing to gain by that.	這麼做並無所得。
He is the evil power that makes this forest so perilous.	他正是讓這座森林如此凶險的邪惡力量。
Once it was fine metal, now it is rusted and useless.	它曾是精良的金屬，如今已鏽蝕不堪，毫無用處。
The piece of silk was a lady's sleeve, a token to wear into battle.  We can only wonder what sad story was his, what favour he sought to win, and the sorrowful fate of the lady that may have awaited him with fading hope.	這片絲巾是一位夫人的衣袖，是他佩戴上戰場的信物。我們只能猜想，他有著怎樣悲傷的故事、渴望贏得誰的青睞，還有那位懷抱漸漸消逝的希望等待著他的夫人，又遭逢了何等悲涼的命運。
You cannot see what is not there.	不存在的東西，你看不見。
They are of the species Amanita Muscaria, a very dangerous mushroom at the best of times, said to cause madness or death.	它們屬於毒蠅傘一類，即便在最尋常的情況下也極為危險，據說會致人瘋狂或死亡。
But here in the Forest Perilous, they are doubly dangerous.  For if you so much as touch these mushrooms, you will be compelled to eat them.	但在派瑞樂斯森林裡，它們危險加倍——只要你一碰觸這些蕈菇，便會身不由己地把它們吃下肚。
There are no flowers nearby--only mushrooms.	附近沒有花，只有蕈菇。
It cannot be moved.	它無法被移動。
It juts from the heart of the forest like a jagged tooth.  There is evil power within it.	它從森林深處突出，宛如一顆參差的獠牙，其中蘊藏著邪惡的力量。
Most of the trees here are quite ordinary, but this one hoary, leafless tree may well be the eldest of them all.	這裡的樹大多平凡無奇，唯獨這株灰白、落盡了葉的老樹，很可能是其中最古老的一株。
It will be a grievous moment when Lady Elayne find the remains of her beloved knight.	當艾蓮公主找到她心愛騎士的遺骸時，那將是何等椎心之痛的一刻。
You already have a sleeve.	你已經有一條絲巾了。
You cannot get what is not there.	不存在的東西，你拿不到。
Odd.  Although this lady's sleeve has surely been here as long as the dead knight, it is as new as the day the lady wore it.  There is magick involved here.	奇怪。這條夫人的絲巾理應和亡故的騎士一同留在此地已久，卻新得彷彿夫人才剛佩戴過一般，其中必有魔法在作祟。
Your arms are not quite that long.	你的手臂沒有那麼長。
He said all he needed to say.  He will return nevermore.	他該說的話都已說完，不會再回來了。
Who dares to speak to Old Father Tree? You are but a twinkle in time, mortal.  Let me sleep the long and dreamless sleep of deep roots and sun on branch.	何人膽敢與老父樹交談？凡人啊，你不過是時光中一閃即逝的微光。且讓我沉入那深根與枝頭陽光交織的漫長無夢之眠吧。
Do not disturb him further, Arthur.  He is an old and weary tree.	別再驚擾他了，亞瑟。他是一株年邁而疲憊的樹。
That would not be much of a conversation.	那算不上什麼交談。
If you are greeting the dead knight, I fear he has long since ceased to care about such things.	你若是在向亡故的騎士問候，恐怕他早已不再在意這些事了。
They are dangerous.  Leave them be.	它們很危險，別去招惹。
I warn you most strongly, the merest touch of these mushrooms will compel you to eat them with the most dire results.	我要嚴正警告你，這些蕈菇哪怕只是輕輕一碰，都會逼得你把它們吃下肚，後果不堪設想。
There is no need to desecrate this poor dead knight.	沒有必要褻瀆這位可憐的亡故騎士。
Long has this unfortunate knight lain here, but you have not the time now to do him such a service.	這位不幸的騎士已在此長眠許久，但你此刻沒有時間為他做這件事。
This unfortunate knight is beyond your ability to help or hinder.	這位不幸的騎士，已非你的能力所能相助或妨礙。
The dead knight's armour is old and rusted and of no use to you.	亡故騎士的盔甲已老舊鏽蝕，對你毫無用處。
It would be futile to try.	嘗試也是徒勞。
He is gone, as I would hope you noticed.	他已經走了，我想你也該注意到了。
This stone would defy you.  You are well advised to leave it alone.	這塊石頭會與你對抗，你最好別去招惹它。
That is beyond your power or mine.	這已超出你我的能力範圍。
The knight has been dead far too long to be a threat to you.	這位騎士死去已久，早已構不成任何威脅。
Rawk!  I have no need for mortal toys.	呱！凡人的玩物，我用不著。
I doubt the dead knight has any interest in it.	我看那位亡故的騎士，對此不會有什麼興趣。
He is long past help, Arthur.	他早已無法可救了，亞瑟。
Rarawk!  Try it if you dare.  You will never touch me.	呱啦！有膽你就試試看，你永遠碰不到我。
The creature deserves it, but is not here for the attempt.	這畜生是罪有應得，只是牠此刻並不在此，由不得你動手。
O Fool, you seek death by coming here.  Turn back now or die!	愚者啊，你來到此地，便是自尋死路。速速回頭，否則便是一死！
Hear me, then, O Brave Fool.  The Black Knight is the greatest of all knights.  None have beaten him.  He is invincible.  Even Sir Gawaine was grievously wounded.	那便聽好了，勇敢的愚者。黑武士是天下第一的騎士，從無人能勝過他，他所向無敵。就連高文爵士也被他重創。
The Black Knight awaits you for a joust to the death.  Do you accept the challenge?	黑武士正等著與你來一場生死決鬥。你可願接受挑戰？
Then you must turn back, for you cannot pass this way through the forest without facing the Black Knight.	那你便得回頭，因為不與黑武士一戰，你休想從這條路穿越森林。
Crawk!  I shall delight in feeding on your bones when the Black Knight has finished with you!  I shall pluck out your eyes and peck at your bloody heart!	嘎呱！待黑武士收拾了你，我便能歡歡喜喜地啃食你的骨頭！我要啄出你的雙眼，啄食你血淋淋的心臟！
I have no time to waste on fools.  Turn back now or face him and die.	我沒空浪費在愚者身上，快回頭，否則便去見他，一死了之。
Would I tell such a fool as you even if I knew?	就算我知道，我又何必告訴你這樣的愚人？
He is a prisoner of the Black Knight and dies slowly of the wounds he received.	他是黑武士的階下囚，正因所受的傷勢緩緩步向死亡。
I know nothing of this knight.  Another fool like Gawaine and you, no doubt.	我對這位騎士一無所知。想必又是個像高文和你這樣的傻子。
It will not answer.  It is sent by the Black Knight to taunt you, nothing more.	牠不會回應。牠是黑武士派來嘲弄你的，僅此而已。
You must answer the crow, Arthur.	你必須回應那隻烏鴉，亞瑟。
Of all the stubborn fools there be, I never saw such a fool as thee, You shall keep yon knight good company, And nourish the roots of Old Father Tree.	天下冥頑之徒何其多，卻不曾見過你這般執迷不悟；你將與那騎士結伴長眠，去滋養老父樹深埋的根。
There is no escape, unless I allow you to pass.  But the price of safe passage is high indeed.	此地無法脫逃，除非我允你通行。但安然通行的代價著實高昂。
Waste no time with empty words of politeness.	莫要浪費時間在虛情假意的客套話上。
That is not within your power.	那不在你的能力範圍之內。
You cannot joust with a sword.  If you accept the joust, he must perforce provide you with a jousting lance.	你不能用劍進行馬上比武。若你接受比武，他勢必得為你備妥一支比武用的長槍。
By this, I assume you mean a jousting lance.	如此看來，我猜你指的是一支比武用的長槍。
Were I with you in person, I could overcome this spell, but this is your mission and you alone must make the choices and seek the path to the Grail.	若我能親自隨你在此，或許能破除這道咒法，但這是你的使命，唯有你能自行抉擇、尋得通往聖杯的道路。
I have no use for money.	我用不著錢財。
I have no use for it.	我用不著這個。
For that insult, I shall take special pleasure in slaying you.	為了這番侮辱，我將格外樂於取你性命。
I will give you my ultimatum soon enough.	我很快便會向你下最後通牒。
Not even I know where the Grail is hidden.	就連我也不知聖杯藏於何處。
He is my prisoner.	他是我的階下囚。
I know nothing about this knight.	我對這位騎士一無所知。
My crow warned you.  You should have heeded the warning.	我的烏鴉早已警告過你，你本該聽從那警告的。
I am the Black Knight, fool.	我便是黑武士，蠢貨。
I have no equal in jousting.  You shall surely die.	馬上比武無人能與我匹敵，你必死無疑。
The black knight does not respond.	黑武士並未回應。
You disgust me.	你令我作嘔。
Praise all the powers that be! You are victorious, my king.	讚頌一切神明的力量！吾王，你得勝了。
This is no natural foe.  Nothing can be seen inside his dark, bat-winged helm and his voice is like an echo from the grave.	這絕非凡俗之敵。他那頂飾有蝙蝠翼的黑色頭盔內漆黑一片，什麼也看不見，聲音則彷彿來自墳塋深處的回響。
The Black Knight has caused a hedge to grow into a natural jousting lane divider.	黑武士使一道樹籬生長成天然的比武賽道分隔。
The Black Knight is gone.	黑武士已然離去。
Hurry on, Arthur! Gawaine must be close by!	快走，亞瑟！高文必定就在附近！
What advice can I give a fool?	我能給一個蠢貨什麼忠告？
You must joust the Black Knight if you would save Gawaine.	你若想救高文，就必須與黑武士一決比武。
Your foe awaits you at the other end of this jousting hedge.	你的對手正在這道比武樹籬的另一端等著你。
The Black Knight's body has vanished, as is to be expected with such a supernatural being.	黑武士的軀體已然消失，這等超凡之物，如此結局本在意料之中。
Only the jousting hedge remains as proof that the Black Knight was ever here.	唯有那道比武樹籬留下，證明黑武士確曾在此。
You have seen the last of him.	你已見過他最後一面。
He bears no special device.	他身上並無特殊的紋章。
I see nothing here but forest and hedge.	我在此處除了森林與樹籬，什麼也沒看見。
His helmet is adorned with two bat-like wings.	他的頭盔飾有兩片狀似蝙蝠翼的裝飾。
There is nothing to be seen there.	那裡什麼也看不見。
The jousting lane on the other side is exactly the same.  The Black Knight has not taken any unfair advantage.	另一側的比武賽道與此處完全相同，黑武士並未佔任何不公的便宜。
It is the same as this side.	與這一側相同。
It takes two to joust.	比武需要兩人方能成局。
You will pass unmolested, thanks to your cowardice. I do not know how you can bear the shame of it.	憑著你的懦弱，你將得以安然通過。我實在不明白，你如何承受得起這份恥辱。
The Black Knight is vanquished.  There is no need to escape.	黑武士已被擊敗，無須再逃。
The Black Knight is gone and left nothing behind.	黑武士已經離去，未留下任何東西。
You will not find one here.	此處找不到那樣東西。
That you can only do if you defeat the Black Knight.	唯有擊敗黑武士，你才能這麼做。
You have a chance now to save Gawaine.  Do not delay!	你現在有機會救出高文，切莫遲疑！
You have done all you could.  His fate is no longer in your hands, but that of Camelot is.  Seek the Grail.	你已盡了全力，他的命運已不再操於你手，但肯萊特的命運仍是。去尋找聖杯吧。
You can try, King Arthur, as others have died trying.	你儘管一試，亞瑟王，正如許多人曾因此一試而喪命。
You have already won your victory.	你已然贏得了這場勝利。
Too late for a show of bravado now.  The evil deed is done.	此刻逞英雄已為時已晚，惡行已然鑄成。
Your sword is of no use here.  The Black Knight has set the terms of combat as a joust.	你的劍在此無用武之地。黑武士已定下以馬上比武決勝負的條件。
Hold, King Arthur.  Do not seek to move.  Not even Merlin can free you from my power in this place.	且慢，亞瑟王。休要妄動。在此地，就連梅林也無法將你從我的力量中解救出來。
Here are your choices.	這是你的選擇。
In the forest beyond me, I have imprisoned your friend, Sir Gawaine.  He is sorely injured and shall die soon without help.  To free him, you must joust with me.	在我身後的森林裡，囚著你的摯友，高文爵士。他傷勢慘重，若無人相助，不久便將喪命。要救他，你必須與我比武。
Three times you must unhorse me before I can die.  Three times must I unhorse you to slay you.  The first knight to strike the third blow is the victor. No matter who wins, Gawaine will go free.	你須將我三度擊落馬下，我方能一死；我也須三度將你擊落馬下，方能取你性命。誰先擊出第三擊，誰便是勝者。無論誰勝，高文都將獲釋。
But if you joust with me, you will surely die.  Therefore I give you one other choice:  I will let you pass untouched.....but I will take Gawaine's life in exchange.	但若你與我比武，你必死無疑。因此我給你另一個選擇：我可讓你安然通過……但代價是高文的性命。
I lay the challenge before you.  Will you joust with me for the life of Sir Gawaine?	我在此向你下戰帖。你可願為高文爵士的性命，與我一戰？
Will you joust with me? Answer aye or nay.	你可願與我比武？請輸入「aye」或「nay」作答。
You are a weakling and a coward.  Gawaine's life is mine and you are free to go.	你是個弱者，也是個懦夫。高文的性命歸我了，你可自行離去。
Will you joust with me? Answer aye or nay.  You have no other choices.	你可願與我比武？請輸入「aye」或「nay」作答，你別無他選。
You are held fast by the power of the Black Knight.	你被黑武士的力量牢牢禁錮住了。
You are a worthy opponent.  Take up your lance and let the joust begin!	你是個夠格的對手。持起你的長槍，比武開始！
Dead men tell no tales.	死人不會洩露秘密。
Though I....did not reach the Tor....I believe it is in the possession.....of the Mad Monk of Glastonbury.	雖然我……未能抵達那座山……我相信它落在……格列斯登伯利的瘋僧侶手中。
Alas....I have not seen or heard of him since I left Camelot.	唉……自我離開肯萊特後，便再也沒見過他，也沒聽過他的消息。
Though I....did not reach the Tor....I believe the Grail is held.....by the Mad Monk of Glastonbury.	雖然我……未能抵達那座山……我相信聖杯落在……格列斯登伯利的瘋僧侶手中。
Ah...my story is not a happy one. To be defeated....by the Black Knight....I cannot bear to speak of it yet.	啊……我的遭遇並不順遂。竟敗在……黑武士手下……我此刻還無法對此啟齒。
Please, M'lord.  You must continue on with your quest.	求求你，吾王。你必須繼續你的探尋。
Now that you have saved Gawaine, concentrate once more upon your search.	如今你已救出高文，該再度專心於你的尋索之上了。
Gawaine is close to death and urgently needs help.	高文命在旦夕，亟需援手。
You let Gawaine die. I have nothing to give you at this moment but contempt.	你任由高文死去。此刻我除了鄙夷，再也給不了你別的。
This place should look familiar. It was here that you freed Gawaine and sent him back to Camelot.	這地方你應當眼熟。正是在此處，你救出了高文，並送他回肯萊特。
Gawaine's injuries are serious. Only the physicians of Camelot may be able to save him.	高文傷勢嚴重，唯有肯萊特的醫師或許還能救他。
In spite of his injuries, Gawaine has been left shackled to a massive tree.  The Black Knight shows little mercy.	高文雖已負傷，卻仍被鎖鏈拴在一株巨樹之上，黑武士毫不留情。
Naught but the proof of your shame awaits you here.  The massive tree before you marks the place where Gawaine's bones shall lie.	此處只餘你恥辱的證明。眼前這株巨樹，便是高文屍骨將要長眠之地。
He is not here.	他不在這裡。
The Black Knight still rules supreme in this forest, thanks to your cowardice.	拜你的懦弱所賜，黑武士依舊在這片森林裡稱王稱霸。
You have vanquished him, to your great glory.	你已擊敗了他，這是你莫大的榮耀。
The shackles are made of metal, sunk too deeply into the tree to pull them free, but the metal itself is not thick.	這鎖鏈是金屬打造的，深深嵌入樹身，難以硬拔脫離，但金屬本身並不厚實。
The remains of the shackles shall serve as a reminder of suffering ended.	這殘留的鎖鏈，將成為苦難已然終結的提醒。
He is safe.  Worry not.	他安然無恙，不必擔心。
I am so filled with contempt that you allowed your great friend and noble knight to die, that I can offer you no words of wisdom or comfort.	你竟任由摯友、那位高貴的騎士死去，我心中滿是鄙夷，再也給不出任何忠告或慰藉之言。
The most important thing to do is see that Gawaine reaches Camelot as quickly as possible.  But you must continue to search for the Grail.	眼下最要緊的，是設法讓高文儘快抵達肯萊特。但你仍須繼續尋找聖杯。
Gawaine is gone.	高文已經不在了。
Gawaine is still alive, barely.  Hanging from the shackles must pain him cruelly.	高文尚存一息，僅此而已。懸吊在這鎖鏈上，想必令他痛苦不堪。
Gawaine is very ill and weak.  He must go back to Camelot and be tended by a healer at once, or he will die here, but he will never make it back on foot.	高文病重體弱，必須立刻回肯萊特由醫者診治，否則便會死在此地；但他絕無可能徒步走回去。
The Black Knight has taken his life. Aye, well you should tremble at the sight. This crime lies heavily upon your own soul and will never be cleansed, no matter how you seek to right it.	黑武士已取走他的性命。是的，你見此情景理當心驚。這樁罪責將沉沉壓在你自己的靈魂之上，無論你如何試圖彌補，都永難洗清。
Alas, Gawaine, the noble Gawaine is dead.   Perhaps he died of his injuries, but I fear it was your indifference that struck the final blow.	唉，高文，高貴的高文死了。或許他是傷重不治，但我擔心，真正給予最後一擊的，是你的漠然。
He has returned to Camelot for healing.	他已回到肯萊特接受療傷。
Though he is cut and bleeding, I fear his most serious injuries may not be as obvious to the eye.	雖然他身上有傷口在流血，但我擔心他最嚴重的傷勢，未必是肉眼能看得出來的。
Does it matter how he died, be it of injuries or grief that his own king betrayed him?  He is dead.	他究竟是死於傷勢，還是死於得知自己的王背叛了他的哀痛，這重要嗎？他已經死了。
It is a huge tree.	這是一株巨樹。
Your horse has disappeared. It must have went back to Camelot.	你的坐騎已經消失了，想必是自行回了肯萊特。
I cannot believe such filth... from the lips of my own king!	我不敢相信……這等污穢之言，竟出自我王之口！
The smell of blood, sweat and illness is nearly overwhelming.	血腥、汗臭與病氣的味道幾乎令人難以承受。
I fear... I am not... my usual fragrant self.	恐怕……我此刻……並非平日那般芬芳。
The odor of human death is not a pleasant one.	人之將死所散發的氣味，並不好聞。
I am disturbed by the labored quality of Gawaine's breathing.  He must reach Camelot as quickly as possible.	高文那沉重艱難的呼吸令我不安，他必須儘快抵達肯萊特。
The pall of solemn death enshrouds this place.	一股肅穆的死亡氣息籠罩著此地。
Sir Gawaine needs more than trivialities.	高文爵士所需要的，遠不止這些瑣碎之物。
He is nearby.	他就在附近。
You are the only one who can help him.  If he does not reach Camelot quickly, he will die.	唯有你能幫助他。他若不能盡快抵達肯萊特，便將喪命。
It is too late for that.  Gawaine is dead.	那已為時已晚，高文已經死了。
Concern yourself with such things after you have freed Gawaine from his suffering.	待你解救高文脫離苦難之後，再去掛心這些事吧。
All the money in the world will not restore Sir Gawaine to life.	縱有天下所有的財富，也無法使高文爵士死而復生。
Nay, m'lord.  I will not take....your money....for you may yet need it.	不，吾王。我不會收下……你的錢……你日後或許還用得著。
Gawaine needs no gift so greatly as he needs the gift of healing, which you cannot give him, I fear.	高文最需要的，莫過於痊癒這份禮物，恐怕那並非你所能給予的。
It is of no use to a dead man.	這東西對死者毫無用處。
It can do nothing for Gawaine.	這對高文於事無補。
What morbid thoughts.	好陰鬱的念頭。
It cannot wash the stain of Gawaine's death from your soul.  He will be enfolded into the body of mother earth and this ancient tree shall be his monument.	這洗不去高文之死在你靈魂上留下的污點。他將回歸大地之母的懷抱，這株古樹便是他的紀念碑。
For what you have allowed to happen, there can be no forgiveness.	對於你所縱容發生的事，沒有寬恕可言。
You have no need of forgiveness. Your virtue, at the moment, is intact.	你不需要寬恕。此刻，你的德行仍完好無損。
You do not have your mule.	你的騾子不在你身邊。
Nothing can help him until he is free of the shackles.	除非先解開鎖鏈，否則什麼都幫不了他。
Only the healers of Camelot can save him, if he can reach them in time.  He will never make it back on foot.	唯有肯萊特的醫者能救他，前提是他能及時抵達。他絕無可能徒步走回去。
Have no fear. Gawaine will be tended well in Camelot.	不必擔憂，高文在肯萊特會受到妥善照料。
My, your memory is short. You have already shattered the shackles.	哎呀，你的記性可真差，你早已打碎那鎖鏈了。
Nothing you do now can restore Sir Gawaine to life.	你此刻做什麼，都無法讓高文爵士死而復生。
You have dealt with the shackles.	你已經處理過那副鎖鏈了。
These shackles do not unlock.	這副鎖鏈並無鎖孔可開。
I am sure you will find a way.	我相信你會想出辦法的。
The shackles are securely anchored.  Can you think of nothing better to try.	這副鎖鏈固定得十分牢靠，你就想不出更好的辦法嗎？
Not all the sword brandishing in the world will return Gawaine to life. Be still.	縱使揮盡天下劍術，也無法使高文死而復生，且靜下心來吧。
There is no danger for the moment. Best to put up your sword lest it make Gawaine uneasy.	此刻並無危險，還是收起你的劍為好，免得讓高文心生不安。
There is no danger for the moment. Or did you have some other purpose in drawing your sword?	此刻並無危險。還是說，你拔劍另有別的用意？
This is one place where it would be best to use your sword on foot.	這是個最好徒步持劍應戰的地方。
There is no danger here. Be more specific about what non-violent use you portend.	此處並無危險。請說明白些，你打算做何種非暴力的用途。
Help me, Arthur. The pain....is terrible.	救救我，亞瑟。這痛楚……難以忍受。
Beware....the Mad Monk....of Glastonbury.	小心……格列斯登伯利的……瘋僧侶。
I believe he has....the Grail.	I believe he has....the Grail.
Sir Gawaine shall never speak again.	Sir Gawaine shall never speak again.
Consider how you might best do that.	Consider how you might best do that.
Aye, Gawaine must be helped. If he does not reach Camelot soon, he will die of his injuries.	Aye, Gawaine must be helped. If he does not reach Camelot soon, he will die of his injuries.
He is beyond help.	He is beyond help.
First, you must dismount.	First, you must dismount.
Uh... surely you have mistaken me... for someone else.	Uh... surely you have mistaken me... for someone else.
Do not add necrophilia to your list of sins.	Do not add necrophilia to your list of sins.
Have you gone completely mad!?!	Have you gone completely mad!?!
He is already dead.  Your shame is great enough without adding evil thoughts to it.	He is already dead.  Your shame is great enough without adding evil thoughts to it.
That is hardly what he needs.	That is hardly what he needs.
Though it is a common practice to kiss farewell to the dead, it is hardly right for you to do so when you have caused his death.	Though it is a common practice to kiss farewell to the dead, it is hardly right for you to do so when you have caused his death.
That would cause him even more pain than he is already suffering.	That would cause him even more pain than he is already suffering.
Your sorrow is meaningless.  It will not bring him back from the dead.	Your sorrow is meaningless.  It will not bring him back from the dead.
Aye, he is indeed in need of help.  He will not live hanging from those shackles much longer.	Aye, he is indeed in need of help.  He will not live hanging from those shackles much longer.
You have freed him, but he will not live long if left here.	You have freed him, but he will not live long if left here.
Nothing you can do now can wash the sin of Gawaine's death from your soul.	Nothing you can do now can wash the sin of Gawaine's death from your soul.
It may ease your conscience, but will change nothing.	It may ease your conscience, but will change nothing.
Let us hope your god heeds your silent prayers.	Let us hope your god heeds your silent prayers.
He will go nowhere until free of the shackles.	He will go nowhere until free of the shackles.
It makes no sense to bear the burden yourself when you have a powerful horse nearby.	It makes no sense to bear the burden yourself when you have a powerful horse nearby.
Though bearing Gawaine's body is a burden you well deserve, your mission must not be abandoned.  This tree will mark the place where his bones lie.	Though bearing Gawaine's body is a burden you well deserve, your mission must not be abandoned.  This tree will mark the place where his bones lie.
What does it matter? Gawaine is dead.	What does it matter? Gawaine is dead.
Though Gawaine is free of the shackles, his ordeal is far from over. His life depends on your actions, King Arthur.	Though Gawaine is free of the shackles, his ordeal is far from over. His life depends on your actions, King Arthur.
Aye, it would be best to get him free of the shackles as quickly as possible. Seek the most direct method.	Aye, it would be best to get him free of the shackles as quickly as possible. Seek the most direct method.
Better to leave Gawaine's body beneath a tree than slung like baggage on a mule.	Better to leave Gawaine's body beneath a tree than slung like baggage on a mule.
King....Arthur....I knew....you would come.	King....Arthur....I knew....you would come.
You have shattered the shackles.	You have shattered the shackles.
May...god be with you, Arthur. Tarry not with me. Go at once....to the Tor. Find...the Grail, I beg you.	May...god be with you, Arthur. Tarry not with me. Go at once....to the Tor. Find...the Grail, I beg you.
He is right. Your horse will carry him safely back to Camelot. Even if you must go on foot, you must continue your search without delay, but be assured that this noble sacrifice brings blessings upon you.	He is right. Your horse will carry him safely back to Camelot. Even if you must go on foot, you must continue your search without delay, but be assured that this noble sacrifice brings blessings upon you.
Beware, Arthur! I like not the look of this old hag who stands upon the pedestal.	Beware, Arthur! I like not the look of this old hag who stands upon the pedestal.
These are runes of a very ancient type, probably a warning or incantation.	These are runes of a very ancient type, probably a warning or incantation.
An inscription in runes has appeared upon the pedestal where the witch stood.	An inscription in runes has appeared upon the pedestal where the witch stood.
The forest witch stands upon a pedestal of some kind. I cannot say what purpose it may have had, though it does seem to be covered in badly weathered carvings.	The forest witch stands upon a pedestal of some kind. I cannot say what purpose it may have had, though it does seem to be covered in badly weathered carvings.
This small stone was once a man, but will never be so again.	This small stone was once a man, but will never be so again.
These large standing stones are megaliths. It means simply 'big stone'.	These large standing stones are megaliths. It means simply 'big stone'.
Ye shall never move again, unless ye offer me what I desire.	Ye shall never move again, unless ye offer me what I desire.
Do not be daunted. This reads to me more like an instruction than an incantation. Let your own wits serve you.	Do not be daunted. This reads to me more like an instruction than an incantation. Let your own wits serve you.
The runes might be important. If you ask, I could translate them.	The runes might be important. If you ask, I could translate them.
You had best think of something to satisfy the old hag.	You had best think of something to satisfy the old hag.
There is no danger within this stone circle now that the witch is gone. Alas, that her previous victims could not be freed.	There is no danger within this stone circle now that the witch is gone. Alas, that her previous victims could not be freed.
There is terrible power in this old hag. She is a forest witch drawing upon the powers within this stone circle.	There is terrible power in this old hag. She is a forest witch drawing upon the powers within this stone circle.
The foliage has crept back from these stones, but it is difficult to see what lies beyond.	The foliage has crept back from these stones, but it is difficult to see what lies beyond.
Though human hands once placed these stones, your two hands will not move them.	Though human hands once placed these stones, your two hands will not move them.
You are not tall enough to do that.	You are not tall enough to do that.
The sky is open overhead. Not a single tree grows close enough to overhang this stone circle.	The sky is open overhead. Not a single tree grows close enough to overhang this stone circle.
Evidently, she has decided to follow you again.	Evidently, she has decided to follow you again.
Happily, you have set her free. The witch will not plague this forest again.	Happily, you have set her free. The witch will not plague this forest again.
Those three small stones were once men, but will never be so again.	Those three small stones were once men, but will never be so again.
I fear the lovely lady's search for her beloved knight will end in misery and she will weep o'er his bones.	I fear the lovely lady's search for her beloved knight will end in misery and she will weep o'er his bones.
Do you call this ugly and withered old crone a girl? Truly, you have been in this forest too long.	Do you call this ugly and withered old crone a girl? Truly, you have been in this forest too long.
This circle of standing stones must be at the very edge of the Forest Perilous. But it has no henge, for a henge is a circular embankment.	This circle of standing stones must be at the very edge of the Forest Perilous. But it has no henge, for a henge is a circular embankment.
There is no monolith, but there are many megaliths.	There is no monolith, but there are many megaliths.
The large standing stones are megaliths. It means simply 'big stone'.	The large standing stones are megaliths. It means simply 'big stone'.
They are not pillars, they are standing stones. Unlike a cromlech or dolmen, these are arranged in a circle.	They are not pillars, they are standing stones. Unlike a cromlech or dolmen, these are arranged in a circle.
These standing stones have but one entrance which is a trilithon: two upright stones with a capstone or lintel-stone over the top of them.	These standing stones have but one entrance which is a trilithon: two upright stones with a capstone or lintel-stone over the top of them.
It means 'three stones' and is a structure of two upright stones capped by a lintel-stone.	It means 'three stones' and is a structure of two upright stones capped by a lintel-stone.
Dolmen comes from two Bretogne words: 'tol' meaning 'table' and 'men' meaning 'stone'. It refers to a tomb made of upright stones covered by a slab for a roof, then covered over with soil to make a mound.	Dolmen comes from two Bretogne words: 'tol' meaning 'table' and 'men' meaning 'stone'. It refers to a tomb made of upright stones covered by a slab for a roof, then covered over with soil to make a mound.
Cromlech comes from the Welsh words: 'crom' meaning 'bent' and 'llech' meaning 'flat'. It refers to a tomb made of upright stones covered by a slab for a roof, then covered over with soil to make a mound.	Cromlech comes from the Welsh words: 'crom' meaning 'bent' and 'llech' meaning 'flat'. It refers to a tomb made of upright stones covered by a slab for a roof, then covered over with soil to make a mound.
These are not natural rocks, as should be obvious. They are standing stones arranged in a circle.	These are not natural rocks, as should be obvious. They are standing stones arranged in a circle.
I regret I know nothing that would help you.	I regret I know nothing that would help you.
I cannot. You must rely upon your own wits.	I cannot. You must rely upon your own wits.
Cease prattling and give me what I desire.	Cease prattling and give me what I desire.
Betimes I worry about you, Arthur. You set the Lady Elayne free, remember?	Betimes I worry about you, Arthur. You set the Lady Elayne free, remember?
Alas, you cannot.	Alas, you cannot.
The Lady Elayne seemed much too overjoyed to listen, did she not? Nor would you have taken much pleasure in telling her the sad fate of her beloved knight.	The Lady Elayne seemed much too overjoyed to listen, did she not? Nor would you have taken much pleasure in telling her the sad fate of her beloved knight.
I know not to whom ye would speak, but ye had best deal with me if ye wish to pass this circle.	I know not to whom ye would speak, but ye had best deal with me if ye wish to pass this circle.
You will see nothing special from there. You would only obscure the runes carved upon the top of the pedestal.	You will see nothing special from there. You would only obscure the runes carved upon the top of the pedestal.
Ye must deal with me first!	Ye must deal with me first!
The runes on the pedestal say this...	The runes on the pedestal say this...
"Five poets bold Did come astray. Five standing stones Now bar the way. Of limbs bereft, Yet voice I left. To pass through the middle You must ask for......."	"Five poets bold Did come astray. Five standing stones Now bar the way. Of limbs bereft, Yet voice I left. To pass through the middle You must ask for......."
Alas, it fades out here. The last flurry of magick which caused it to appear must not have been enough to bring out the full inscription.	Alas, it fades out here. The last flurry of magick which caused it to appear must not have been enough to bring out the full inscription.
I see no writing here.	I see no writing here.
There is nothing left of her, fortunately.	There is nothing left of her, fortunately.
And how do ye propose to do that, arrogant one?	And how do ye propose to do that, arrogant one?
That is not what you came here to do. Remember your mission.	That is not what you came here to do. Remember your mission.
I care naught for what ye desire. Give me what I desire.	I care naught for what ye desire. Give me what I desire.
That is beyond your strength.	That is beyond your strength.
Too late to think of that.	Too late to think of that.
I care nothing for pretty words. If ye wish to pass, ye must give me what I desire.	I care nothing for pretty words. If ye wish to pass, ye must give me what I desire.
Betimes I worry about you, Arthur. You set her free, remember?	Betimes I worry about you, Arthur. You set her free, remember?
Ye shall not pass through this circle unless ye give me what I desire.	Ye shall not pass through this circle unless ye give me what I desire.
And what may this be that I desire, ye wonder? Hah! If ye be so cunning a knight, ye shall know.	And what may this be that I desire, ye wonder? Hah! If ye be so cunning a knight, ye shall know.
King of paupers! Ye offer nothing.	King of paupers! Ye offer nothing.
If ye would buy a safe passage, ye must offer nothing less than an entire purse.	If ye would buy a safe passage, ye must offer nothing less than an entire purse.
For this, I shall let ye pass.	For this, I shall let ye pass.
Ye think ye be a grand prize, but ye do not be what I most desire.	Ye think ye be a grand prize, but ye do not be what I most desire.
Ye be a fool to part with this gift of love, but for it I shall let ye pass.	Ye be a fool to part with this gift of love, but for it I shall let ye pass.
For this magical stone, I shall let ye pass.	For this magical stone, I shall let ye pass.
Ye part with the very heart of the Lady of the Lake, but for this gift I shall let ye pass.	Ye part with the very heart of the Lady of the Lake, but for this gift I shall let ye pass.
Ye please me not with this offer.	Ye please me not with this offer.
Seek ye not to bargain with me. I take, I do not give.	Seek ye not to bargain with me. I take, I do not give.
If ye be so cunning a knight, ye shall know.	If ye be so cunning a knight, ye shall know.
I care nothing for the petty doings of men. Give me what I desire or ye shall suffer.	I care nothing for the petty doings of men. Give me what I desire or ye shall suffer.
Look all ye want, mortal man. These three by me, see ye them? Once they too were men.	Look all ye want, mortal man. These three by me, see ye them? Once they too were men.
They dared enter my circle, but did not give me what I desired. Will ye end like them?	They dared enter my circle, but did not give me what I desired. Will ye end like them?
You cannot get back what you have not given.	You cannot get back what you have not given.
Seek to take back what ye have given and ye shall be stone before ye can blink.	Seek to take back what ye have given and ye shall be stone before ye can blink.
But she does not have it.	But she does not have it.
What ye have given, ye have lost.	What ye have given, ye have lost.
It is ye who smell of warm blood and mortal flesh. Ye reek of life. I shall like ye better when ye smell of cold stone.	It is ye who smell of warm blood and mortal flesh. Ye reek of life. I shall like ye better when ye smell of cold stone.
I think it is you who needs the help.	I think it is you who needs the help.
It is a good thought, Arthur, but your mission is far more important.	It is a good thought, Arthur, but your mission is far more important.
Try it if ye dare, arrogant one.	Try it if ye dare, arrogant one.
What a disgusting notion.	What a disgusting notion.
Put up thy sword! Put it away this instant or ye shall become stone!	Put up thy sword! Put it away this instant or ye shall become stone!
Halt! Ye shall not pass me unhindered, king though ye be.	Halt! Ye shall not pass me unhindered, king though ye be.
Aye, rage if you will, but until ye give me what I desire, ye shall not move another step.	Aye, rage if you will, but until ye give me what I desire, ye shall not move another step.
And if ye give me not what I desire, a stone ye shall be.	And if ye give me not what I desire, a stone ye shall be.
Aye! Aye! That is what I most desire! Bring it here at once!	Aye! Aye! That is what I most desire! Bring it here at once!
Bless you, valiant knight! I am the Lady Elayne, transformed into the forest witch by a hideous spell cast upon me by the Black Knight.	Bless you, valiant knight! I am the Lady Elayne, transformed into the forest witch by a hideous spell cast upon me by the Black Knight.
Only this sleeve, which I gave to my true love, could set me free.	Only this sleeve, which I gave to my true love, could set me free.
And if my sleeve is here, my beloved knight cannot be far away. I must find him at once! Fare thee well!	And if my sleeve is here, my beloved knight cannot be far away. I must find him at once! Fare thee well!
Now be gone!	Now be gone!
No man can best me with cold steel. Pay the price for thy arrogance.	No man can best me with cold steel. Pay the price for thy arrogance.
A tongue so foul should never utter another vowel!	A tongue so foul should never utter another vowel!
Ye have not given me what I desire. Stone ye shall be for all eternity!	Ye have not given me what I desire. Stone ye shall be for all eternity!
Defeated by an ugly crone, From mortal man to standing stone, With sun and rain upon you blown, 	Defeated by an ugly crone, From mortal man to standing stone, With sun and rain upon you blown, 
Through carven locks the wind shall moan, Here you will be through years unknown, And slowly crumble when time has flown.	Through carven locks the wind shall moan, Here you will be through years unknown, And slowly crumble when time has flown.
Your sudden disappearance was too much for even your well-trained horse. He has run all the way back to Camelot.	Your sudden disappearance was too much for even your well-trained horse. He has run all the way back to Camelot.
The eerie glow must mean that you have solved this stone's riddle.	The eerie glow must mean that you have solved this stone's riddle.
I cannot help you here.	I cannot help you here.
What riddle? Your request is a riddle to me.	What riddle? Your request is a riddle to me.
Only so much help can I give. This is your test and yours alone.	Only so much help can I give. This is your test and yours alone.
There is some sort of sorcerous barrier barring you from the Tor.	There is some sort of sorcerous barrier barring you from the Tor.
There are no markings or carvings upon them. They are quite plain.	There are no markings or carvings upon them. They are quite plain.
The only riddle to read here is that there is no riddle here to read.	The only riddle to read here is that there is no riddle here to read.
You are once more at the base of Glastonbury Tor.	You are once more at the base of Glastonbury Tor.
You have reached the base of Glastonbury Tor on the edge of the Forest Perilous.	You have reached the base of Glastonbury Tor on the edge of the Forest Perilous.
And I see your mule grazes as it waits for you. She must have found her way safely through the forest on her own.	And I see your mule grazes as it waits for you. She must have found her way safely through the forest on her own.
These stones were placed here by magick. You will not move them by human means.	These stones were placed here by magick. You will not move them by human means.
Easy to do, but to little purpose.	Easy to do, but to little purpose.
You are out of the Forest Perilous with an open sky overhead.	You are out of the Forest Perilous with an open sky overhead.
I suspect your mule is more intelligent than she appears.	I suspect your mule is more intelligent than she appears.
The larger trees have been left behind in the forest. These are mere shrubs in comparison.	The larger trees have been left behind in the forest. These are mere shrubs in comparison.
The magical glow around the stone must mean that you have solved its riddle.	The magical glow around the stone must mean that you have solved its riddle.
That effect is the mystical barrier which prevents you from climbing the Tor.	That effect is the mystical barrier which prevents you from climbing the Tor.
Where? I see nothing.	Where? I see nothing.
This clump of rock looks quite ordinary.	This clump of rock looks quite ordinary.
There are five of these standing stones.	There are five of these standing stones.
As you have cleverly realized, these five stones were once men. Their riddles mark them as poets.	As you have cleverly realized, these five stones were once men. Their riddles mark them as poets.
I see no other human being here.	I see no other human being here.
Have you forgotten already? You sent Gawaine back to Camelot upon it.	Have you forgotten already? You sent Gawaine back to Camelot upon it.
I would hazard that your sudden disappearance spooked it, and that it is halfway home by now.	I would hazard that your sudden disappearance spooked it, and that it is halfway home by now.
Beyond the standing stones the base of the tor rises steeply.	Beyond the standing stones the base of the tor rises steeply.
You have neither the time or tools for such a venture.	You have neither the time or tools for such a venture.
This is not a barrier that you can hack your way through with Excaliber.	This is not a barrier that you can hack your way through with Excaliber.
I doubt a stone has much use for it.	I doubt a stone has much use for it.
She looks content grazing her way through a goodly section of Glastonbury Tor.	She looks content grazing her way through a goodly section of Glastonbury Tor.
No need. She will follow now, I think.	No need. She will follow now, I think.
She does not seem to pay much attention.	She does not seem to pay much attention.
Mules are obstinate creatures. At best, you can hope she will follow of her own will.	Mules are obstinate creatures. At best, you can hope she will follow of her own will.
Bend your will to your mission. Everything else can wait for the time being.	Bend your will to your mission. Everything else can wait for the time being.
There is the smell of grass and fresh air.	There is the smell of grass and fresh air.
Had you been turned to stone, would you appreciate such a thing?	Had you been turned to stone, would you appreciate such a thing?
I see no poet, unless you perceive something that I do not.	I see no poet, unless you perceive something that I do not.
Nothing happens. Perhaps you are not close enough to one of the stoned poets.	Nothing happens. Perhaps you are not close enough to one of the stoned poets.
With the spell broken, the stones maintain a sullen silence.	With the spell broken, the stones maintain a sullen silence.
Move closer to a stone.	Move closer to a stone.
Arthur, this is no time to ask me for something as frivolous as a riddle.	Arthur, this is no time to ask me for something as frivolous as a riddle.
There is no man here.	There is no man here.
Arthur? Arthur! Where are you?	Arthur? Arthur! Where are you?
Once we were poets, Men free and gay, The witch has left us Stony and grey, And now we pose riddles, To block the way.	Once we were poets, Men free and gay, The witch has left us Stony and grey, And now we pose riddles, To block the way.
Hmmph. If that is a sample of their poetry, they deserve their fate.	Hmmph. If that is a sample of their poetry, they deserve their fate.
There are five of these stones, each roughly man-sized. Perhaps they WERE men once.	There are five of these stones, each roughly man-sized. Perhaps they WERE men once.
The magical glow around this stone means that you have solved its riddle.	The magical glow around this stone means that you have solved its riddle.
Ah, there you are!  That was not my doing.  You have been brought by another power to the center of the ruins on Glastonbury Tor.	Ah, there you are!  That was not my doing.  You have been brought by another power to the center of the ruins on Glastonbury Tor.
The ruins offer little in the way of defense or concealment.	The ruins offer little in the way of defense or concealment.
You are in the center of the ruins on Glastonbury Tor.	You are in the center of the ruins on Glastonbury Tor.
The ruins are nothing but bits of wall and fallen rock with only the Tor beneath them.	The ruins are nothing but bits of wall and fallen rock with only the Tor beneath them.
What remains would have been the arch of a doorway.	What remains would have been the arch of a doorway.
This arch is the frame of a doorway.	This arch is the frame of a doorway.
You are in another part of the ruins.	You are in another part of the ruins.
You have opened the well.	You have opened the well.
The well lid is iron, with a solid iron bar and a lock holding it in place.	The well lid is iron, with a solid iron bar and a lock holding it in place.
It has the shape and look of a well, though covered with a heavy iron lid.	It has the shape and look of a well, though covered with a heavy iron lid.
The cold waters of the sacred well are dark and reveal nothing.	The cold waters of the sacred well are dark and reveal nothing.
It is fit into the iron bar and would therefore be impossible to break open by ordinary means.	It is fit into the iron bar and would therefore be impossible to break open by ordinary means.
A good idea, though difficult to do unless you can remove the lid.	A good idea, though difficult to do unless you can remove the lid.
It would help to be on the other side of the well.	It would help to be on the other side of the well.
It would help to be next to the well.	It would help to be next to the well.
Nay, if this is the thorn planted by Joseph of Arimathea, it would be tantamount to sacrilege.	Nay, if this is the thorn planted by Joseph of Arimathea, it would be tantamount to sacrilege.
It is full of thorns.	It is full of thorns.
I cannot imagine how you would do that.	I cannot imagine how you would do that.
Besides roots and shadow, there is not much to see.	Besides roots and shadow, there is not much to see.
The sacred well is covered with a heavy lid and a solid iron bar in the shape of interlocked circles, held in place by a lock.	The sacred well is covered with a heavy lid and a solid iron bar in the shape of interlocked circles, held in place by a lock.
We can only assume there is water in this well until it is opened.	We can only assume there is water in this well until it is opened.
It would help to be on the other side the well.	It would help to be on the other side the well.
The covered well is in this section of the ruins.	The covered well is in this section of the ruins.
There is the well and thorn tree, as before.	There is the well and thorn tree, as before.
There is the cowled figure of a monk near a covered well.	There is the cowled figure of a monk near a covered well.
The arch is all that remains of a doorway.	The arch is all that remains of a doorway.
The one small tree is covered in thorns.  The legend of Joseph of Arimathea has it that when he hid the Grail, he also stuck his staff into the ground and from that place a thorn tree grew.	The one small tree is covered in thorns.  The legend of Joseph of Arimathea has it that when he hid the Grail, he also stuck his staff into the ground and from that place a thorn tree grew.
It is covered with a heavy iron lid.	It is covered with a heavy iron lid.
The well is filled with cold, dark water.	The well is filled with cold, dark water.
There is nothing more to be gained by looking at it now.	There is nothing more to be gained by looking at it now.
It is held in place by a locked iron bar.	It is held in place by a locked iron bar.
The iron bar forms a design of interlocking circles.  Lovely, but too solid to break.	The iron bar forms a design of interlocking circles.  Lovely, but too solid to break.
You could, if the well were open.	You could, if the well were open.
The well opening is upon the other side.	The well opening is upon the other side.
You cannot pick this lock.	You cannot pick this lock.
That is not a very useful idea.	That is not a very useful idea.
Do your eyes fail you?  The well is closed.	Do your eyes fail you?  The well is closed.
This well is both ancient and sacred.  A bit of decorum is called for.	This well is both ancient and sacred.  A bit of decorum is called for.
One does not swim in sacred wells, and this one has been revered for centuries.	One does not swim in sacred wells, and this one has been revered for centuries.
Beyond the pleasure of being stuck by them, I can see no purpose in that.	Beyond the pleasure of being stuck by them, I can see no purpose in that.
I cannot imagine how one would do that.	I cannot imagine how one would do that.
Do your eyes fail you?  It IS open.	Do your eyes fail you?  It IS open.
The latch and lock are upon the other side.	The latch and lock are upon the other side.
To lift the lid, you must remove the bar.  To remove the bar, you must open the lock.  You will not open the lock by wishful thinking.	To lift the lid, you must remove the bar.  To remove the bar, you must open the lock.  You will not open the lock by wishful thinking.
Leave it open, Arthur, so that others who follow may drink from the sacred waters.	Leave it open, Arthur, so that others who follow may drink from the sacred waters.
It is already locked.	It is already locked.
The well is already unlocked.	The well is already unlocked.
You do not have the means.	You do not have the means.
Do your eyes fail you?  It IS closed.	Do your eyes fail you?  It IS closed.
The lid closes from the other side.	The lid closes from the other side.
That would only damage Excaliber.	That would only damage Excaliber.
What nonsense is this?	What nonsense is this?
The key turned easily and the lock is now open.	The key turned easily and the lock is now open.
From the shiver that just ran through you, I gather the water was ice-cold.	From the shiver that just ran through you, I gather the water was ice-cold.
Did I not say the Grail was not here?  You have only a wet hand to show for your stubbornness.	Did I not say the Grail was not here?  You have only a wet hand to show for your stubbornness.
So THIS is the Mad Monk's treasure!  A beautiful, glittering crystal heart.  How cold it is to the touch!	So THIS is the Mad Monk's treasure!  A beautiful, glittering crystal heart.  How cold it is to the touch!
Alas, Arthur, this is the object of power that created the Spell of Circular Entrapment.  The Grail is not here.	Alas, Arthur, this is the object of power that created the Spell of Circular Entrapment.  The Grail is not here.
You are in another part of the ruins.  There are ancient carvings of skulls in one wall.	You are in another part of the ruins.  There are ancient carvings of skulls in one wall.
"Memento mori" is a Latin phrase meaning:   "Remember that thou must die".	"Memento mori" is a Latin phrase meaning:   "Remember that thou must die".
An object, such as a skull, is commonly called a memento mori because it is a reminder of inevitable death.	An object, such as a skull, is commonly called a memento mori because it is a reminder of inevitable death.
The carved skulls are memento mori, reminders of the death that awaits us all.	The carved skulls are memento mori, reminders of the death that awaits us all.
The arch is the remnant of a doorway.	The arch is the remnant of a doorway.
This is no time to be plundering religious ruins.	This is no time to be plundering religious ruins.
They are bushes.	They are bushes.
They are rocks.	They are rocks.
The flowers seem cheerful amid the ancient ruins.	The flowers seem cheerful amid the ancient ruins.
The arch supports its roof no longer.	The arch supports its roof no longer.
Unwise.  Desecrating a sacred object is a good way to bring a curse down upon yourself.	Unwise.  Desecrating a sacred object is a good way to bring a curse down upon yourself.
Not in this place or you will offend your own god by kneeling to false gods.	Not in this place or you will offend your own god by kneeling to false gods.
I hope your god is listening.	I hope your god is listening.
The Old Ones have taken their silver and gone away.	The Old Ones have taken their silver and gone away.
The Old Ones have taken it.	The Old Ones have taken it.
You cannot take back what you have not given.	You cannot take back what you have not given.
The Monk had not the means to buy his freedom, so we kept him as our servant.  He was mad, but any servant is better than none.	The Monk had not the means to buy his freedom, so we kept him as our servant.  He was mad, but any servant is better than none.
Of what are you speaking?  There is nothing like that here.	Of what are you speaking?  There is nothing like that here.
What an utterly foolish notion.	What an utterly foolish notion.
It is too heavy for that.	It is too heavy for that.
It is solid stone.	It is solid stone.
There is nothing but grass and weeds.	There is nothing but grass and weeds.
They are too old and weathered to be made out.	They are too old and weathered to be made out.
An iron key lies upon the altar in place of your silver.	An iron key lies upon the altar in place of your silver.
In this part of the ruins there are the remains of some kind of altar.	In this part of the ruins there are the remains of some kind of altar.
Your silver coins lie upon the altar.	Your silver coins lie upon the altar.
It is a key, Arthur.	It is a key, Arthur.
Some of your silver lies upon the altar.	Some of your silver lies upon the altar.
It is an extremely ancient altar, of a most peculiar configuration.  Its three parts may hint at the worship of a trinity of some sort.	It is an extremely ancient altar, of a most peculiar configuration.  Its three parts may hint at the worship of a trinity of some sort.
Ask the Old Ones.	Ask the Old Ones.
Copper is for the lowest spirits of the earth.  Gold is for young gods.  You cannot appease us with those metals.	Copper is for the lowest spirits of the earth.  Gold is for young gods.  You cannot appease us with those metals.
We three are the eldest servants of mother-moon.  We love most dearly the metal that gleams cold and pure like hardened moonlight.	We three are the eldest servants of mother-moon.  We love most dearly the metal that gleams cold and pure like hardened moonlight.
It is the purest of metals.  Silver shines with the light of mother-moon.  You may win your freedom by giving us as much silver as the mother-moon had children.	It is the purest of metals.  Silver shines with the light of mother-moon.  You may win your freedom by giving us as much silver as the mother-moon had children.
Moonlight is the gift of mother-moon, so that total darkness will never rule upon the earth.	Moonlight is the gift of mother-moon, so that total darkness will never rule upon the earth.
Mother-moon had five children: earth, wind, water, fire and spirit.	Mother-moon had five children: earth, wind, water, fire and spirit.
We do not want that!  There is only one metal we cherish.	We do not want that!  There is only one metal we cherish.
Stay and be our servant and we will tell you wondrous secrets.	Stay and be our servant and we will tell you wondrous secrets.
Ignore them, Arthur.  Such spirits are notorious liars.	Ignore them, Arthur.  Such spirits are notorious liars.
We need more silver to appease us.	We need more silver to appease us.
Glorious silver!  How pure and perfect it is!  Having silver is better than having a servant!	Glorious silver!  How pure and perfect it is!  Having silver is better than having a servant!
We release you from our service and leave you a gift.	We release you from our service and leave you a gift.
The ice here is smooth and unbroken.	The ice here is smooth and unbroken.
Your horse does not want to go in that direction. It must not trust what lies beneath the snow.	Your horse does not want to go in that direction. It must not trust what lies beneath the snow.
The snow is too deep to go that way.	The snow is too deep to go that way.
You will find the trip even longer and more tiring without your horse, Arthur.	You will find the trip even longer and more tiring without your horse, Arthur.
It is a glittering palace of ice, rising from the center of the lake.	It is a glittering palace of ice, rising from the center of the lake.
You have nearly reached the edge of the lake called Ot Moor.  Through a gap in the bushes, you can catch a glimpse of a palace in the middle of the lake.	You have nearly reached the edge of the lake called Ot Moor.  Through a gap in the bushes, you can catch a glimpse of a palace in the middle of the lake.
Already, there is a touch of warmth returning to this area, but it will take some time for the ice and snow to melt.	Already, there is a touch of warmth returning to this area, but it will take some time for the ice and snow to melt.
That would not be safe in all your heavy gear.	That would not be safe in all your heavy gear.
A ridge of ice prevents you from going any further in this direction.	A ridge of ice prevents you from going any further in this direction.
A huge bank of snow blocks your path.	A huge bank of snow blocks your path.
You have reached what would normally be the shore of the lake known as Ot Moor.  It is entirely frozen over.	You have reached what would normally be the shore of the lake known as Ot Moor.  It is entirely frozen over.
It will take longer to remove the ice than to make it.  But the thaw begins slowly and the ice is surely more dangerous than it was before.	It will take longer to remove the ice than to make it.  But the thaw begins slowly and the ice is surely more dangerous than it was before.
Your horse is too wise to venture onto the ice.	Your horse is too wise to venture onto the ice.
Your mule is too intelligent to follow you onto dangerous ice.	Your mule is too intelligent to follow you onto dangerous ice.
Your horse knows better than to walk upon thin ice.	Your horse knows better than to walk upon thin ice.
You can observe ice pushed upward into a ridge by the pressure of freezing too quickly.	You can observe ice pushed upward into a ridge by the pressure of freezing too quickly.
Having reached the towering palace of ice, I must caution you.  In this cold manifestation, the Lady of the Lake may not be the benefactress you have known in the past.	Having reached the towering palace of ice, I must caution you.  In this cold manifestation, the Lady of the Lake may not be the benefactress you have known in the past.
I would guess that the triangular objects on the doors are door handles, though being made of ice do not seem very useful.	I would guess that the triangular objects on the doors are door handles, though being made of ice do not seem very useful.
The doors are made of solid ice, the same as the rest of the palace.	The doors are made of solid ice, the same as the rest of the palace.
I cannot say what meaning this symbol has.  Perhaps it is a warning, perhaps mere decoration.	I cannot say what meaning this symbol has.  Perhaps it is a warning, perhaps mere decoration.
The stairs are made of ice.  Tread carefully.	The stairs are made of ice.  Tread carefully.
In the far distance, you glimpse part of the Cotswold Hills.	In the far distance, you glimpse part of the Cotswold Hills.
The Ice Palace is even more beautiful and impressive up close than at a distance.	The Ice Palace is even more beautiful and impressive up close than at a distance.
I would say the two small pyramids of ice are purely decorative.	I would say the two small pyramids of ice are purely decorative.
This door cannot be opened.	This door cannot be opened.
It does not open.  Indeed, there was no reason for you to have returned at all.	It does not open.  Indeed, there was no reason for you to have returned at all.
Try the other door.	Try the other door.
Your arms do not reach that far.	Your arms do not reach that far.
It is already closed.	It is already closed.
Gwenhyver is a girl. I am far more than that.	Gwenhyver is a girl. I am far more than that.
Remember that finding the Grail is but half the task.  You must also be worthy to possess it.	Remember that finding the Grail is but half the task.  You must also be worthy to possess it.
Nothing can help, save the return of the object of power which was stolen from me.	Nothing can help, save the return of the object of power which was stolen from me.
That which enables me to feel warmth and love, such as the hopeless love I have for Sir Launcelot.	That which enables me to feel warmth and love, such as the hopeless love I have for Sir Launcelot.
Only the Old Ones had the power to do that.	Only the Old Ones had the power to do that.
Having told you what I know of the Grail, there is but one more boon you can desire of me -- the life of Sir Launcelot.	Having told you what I know of the Grail, there is but one more boon you can desire of me -- the life of Sir Launcelot.
I am loathe to release him.  I offered him my love and he spurned it, for he has given his whole heart to your queen.	I am loathe to release him.  I offered him my love and he spurned it, for he has given his whole heart to your queen.
If you leave him here, Pendragon, you will be free of him and need never share Gwenhyver's love with him again.	If you leave him here, Pendragon, you will be free of him and need never share Gwenhyver's love with him again.
I sense that you possess something that belongs to me.  Give it to me and I will tell you what even Merlin does not know -- where to search for the Grail.	I sense that you possess something that belongs to me.  Give it to me and I will tell you what even Merlin does not know -- where to search for the Grail.
But if you withhold it, you will have neither help nor knowledge from me.	But if you withhold it, you will have neither help nor knowledge from me.
He cannot answer you. I have sealed his heartless lips forever, unless you choose to win his freedom.	He cannot answer you. I have sealed his heartless lips forever, unless you choose to win his freedom.
Blessed be.	Blessed be.
That would not help you much.	That would not help you much.
Launcelot will never go free, unless you find and return the object of power that was stolen from me.	Launcelot will never go free, unless you find and return the object of power that was stolen from me.
No weapon made, not even Excaliber, can shatter this ice formed by my will.	No weapon made, not even Excaliber, can shatter this ice formed by my will.
Money is meaningless to me.	Money is meaningless to me.
I will not touch it, for it has Gwenhyver's spell upon it.	I will not touch it, for it has Gwenhyver's spell upon it.
Nay, keep it. I have no use for such a thing.	Nay, keep it. I have no use for such a thing.
Aye, that is my heart and contains much of my power. Give it to me and I shall tell you where to search for the Grail.	Aye, that is my heart and contains much of my power. Give it to me and I shall tell you where to search for the Grail.
To free Launcelot will require first my good will. Do not anger me with attempts at bargaining.	To free Launcelot will require first my good will. Do not anger me with attempts at bargaining.
He is worth far more than that to me.	He is worth far more than that to me.
He can accept nothing while frozen in ice.	He can accept nothing while frozen in ice.
I thank you again for the return of the crystal heart, for much of my power is invested within it.	I thank you again for the return of the crystal heart, for much of my power is invested within it.
If you can return it to me, you will win my help.	If you can return it to me, you will win my help.
The ice and cold reflects my mood of late.	The ice and cold reflects my mood of late.
I gave you Excaliber because it is a sword worthy of a king.  Now make sure you are a king worthy of the sword.	I gave you Excaliber because it is a sword worthy of a king.  Now make sure you are a king worthy of the sword.
Did you not listen?  Go to Jerusalem, I said.	Did you not listen?  Go to Jerusalem, I said.
Bring me the object of power that was stolen from me, and I will tell you where to search.	Bring me the object of power that was stolen from me, and I will tell you where to search.
You have but to leave and I will keep Launcelot here, far from Gwenhyver.  I will not harm him, but you will be free of him.	You have but to leave and I will keep Launcelot here, far from Gwenhyver.  I will not harm him, but you will be free of him.
Launcelot is my prisoner because he has spurned my love and given his heart to your wife, Gwenhyver.  You should thank me, Pendragon, for thus removing your rival for her love.	Launcelot is my prisoner because he has spurned my love and given his heart to your wife, Gwenhyver.  You should thank me, Pendragon, for thus removing your rival for her love.
He did not come here.  Therefore I know nothing of him.	He did not come here.  Therefore I know nothing of him.
Merlin is your advisor, not I.	Merlin is your advisor, not I.
Here stands the Ice Maiden, a cold and unloving manifestation of the Lady of the Lake.  Near her is Sir Launcelot, imprisoned in ice.	Here stands the Ice Maiden, a cold and unloving manifestation of the Lady of the Lake.  Near her is Sir Launcelot, imprisoned in ice.
To reach Jerusalem, you must take ship to the port nearest it in that part of the world.	To reach Jerusalem, you must take ship to the port nearest it in that part of the world.
It is dark and cold and uninviting.	It is dark and cold and uninviting.
She looks quite frigid.  But if you are to free Launcelot, you must find a way to win her good will.	She looks quite frigid.  But if you are to free Launcelot, you must find a way to win her good will.
He is caught in a living death, spellbound in a frozen limbo.	He is caught in a living death, spellbound in a frozen limbo.
Everything is ice, formed from the frozen body of the lake by the Ice Maiden's magicks.	Everything is ice, formed from the frozen body of the lake by the Ice Maiden's magicks.
Your good friend and heroic knight, Sir Launcelot, is frozen inside a pillar of ice.	Your good friend and heroic knight, Sir Launcelot, is frozen inside a pillar of ice.
The inside of her palace is lined with stalagmites, stalactites and pillars of ice.	The inside of her palace is lined with stalagmites, stalactites and pillars of ice.
These unyielding pillars of ice were formed by the Ice Maiden's will.	These unyielding pillars of ice were formed by the Ice Maiden's will.
This ice pillar no longer holds the frozen body of Launcelot.	This ice pillar no longer holds the frozen body of Launcelot.
Sir Launcelot is imprisoned in a living death within this pillar of ice.	Sir Launcelot is imprisoned in a living death within this pillar of ice.
The recesses of the ice palace fade into a shrouded glimmer of frozen shadow.	The recesses of the ice palace fade into a shrouded glimmer of frozen shadow.
Your lips would stick.	Your lips would stick.
She is frigidly disinterested.	She is frigidly disinterested.
Do you think to threaten ME with the very sword I gave you from my own hand?  Once only will I tolerate this, or you will suffer the fate of Launcelot.	Do you think to threaten ME with the very sword I gave you from my own hand?  Once only will I tolerate this, or you will suffer the fate of Launcelot.
You are a noble man, Pendragon.  But we will see how true is your desire to save Launcelot when you are put to the test.  Follow me.	You are a noble man, Pendragon.  But we will see how true is your desire to save Launcelot when you are put to the test.  Follow me.
You should have heeded my warning!	You should have heeded my warning!
As icy fingers seize your spine And coldness numbs your brain You wish instead in battle hot You nobly had been slain.	As icy fingers seize your spine And coldness numbs your brain You wish instead in battle hot You nobly had been slain.
Alas, your ears are filled with ice You hear not my sad refrain, A frozen statue of despair In winter's hard domain.	Alas, your ears are filled with ice You hear not my sad refrain, A frozen statue of despair In winter's hard domain.
I shall return you to Camelot!	I shall return you to Camelot!
I have freed Sir Launcelot and sent him back to Camelot, but your journey goes on.  Farewell, King Arthur, and may you overcome every obstacle with the same wit and courage you have shown here.	I have freed Sir Launcelot and sent him back to Camelot, but your journey goes on.  Farewell, King Arthur, and may you overcome every obstacle with the same wit and courage you have shown here.
You may not pass that way, Pendragon, unless I lead you there.	You may not pass that way, Pendragon, unless I lead you there.
You may not pass that way.	You may not pass that way.
I sense the presence of Merlin.  But I know that which he does not -- where to search for the Grail.  But to win my help, you must find and return an object of power that was stolen from me.	I sense the presence of Merlin.  But I know that which he does not -- where to search for the Grail.  But to win my help, you must find and return an object of power that was stolen from me.
Go, and I will transport you safely across the ice.  Do not return unless you bring it to me!	Go, and I will transport you safely across the ice.  Do not return unless you bring it to me!
Blessed be!  For this greatest of all gifts, I will give you the gift of knowledge in return.	Blessed be!  For this greatest of all gifts, I will give you the gift of knowledge in return.
To find the Grail, you must take ship to Gaza, then seek Jerusalem.  Somewhere in that city it lies hidden. 	To find the Grail, you must take ship to Gaza, then seek Jerusalem.  Somewhere in that city it lies hidden. 
Once you leave here, I will transport you safely across the ice to continue your search.  But Launcelot I will keep here, for he has spurned my love in favour of your queen. I will not release him, unless you ask it.	Once you leave here, I will transport you safely across the ice to continue your search.  But Launcelot I will keep here, for he has spurned my love in favour of your queen. I will not release him, unless you ask it.
I can only tell you the name of each flower, if you ask about them.  Beyond that, you must consult your Liber ex Doctrina.	I can only tell you the name of each flower, if you ask about them.  Beyond that, you must consult your Liber ex Doctrina.
It grows from a bed of soil locked in ice.	It grows from a bed of soil locked in ice.
Clearly, this Miraculous Bush of Flowers is the work of the Lady's sorcery, for it contains many different flowers upon the one bush.	Clearly, this Miraculous Bush of Flowers is the work of the Lady's sorcery, for it contains many different flowers upon the one bush.
Move to where you can best see all the flowers.	Move to where you can best see all the flowers.
Very well.  Let the test begin.	Very well.  Let the test begin.
Clearly, the bush grows here only by the Ice Maiden's magicks, yet it looks like an ordinary bush in an ordinary patch of soil.	Clearly, the bush grows here only by the Ice Maiden's magicks, yet it looks like an ordinary bush in an ordinary patch of soil.
These are all the flowers on the Miraculous Bush of Flowers:   almond blossom, anemone, buttercup, chrysanthemum, cornflower, daffodil, forget-me-not, lilly, poppy, and sunflower.	These are all the flowers on the Miraculous Bush of Flowers:   almond blossom, anemone, buttercup, chrysanthemum, cornflower, daffodil, forget-me-not, lilly, poppy, and sunflower.
In this glittering cave of ice, it is strange and wondrous to see a living thing.  Yet there stands the Miraculous Bush of Flowers.	In this glittering cave of ice, it is strange and wondrous to see a living thing.  Yet there stands the Miraculous Bush of Flowers.
She looks expectant, in a frosty sort of way.	She looks expectant, in a frosty sort of way.
He is in the pillar of ice and will remain there, unless you pass the Ice Maiden's test and free him.	He is in the pillar of ice and will remain there, unless you pass the Ice Maiden's test and free him.
All but the Bush is ice, formed from the frozen body of the lake by the Ice Maiden's magicks.	All but the Bush is ice, formed from the frozen body of the lake by the Ice Maiden's magicks.
Please consult your Libera ex Doctrina.	Please consult your Libera ex Doctrina.
In every other respect, the bush is quite ordinary.	In every other respect, the bush is quite ordinary.
There are no less than ten flowers upon this bush.	There are no less than ten flowers upon this bush.
First, you must pass my test.	First, you must pass my test.
The different flowers fill the air with their mingled fragrances.	The different flowers fill the air with their mingled fragrances.
When you are ready for the test, we shall begin.	When you are ready for the test, we shall begin.
Come, Pendragon.  My patience is not without limit.  If you will not look at the Bush and take this test, I will send you from here.	Come, Pendragon.  My patience is not without limit.  If you will not look at the Bush and take this test, I will send you from here.
It would seem that your courage has failed you.  Farewell, then.	It would seem that your courage has failed you.  Farewell, then.
You are worthy of the great legends that will live on in your name.  Come with me.	You are worthy of the great legends that will live on in your name.  Come with me.
Do not touch the Miraculous Bush of Flowers.  You may revel in the sight and scent of it, but it is mine alone to touch.	Do not touch the Miraculous Bush of Flowers.  You may revel in the sight and scent of it, but it is mine alone to touch.
I warn you most sternly, do not pursue this or I will punish you.	I warn you most sternly, do not pursue this or I will punish you.
To speak the Language of the Flowers means simply to know the special meaning that belongs to each flower, what thought or emotion is associated with it.	To speak the Language of the Flowers means simply to know the special meaning that belongs to each flower, what thought or emotion is associated with it.
Nay, keep it.  I have no use for such a thing.	Nay, keep it.  I have no use for such a thing.
You are here to free Launcelot.....if you dare.	You are here to free Launcelot.....if you dare.
It is my Miraculous Bush of Flowers. Go look closely upon the one side that is in bloom.	It is my Miraculous Bush of Flowers. Go look closely upon the one side that is in bloom.
That way is closed to you now, unless you can speak the Language of the Flowers and free Launcelot.	That way is closed to you now, unless you can speak the Language of the Flowers and free Launcelot.
You will hear me out first.	You will hear me out first.
To free Launcelot, you must speak the Language of the Flowers.  I will pose three riddles.  You must give me the name of the flower that solves each riddle.	To free Launcelot, you must speak the Language of the Flowers.  I will pose three riddles.  You must give me the name of the flower that solves each riddle.
The Language of the Flowers is the thought or emotion associated with each flower.  If you know this, you may be able to choose correctly.  If you fail even once, you will join Launcelot in a tomb of ice.	The Language of the Flowers is the thought or emotion associated with each flower.  If you know this, you may be able to choose correctly.  If you fail even once, you will join Launcelot in a tomb of ice.
But I will not force this upon you.  Recite the Message of the Rose and I will send you safely away, though Launcelot will not go free.	But I will not force this upon you.  Recite the Message of the Rose and I will send you safely away, though Launcelot will not go free.
But if you are determined to free your comrade in arms, look closely at the Miraculous Bush of Flowers.  And be warned: once you begin, you may not turn away from your fate.	But if you are determined to free your comrade in arms, look closely at the Miraculous Bush of Flowers.  And be warned: once you begin, you may not turn away from your fate.
Use cursor keys or mouse to choose a flower. Press "Enter" or mouse button to answer riddle with the flower you've chosen.	Use cursor keys or mouse to choose a flower. Press "Enter" or mouse button to answer riddle with the flower you've chosen.
Here is the first riddle. Remember, you must choose the flower that best answers it.	Here is the first riddle. Remember, you must choose the flower that best answers it.
Press F6 to see riddle again	Press F6 to see riddle again
Your wisdom is great. Here is the next riddle.	Your wisdom is great. Here is the next riddle.
Truly you are worthy to be king. The test is ended. Launcelot shall go free.	Truly you are worthy to be king. The test is ended. Launcelot shall go free.
You have failed. The price must be paid.	You have failed. The price must be paid.
When light is dim and courage fails, When heart against adversity rails, When it seems you will never see the dawn, This alone can drive you on.	When light is dim and courage fails, When heart against adversity rails, When it seems you will never see the dawn, This alone can drive you on.
If a dream is abandoned, Or a purpose dies, These are left with the dregs Of bitterness and sighs.	If a dream is abandoned, Or a purpose dies, These are left with the dregs Of bitterness and sighs.
It can be sweet on the tongue, Or vile as a curse, To hear it is evil, To believe it is worse.	It can be sweet on the tongue, Or vile as a curse, To hear it is evil, To believe it is worse.
In time of grief, It gives relief, It can lessen fears, Ease the pain of tears.	In time of grief, It gives relief, It can lessen fears, Ease the pain of tears.
Oh, it is splendid, It has no peer, It scorns the lesser, And holds itself dear.	Oh, it is splendid, It has no peer, It scorns the lesser, And holds itself dear.
Known to the priest And nun, Who natural pleasures Do shun.	Known to the priest And nun, Who natural pleasures Do shun.
Surrounded by giants, Your worries were few, Wonders abounded, The world was new.	Surrounded by giants, Your worries were few, Wonders abounded, The world was new.
Wise are they who seek it, Fools are they who believe without it, Scorn those who claim To own it.	Wise are they who seek it, Fools are they who believe without it, Scorn those who claim To own it.
It alleviates all pain and sorrows, The final end of all tomorrows, That to which we all must go, Rich or poor, high or low.	It alleviates all pain and sorrows, The final end of all tomorrows, That to which we all must go, Rich or poor, high or low.
For its sweet sake, You suffer in silence, What we both most desire, But will never possess.	For its sweet sake, You suffer in silence, What we both most desire, But will never possess.
I need a bit more, m'lud, if you wish to go to the port you have chosen.	I need a bit more, m'lud, if you wish to go to the port you have chosen.
Beggin' m'lud's pardon, but this is not enough for the port you have chosen.  I will return your coins, so you may count them out again.	Beggin' m'lud's pardon, but this is not enough for the port you have chosen.  I will return your coins, so you may count them out again.
That is too much money, m'lud.  I cannot in all honesty accept more than is needed.	That is too much money, m'lud.  I cannot in all honesty accept more than is needed.
Thankee, m'lud.  You have booked passage to Gaza.	Thankee, m'lud.  You have booked passage to Gaza.
Thankee, m'lud.  You have booked passage to Thessalonica.	Thankee, m'lud.  You have booked passage to Thessalonica.
Thankee, m'lud.  You have booked passage to Rome.	Thankee, m'lud.  You have booked passage to Rome.
Thankee, m'lud.  You have booked passage to Rennes.	Thankee, m'lud.  You have booked passage to Rennes.
Thankee, m'lud.  You have booked passage to Dublin.	Thankee, m'lud.  You have booked passage to Dublin.
He has the rolling gait of a retired sailor, and the portly bearing of a man who well enjoys his food and grog.	He has the rolling gait of a retired sailor, and the portly bearing of a man who well enjoys his food and grog.
'Tis a foreign ship, m'lud, recently sold to yet another foreigner.	'Tis a foreign ship, m'lud, recently sold to yet another foreigner.
There are many ships that use this port, m'lud, like the foreign ship behind me that arrived a few days ago.	There are many ships that use this port, m'lud, like the foreign ship behind me that arrived a few days ago.
The "Conal Cearnach" sails for Dublin, m'lud, in the land of Eire. The "Frastrada" will dock somewhere along the coast of Brittany to deliver supplies for the scholars of Rennes in the Kingdom of the Franks.	The "Conal Cearnach" sails for Dublin, m'lud, in the land of Eire. The "Frastrada" will dock somewhere along the coast of Brittany to deliver supplies for the scholars of Rennes in the Kingdom of the Franks.
The Captain of the "Remus" seeks to reach Rome, but will stop in two Muslim-held ports, Malaga and Tunis.  The "Athene" sails for Thessalonica, seeking also to trade in Malaga and Tunis.	The Captain of the "Remus" seeks to reach Rome, but will stop in two Muslim-held ports, Malaga and Tunis.  The "Athene" sails for Thessalonica, seeking also to trade in Malaga and Tunis.
A ship called "Al-Uzza" is bound for the Far East, by way of Malaga, Tunis, and Alexandria, and if God wills, coming at last to distant Gaza.	A ship called "Al-Uzza" is bound for the Far East, by way of Malaga, Tunis, and Alexandria, and if God wills, coming at last to distant Gaza.
If you care to book passage on any of these, m'lud, I will gladly help you.	If you care to book passage on any of these, m'lud, I will gladly help you.
I bid you to return later, m'lud, when the ships may be ready to sail.	I bid you to return later, m'lud, when the ships may be ready to sail.
No need to part with it, m'lud.  Being small, it should fit on a ship well enough.	No need to part with it, m'lud.  Being small, it should fit on a ship well enough.
I know little about mules, m'lud.	I know little about mules, m'lud.
 Beg pardon, m'lud?	Beg pardon, m'lud?
There will not be enough room for your horse, m'lud.	There will not be enough room for your horse, m'lud.
Aye, 'tis a fine horse.	Aye, 'tis a fine horse.
Beg pardon, m'lud?	Beg pardon, m'lud?
The fare to Dublin is one silver coin. The fare to Rennes is two silver coins. The fare to Rome is one gold coin. The fare to Thessalonica is two gold coins. The fare to Gaza is three gold coins.	The fare to Dublin is one silver coin. The fare to Rennes is two silver coins. The fare to Rome is one gold coin. The fare to Thessalonica is two gold coins. The fare to Gaza is three gold coins.
I stand ready to accept your fare, m'lud, upon which I shall direct you to the proper ship.	I stand ready to accept your fare, m'lud, upon which I shall direct you to the proper ship.
Please return later, m'lud, when ships are ready to sail.  Then I will be able to help you book passage.	Please return later, m'lud, when ships are ready to sail.  Then I will be able to help you book passage.
Jerusalem is a city in the desert near the easternmost end of the Mediterranean Sea.	Jerusalem is a city in the desert near the easternmost end of the Mediterranean Sea.
Eh? Sounds like some foreign word to me.	Eh? Sounds like some foreign word to me.
I know nothing of such things.	I know nothing of such things.
Of these good knights, I have heard no tale.	Of these good knights, I have heard no tale.
Aye, he took ship from here to the Far East.  He said he had heard tales that made him believe he should seek the Grail in Jerusalem.	Aye, he took ship from here to the Far East.  He said he had heard tales that made him believe he should seek the Grail in Jerusalem.
There be five ships in port today, m'lud.  They are called the Conal Cearnach, the Frastrada, the Al-Uzza, the Athene and the Remus.	There be five ships in port today, m'lud.  They are called the Conal Cearnach, the Frastrada, the Al-Uzza, the Athene and the Remus.
My name is Rollin' Jack, m'lud.	My name is Rollin' Jack, m'lud.
Aye, m'lud, it were a hard life what does it to a man.	Aye, m'lud, it were a hard life what does it to a man.
The "Conal Cearnach" sails for Dublin, m'lud, in the land of Eire.	The "Conal Cearnach" sails for Dublin, m'lud, in the land of Eire.
The "Frastrada" will dock somewhere along the coast of Brittany to deliver supplies for the scholars of Rennes in the Kingdom of the Franks.	The "Frastrada" will dock somewhere along the coast of Brittany to deliver supplies for the scholars of Rennes in the Kingdom of the Franks.
The Captain of the "Remus" seeks to reach Rome, but will stop in two Muslim-held ports, Malaga and Tunis.	The Captain of the "Remus" seeks to reach Rome, but will stop in two Muslim-held ports, Malaga and Tunis.
The "Athene" sails for Thessalonica, seeking also to trade in Malaga and Tunis.	The "Athene" sails for Thessalonica, seeking also to trade in Malaga and Tunis.
Aye, 'tis fair seas for sailing at this time of year.	Aye, 'tis fair seas for sailing at this time of year.
I be guarding this gangplank, m'lud, while the Captain is ashore.	I be guarding this gangplank, m'lud, while the Captain is ashore.
There will be only enough room for you and your mule, m'lud.  I will see that your horse is delivered safely to Camelot, as I did for Sir Galahad when he departed from here some months ago.	There will be only enough room for you and your mule, m'lud.  I will see that your horse is delivered safely to Camelot, as I did for Sir Galahad when he departed from here some months ago.
If that suits you, m'lud, you may book passage with me.	If that suits you, m'lud, you may book passage with me.
Aye, there should be enough room for you as a passenger.   If you seek to travel, you may book passage through me, m'lud.	Aye, there should be enough room for you as a passenger.   If you seek to travel, you may book passage through me, m'lud.
I cannot book a passage for you yet, m'lud.  Return later and I may be able to help you.	I cannot book a passage for you yet, m'lud.  Return later and I may be able to help you.
Aye, 'tis part of a ship, m'lud.	Aye, 'tis part of a ship, m'lud.
Sail?  Did you say sail?  A ship will not get far without one, m'lud.	Sail?  Did you say sail?  A ship will not get far without one, m'lud.
There are five ships in the port ready to depart.  Their destinations are Dublin, Rennes, Rome, Thessalonica and Gaza.	There are five ships in the port ready to depart.  Their destinations are Dublin, Rennes, Rome, Thessalonica and Gaza.
Several ships are in port, but none will be ready to sail again for some days.	Several ships are in port, but none will be ready to sail again for some days.
We have had some trouble at the docks.  Drunken brawls amongst the sailors, that sort of thing.	We have had some trouble at the docks.  Drunken brawls amongst the sailors, that sort of thing.
The crews will be unfit to sail for days yet.	The crews will be unfit to sail for days yet.
They be ashore in search of grog and women, m'lud.	They be ashore in search of grog and women, m'lud.
You cannot deny the sailors a bit of fun while they are in port, not after months at sea.	You cannot deny the sailors a bit of fun while they are in port, not after months at sea.
We have a number of foreign captains in port this day.  They are doing business with the port merchants.	We have a number of foreign captains in port this day.  They are doing business with the port merchants.
We do a fair business here, m'lud.  Mostly we trade our tin, furs and some weapons, and receive trade goods of many kinds.	We do a fair business here, m'lud.  Mostly we trade our tin, furs and some weapons, and receive trade goods of many kinds.
We commonly trade it to foreign lands, as m'lud surely knows.	We commonly trade it to foreign lands, as m'lud surely knows.
It is just some honey and tin waiting to be loaded onto the proper ship.	It is just some honey and tin waiting to be loaded onto the proper ship.
The shore is green this time of year.	The shore is green this time of year.
Aye, there are Vikings around Dublin and Saracen pirates in the Mediterranean.  They are the scourge of honest merchants, m'lord.	Aye, there are Vikings around Dublin and Saracen pirates in the Mediterranean.  They are the scourge of honest merchants, m'lord.
Aye aye, an eye for an eye, say I.	Aye aye, an eye for an eye, say I.
Awrr, they are the heathen worshippers of a foreign god, but they rule most of the Mediterranean now, so we must deal with them.	Awrr, they are the heathen worshippers of a foreign god, but they rule most of the Mediterranean now, so we must deal with them.
Fearing? I be afeared of nothing but the sea, m'lud.	Fearing? I be afeared of nothing but the sea, m'lud.
My hearing? Aye, the roar of sea and wind has deafened me a trifle.	My hearing? Aye, the roar of sea and wind has deafened me a trifle.
Pray pardon me, m'lud, but I cannot accept your fare now, until I have a ship on which to book you a passage.  I beg you to return later.	Pray pardon me, m'lud, but I cannot accept your fare now, until I have a ship on which to book you a passage.  I beg you to return later.
For this transaction, it would be better to dismount.	For this transaction, it would be better to dismount.
Move closer to the Harbourmaster.	Move closer to the Harbourmaster.
Beg pardon, m'lud, but I did not hear you ask for a port of call yet.	Beg pardon, m'lud, but I did not hear you ask for a port of call yet.
If you wish. I am sure the Harbourmaster can help you with that.	If you wish. I am sure the Harbourmaster can help you with that.
Pardon, m'lud, but that is not a port and no ship sails there.	Pardon, m'lud, but that is not a port and no ship sails there.
Beggin' m'lud's pardon, but I be a trifle hard of hearing. I did not hear where you wished to go.	Beggin' m'lud's pardon, but I be a trifle hard of hearing. I did not hear where you wished to go.
Eh? Never heard of it.  'Tis some piddling little foreign rathole, I suppose.	Eh? Never heard of it.  'Tis some piddling little foreign rathole, I suppose.
But m'lud has paid nothing that I might refund.	But m'lud has paid nothing that I might refund.
As you command, m'lud.  I shall return what you have given me.	As you command, m'lud.  I shall return what you have given me.
Others might be surprised to see you here, m'lud, but not I.  Ever since Sir Galahad sailed from here and did not return, I felt another would follow in his steps.	Others might be surprised to see you here, m'lud, but not I.  Ever since Sir Galahad sailed from here and did not return, I felt another would follow in his steps.
Though little did I suspect it would be our most noble knight and King himself.	Though little did I suspect it would be our most noble knight and King himself.
If you wish to book passage upon one of them, m'lud, I will take your fare myself, for by your own law every man--even a king--must pay his way.	If you wish to book passage upon one of them, m'lud, I will take your fare myself, for by your own law every man--even a king--must pay his way.
If you have come to follow Galahad, m'lud, you have come at a bad time.  Several ships are in port, but none will be ready to sail again for some days.  I suggest you return later.	If you have come to follow Galahad, m'lud, you have come at a bad time.  Several ships are in port, but none will be ready to sail again for some days.  I suggest you return later.
Ah, m'lud, your return is most timely.  I have five ships leaving port.  They are sailing for Dublin, Rennes, Rome, Thessalonica and Gaza.	Ah, m'lud, your return is most timely.  I have five ships leaving port.  They are sailing for Dublin, Rennes, Rome, Thessalonica and Gaza.
Would you care to book passage upon one of them? By your own law every man--even a king--must pay his way.   I would be pleased to answer any question you may ask about them.	Would you care to book passage upon one of them? By your own law every man--even a king--must pay his way.   I would be pleased to answer any question you may ask about them.
Greetings, m'lud.  I fear you have returned too soon.  We have had some trouble at the docks.  Drunken brawls amongst the sailors, that sort of thing.	Greetings, m'lud.  I fear you have returned too soon.  We have had some trouble at the docks.  Drunken brawls amongst the sailors, that sort of thing.
The crews will be unfit to sail for days yet.  You had best return later.	The crews will be unfit to sail for days yet.  You had best return later.
Beggin' m'lud's pardon, but only coin may be collected for fare.	Beggin' m'lud's pardon, but only coin may be collected for fare.
Sorry, m'lud, it is already sold.	Sorry, m'lud, it is already sold.
I have five ships bound for different parts of the world on which you might book passage.  They sail for Dublin, Rennes, Rome, Thessalonica and Gaza.	I have five ships bound for different parts of the world on which you might book passage.  They sail for Dublin, Rennes, Rome, Thessalonica and Gaza.
If you wish to book passage on one of them, m'lud, I will be most happy to tell you the fare for each.	If you wish to book passage on one of them, m'lud, I will be most happy to tell you the fare for each.
Beggin' m'lud's pardon, but I may accept only coin as the proper fare.	Beggin' m'lud's pardon, but I may accept only coin as the proper fare.
No need to part with it, m'lud.  There will be just enough room on the ship for it.	No need to part with it, m'lud.  There will be just enough room on the ship for it.
I am not in the mule buying business, m'lud.	I am not in the mule buying business, m'lud.
Methinks the man is hard of hearing, Arthur.	Methinks the man is hard of hearing, Arthur.
It would improper of you to break the seals on merchandise that does not belong to you.	It would improper of you to break the seals on merchandise that does not belong to you.
Did you not hear, Arthur?  Galahad went to Jerusalem.	Did you not hear, Arthur?  Galahad went to Jerusalem.
If you want to know about ship destinations, booking passage or fares, you should ask the Harbourmaster about them.	If you want to know about ship destinations, booking passage or fares, you should ask the Harbourmaster about them.
It is fairly calm, indicating light wind.	It is fairly calm, indicating light wind.
Beneath you is the dock.	Beneath you is the dock.
Ask the Harbourmaster.	Ask the Harbourmaster.
It is fully loaded and ready to sail.	It is fully loaded and ready to sail.
It has not yet finished with loading and unloading of cargo and supplies.  But the Harbourmaster would know more than I about such things.	It has not yet finished with loading and unloading of cargo and supplies.  But the Harbourmaster would know more than I about such things.
A foreign ship is moored along one side of the dock.  Yonder portly fellow is the Harbourmaster, who has authority over all ships that enter and leave Southampton.   Some cargo has been off-loaded from the ship and awaits delivery.	A foreign ship is moored along one side of the dock.  Yonder portly fellow is the Harbourmaster, who has authority over all ships that enter and leave Southampton.   Some cargo has been off-loaded from the ship and awaits delivery.
My hearing is excellent, thank you.	My hearing is excellent, thank you.
It is Greek for "Kristi".	It is Greek for "Kristi".
Peter loves Christy and Christy loves Peter and that is all you need to know.	Peter loves Christy and Christy loves Peter and that is all you need to know.
His whereabouts are yet unknown.	His whereabouts are yet unknown.
Aye, 'tis a mast.   It holds the sail.	Aye, 'tis a mast.   It holds the sail.
The gangplank is in place.  The ship must still be engaged in business.	The gangplank is in place.  The ship must still be engaged in business.
It is furled atop the mast.	It is furled atop the mast.
Perhaps the crews are having a final round of drinks at a local inn before departure.	Perhaps the crews are having a final round of drinks at a local inn before departure.
He will surely appear once the Harbourmaster decrees the ship is cleared to leave.	He will surely appear once the Harbourmaster decrees the ship is cleared to leave.
The waves break on the shoreline of Southampton.	The waves break on the shoreline of Southampton.
Aye, a ship has many ropes.	Aye, a ship has many ropes.
Every ship has one.	Every ship has one.
'Tis not an uncommon practice among foreign seaman to paint an eye upon the prow so that the ship may better see where it is going.	'Tis not an uncommon practice among foreign seaman to paint an eye upon the prow so that the ship may better see where it is going.
It is a typical merchant ship bringing foreign cargo to trade for British goods such as tin.	It is a typical merchant ship bringing foreign cargo to trade for British goods such as tin.
There is a small bit of shelter in the prow, but no cabins.  These ships are built for cargo, not comfort.	There is a small bit of shelter in the prow, but no cabins.  These ships are built for cargo, not comfort.
The ship's stern has a rudder, as might be expected.	The ship's stern has a rudder, as might be expected.
It is, not surprisingly, the shoreline of Southampton.	It is, not surprisingly, the shoreline of Southampton.
The clouds do not look threatening and should not delay the ship from sailing.	The clouds do not look threatening and should not delay the ship from sailing.
The earthenware pots and jars might contain wax, oil, wine or honey.	The earthenware pots and jars might contain wax, oil, wine or honey.
The packets are wrapped in oil cloth and could be any number of common trade items:  spices, furs, cloth, ivory, amber, glass beads, pottery.	The packets are wrapped in oil cloth and could be any number of common trade items:  spices, furs, cloth, ivory, amber, glass beads, pottery.
There are many fish in the sea, Arthur, and seagulls to feast upon them.	There are many fish in the sea, Arthur, and seagulls to feast upon them.
The cargo on the dock consists of earthenware pots and jars and some wrapped packets.	The cargo on the dock consists of earthenware pots and jars and some wrapped packets.
Since a goodly portion of your tax revenues come from shipping, I suppose it must be doing well enough.	Since a goodly portion of your tax revenues come from shipping, I suppose it must be doing well enough.
Ask the Harbourmaster about that.	Ask the Harbourmaster about that.
They are ports held by Muslim rulers.	They are ports held by Muslim rulers.
Brittany, or Bretagne, is held by wild and unruly Celtic tribes known as Gauls.	Brittany, or Bretagne, is held by wild and unruly Celtic tribes known as Gauls.
Dublin is on the island of Eire.	Dublin is on the island of Eire.
Rennes is in the land of the Franks, across the channel.	Rennes is in the land of the Franks, across the channel.
Rome was once the center of the Roman Empire, but the power of this ancient city has much declined.	Rome was once the center of the Roman Empire, but the power of this ancient city has much declined.
Thessalonica is in northern Greece, above Athens.	Thessalonica is in northern Greece, above Athens.
Gaza is at the easternmost end of the Mediterranean Sea.	Gaza is at the easternmost end of the Mediterranean Sea.
An Irish legend says Conal Cearnach was a prisoner of the Romans in Jerusalem and witnessed the crucifixion of Christ.	An Irish legend says Conal Cearnach was a prisoner of the Romans in Jerusalem and witnessed the crucifixion of Christ.
Frastrada was a wife of Charlemagne, ruler of the Franks.  Rumour said she was a witch from the East.	Frastrada was a wife of Charlemagne, ruler of the Franks.  Rumour said she was a witch from the East.
The legendary founders of Rome were twin brothers, Remus and Romulus, who were suckled by a she-wolf.	The legendary founders of Rome were twin brothers, Remus and Romulus, who were suckled by a she-wolf.
The powerful Greek Goddess, Athene, is the patroness of sailors.  The city of Athens is named after her.	The powerful Greek Goddess, Athene, is the patroness of sailors.  The city of Athens is named after her.
The name Al-Uzza, means "Powerful One".  It was the title of an Arabic Goddess associated with the founding of Mohammed's tribe.	The name Al-Uzza, means "Powerful One".  It was the title of an Arabic Goddess associated with the founding of Mohammed's tribe.
That is a matter to discuss with the Harbourmaster.	That is a matter to discuss with the Harbourmaster.
This is a foreign merchant's ship, not subject to your whim, King Arthur.	This is a foreign merchant's ship, not subject to your whim, King Arthur.
That is work for sailors, not a warrior-king.	That is work for sailors, not a warrior-king.
He is doing his duty and will move only when he should move.  As a king, you must set an example and respect him as master of this port.	He is doing his duty and will move only when he should move.  As a king, you must set an example and respect him as master of this port.
Not a wise idea, Arthur.	Not a wise idea, Arthur.
Arthur! Do not disgrace yourself by threatening this good man.	Arthur! Do not disgrace yourself by threatening this good man.
I do not mean to anger you, m'lud, but it is my duty to collect fare before a passenger may board a ship.	I do not mean to anger you, m'lud, but it is my duty to collect fare before a passenger may board a ship.
The purse itself is of no value to him.  And you may yet need it.	The purse itself is of no value to him.  And you may yet need it.
You already did that during your ride here.  No need to do it again now.	You already did that during your ride here.  No need to do it again now.
That would be absurd.	That would be absurd.
The sharp tang of salt water mingles with the pungent smell of fish.	The sharp tang of salt water mingles with the pungent smell of fish.
The wooden ship creaks and bumps against the pier.  Water washes across wood and stone and waves dash upon the shore.  Seagulls cry raucously from above.	The wooden ship creaks and bumps against the pier.  Water washes across wood and stone and waves dash upon the shore.  Seagulls cry raucously from above.
You must be on a horse to get off a horse.	You must be on a horse to get off a horse.
Enter destination:	Enter destination:
Weary days and nights march on. A storm catches the ship and you are forced to lend your strong back to the efforts of the crew to save themselves.	Weary days and nights march on. A storm catches the ship and you are forced to lend your strong back to the efforts of the crew to save themselves.
Huge waves crash across the decks. You barely save your mule, but your pack and nearly all your belongings are washed away.	Huge waves crash across the decks. You barely save your mule, but your pack and nearly all your belongings are washed away.
The next day, the Captain thanks you by giving good advice, "You are not a king in these lands, so do not be quick to draw your sword for you will be surrounded by enemies. Be careful who you trust and never pay bribes with too much coin."	The next day, the Captain thanks you by giving good advice, "You are not a king in these lands, so do not be quick to draw your sword for you will be surrounded by enemies. Be careful who you trust and never pay bribes with too much coin."
You join the crew in sharing several rounds of wine as they wait for the tide to change so they may enter Gaza port.	You join the crew in sharing several rounds of wine as they wait for the tide to change so they may enter Gaza port.
The wine flows freely after such a long and arduous journey. Soon, you fall into a very deep, dreamless sleep.	The wine flows freely after such a long and arduous journey. Soon, you fall into a very deep, dreamless sleep.
The skilled Captain beats past Celtic Brittany with all speed thanks to good winds.	The skilled Captain beats past Celtic Brittany with all speed thanks to good winds.
At Malaga you get your first sight of those who worship Islam.  Their manners and dress are strange to you, yet they are hospitable to any man who worships the one god, no matter by what name he is called.	At Malaga you get your first sight of those who worship Islam.  Their manners and dress are strange to you, yet they are hospitable to any man who worships the one god, no matter by what name he is called.
In Tunis the worshippers of Allah seem much the same but are ruled instead by the Aghlabid Emirate under the Abbasid Empire.	In Tunis the worshippers of Allah seem much the same but are ruled instead by the Aghlabid Emirate under the Abbasid Empire.
As you approach Athens, a corsair filled with Saracen pirates overtakes your ship.	As you approach Athens, a corsair filled with Saracen pirates overtakes your ship.
You fight like the great warrior you are, but the Saracens are many and merciless. You are finally cut down and thrown to the fish.	You fight like the great warrior you are, but the Saracens are many and merciless. You are finally cut down and thrown to the fish.
A quick voyage brings you to the northern coast of Brittany where you are tragically dashed to death upon jagged rocks.	A quick voyage brings you to the northern coast of Brittany where you are tragically dashed to death upon jagged rocks.
Many days and nights pass in cramped discomfort.  The coastline of Muslim-held Iberia glides past.	Many days and nights pass in cramped discomfort.  The coastline of Muslim-held Iberia glides past.
You land briefly in Tunis, ruled by the Muslims of the Aghlabid Emirate under the Abbasid Empire.  Soon you will reach Rome.	You land briefly in Tunis, ruled by the Muslims of the Aghlabid Emirate under the Abbasid Empire.  Soon you will reach Rome.
Approaching Rome, your ship is caught in a powerful storm. You are washed overboard and your armour quickly drags you to the bottom of the sea.	Approaching Rome, your ship is caught in a powerful storm. You are washed overboard and your armour quickly drags you to the bottom of the sea.
Captain beats his way expertly up St. George's Channel toward Dublin.	Captain beats his way expertly up St. George's Channel toward Dublin.
Alas, a longship of crazed Vikings falls upon the ship.  Excaliber sings from its sheath and does mighty work.  The decks run red, but you are overwhelmed and killed in combat with a berserker.	Alas, a longship of crazed Vikings falls upon the ship.  Excaliber sings from its sheath and does mighty work.  The decks run red, but you are overwhelmed and killed in combat with a berserker.
Oh, no, this mukhtar is an evil man and would make you a slave.  He must not find you.	Oh, no, this mukhtar is an evil man and would make you a slave.  He must not find you.
Oh, sir, I could not keep her.  And you will need her for your journey.	Oh, sir, I could not keep her.  And you will need her for your journey.
I am not allowed to accept gifts, sir, except from my Master.	I am not allowed to accept gifts, sir, except from my Master.
I am not allowed to accept gifts for doing my duty, sir.	I am not allowed to accept gifts for doing my duty, sir.
You cannot seek it in Gaza, sir, or the mukhtar will imprison you.  Perhaps my Master can help you with this problem.	You cannot seek it in Gaza, sir, or the mukhtar will imprison you.  Perhaps my Master can help you with this problem.
I have never been anywhere but Gaza, but my Master can surely answer you.	I have never been anywhere but Gaza, but my Master can surely answer you.
It is true my Master is poor, but he is a good man and he knows so many things.  And while you speak with Al-Sirat, I can care for your poor mule after her long sea journey.	It is true my Master is poor, but he is a good man and he knows so many things.  And while you speak with Al-Sirat, I can care for your poor mule after her long sea journey.
Please do not delay long, sir.  Gaza is no longer safe for foreigners and no man here will aid you in any way except my Master.	Please do not delay long, sir.  Gaza is no longer safe for foreigners and no man here will aid you in any way except my Master.
Sa'alam aleikem	Sa'alam aleikem
Sa'alam aleikem.  Peace be unto you.	Sa'alam aleikem.  Peace be unto you.
He is a young boy, poor but healthy, with an open, honest face and intelligence in his eyes.	He is a young boy, poor but healthy, with an open, honest face and intelligence in his eyes.
Please come and ask my Master.  He knows so much more than I.	Please come and ask my Master.  He knows so much more than I.
Al-Sirat will know.  He is the most learned of men.	Al-Sirat will know.  He is the most learned of men.
He did not choose to visit my Master, but hurried off into the desert alone.	He did not choose to visit my Master, but hurried off into the desert alone.
Sir, my Master is the wisest man in the whole world.  He can answer any question.  Please, let us go to him.	Sir, my Master is the wisest man in the whole world.  He can answer any question.  Please, let us go to him.
Ignore the brat and let us do business.  The mukhtar could have spies about, so we should act quickly.  You have no pack, I see, and no waterskin.  You can buy nothing in Gaza without being arrested.	Ignore the brat and let us do business.  The mukhtar could have spies about, so we should act quickly.  You have no pack, I see, and no waterskin.  You can buy nothing in Gaza without being arrested.
Therefore, you must surely hire me to take you through the desert and lead you from one waterhole to the next. That is the only way you will reach Jerusalem alive.	Therefore, you must surely hire me to take you through the desert and lead you from one waterhole to the next. That is the only way you will reach Jerusalem alive.
You want to avoid the mukhtar.  I give you good advice.  Trust me in all things.	You want to avoid the mukhtar.  I give you good advice.  Trust me in all things.
No man in Gaza will deal with you because of the mukhtar's edicts.  If you are spotted by his men, you will be arrested.	No man in Gaza will deal with you because of the mukhtar's edicts.  If you are spotted by his men, you will be arrested.
Most generous, habib.  She will make a fine payment for being your guide, if you let me take you to Jerusalem.	Most generous, habib.  She will make a fine payment for being your guide, if you let me take you to Jerusalem.
An odd looking trinket, but of no interest to me.	An odd looking trinket, but of no interest to me.
I am content to wait until I bring you safely to Jerusalem to receive my reward.	I am content to wait until I bring you safely to Jerusalem to receive my reward.
Trust me in all things.  Only I know the secret paths of the desert and where to find water.  Only I can guide you safely through.	Trust me in all things.  Only I know the secret paths of the desert and where to find water.  Only I can guide you safely through.
He looks a dry and hard man, as one might look from a lifetime in harsh deserts.	He looks a dry and hard man, as one might look from a lifetime in harsh deserts.
Ignore the brat and let us do business.	Ignore the brat and let us do business.
He is an impoverished old scholar.  Do not waste your time with him.	He is an impoverished old scholar.  Do not waste your time with him.
Never heard of it.	Never heard of it.
Trust me in all things.  I can lead you safely to all waterholes and wadis.	Trust me in all things.  I can lead you safely to all waterholes and wadis.
There was another like you, but he was gone from here before I could offer my services.	There was another like you, but he was gone from here before I could offer my services.
If you must ask questions, let us at least get started on the trip and talk later.	If you must ask questions, let us at least get started on the trip and talk later.
It is an old tower on a spit of land.	It is an old tower on a spit of land.
The sail was carefully repaired after the storm.	The sail was carefully repaired after the storm.
By my beard, you must know every plank of the ship by now, having been aboard for weeks.	By my beard, you must know every plank of the ship by now, having been aboard for weeks.
Though the mule is here, she looks even more unhappy than when you started this trip.	Though the mule is here, she looks even more unhappy than when you started this trip.
The rocks alongside the dock are slippery.  Avoid them.	The rocks alongside the dock are slippery.  Avoid them.
This is one of the stone docks at Gaza port.	This is one of the stone docks at Gaza port.
I would strongly advise you to heed this boy.	I would strongly advise you to heed this boy.
I would advise you to remember the advice the Captain offered you during the voyage.	I would advise you to remember the advice the Captain offered you during the voyage.
It is not clear what you want.  Try to be more specific.	It is not clear what you want.  Try to be more specific.
I suspect that no matter how hard you look, you will not find Al-Sirat or Hazm again.	I suspect that no matter how hard you look, you will not find Al-Sirat or Hazm again.
You should have paid more attention to Hazm.  You would undoubtedly know a great deal more than you do now.	You should have paid more attention to Hazm.  You would undoubtedly know a great deal more than you do now.
There is no guide here.  You are on your own.	There is no guide here.  You are on your own.
From what we have heard, the mukhtar is the last man you wish to find.  Or to have find you.  You should dally here no longer.	From what we have heard, the mukhtar is the last man you wish to find.  Or to have find you.  You should dally here no longer.
You will have to make do with what you have or can find.	You will have to make do with what you have or can find.
You should be well and truly sick of this ship by now.	You should be well and truly sick of this ship by now.
It seems I must warn you often that such violent urges against those who have done you no wrong will stain your soul and make you unworthy of the Grail.	It seems I must warn you often that such violent urges against those who have done you no wrong will stain your soul and make you unworthy of the Grail.
Unfortunately, you lost nearly everything when the storm washed your pack overboard.	Unfortunately, you lost nearly everything when the storm washed your pack overboard.
All seaports share similar odors, mainly the tang of salt and fish.	All seaports share similar odors, mainly the tang of salt and fish.
It has been emptied.  Do not waste your time.	It has been emptied.  Do not waste your time.
Thank you, sir, but I cannot accept money.  My reward is serving my Master well.	Thank you, sir, but I cannot accept money.  My reward is serving my Master well.
You have no business doing so.	You have no business doing so.
It would appear that you slept through the entire unloading of the ship.  Even the crew is gone.	It would appear that you slept through the entire unloading of the ship.  Even the crew is gone.
Before you lies the sun-baked village of Gaza.  Beyond the town lie hills, and beyond them is the desert.	Before you lies the sun-baked village of Gaza.  Beyond the town lie hills, and beyond them is the desert.
The land rises in rocky hills to the east.	The land rises in rocky hills to the east.
Only Hazm could have shown you the way.  You should have followed him when you had the chance.	Only Hazm could have shown you the way.  You should have followed him when you had the chance.
I presume he is with his Master.	I presume he is with his Master.
It is now quite empty.	It is now quite empty.
It has been removed.	It has been removed.
It is made of stone, part of an old fortification.	It is made of stone, part of an old fortification.
It is built of stone, solid and functional.	It is built of stone, solid and functional.
You have been looking at the waves for week upon weary week.  There is nothing new to see.	You have been looking at the waves for week upon weary week.  There is nothing new to see.
At this moment, everything you possess is upon your person, except for your mule.	At this moment, everything you possess is upon your person, except for your mule.
Aye, 'tis a mast.  It holds the sail.	Aye, 'tis a mast.  It holds the sail.
Aye, it connects the ship to the dock.	Aye, it connects the ship to the dock.
It looks the same as it has for weeks.	It looks the same as it has for weeks.
They are gone.	They are gone.
He is gone.	He is gone.
It has a rudder, as might be expected.	It has a rudder, as might be expected.
There is a tower on a spit of land and other hills in the distance in one direction, and the town of Gaza in the other.	There is a tower on a spit of land and other hills in the distance in one direction, and the town of Gaza in the other.
It is not much to look at it.  Poor dwellings, empty streets, much dirt and an air of hostility.	It is not much to look at it.  Poor dwellings, empty streets, much dirt and an air of hostility.
Aye, they are pleasant enough, as clouds go.	Aye, they are pleasant enough, as clouds go.
It is a valley cut into the earth by running water. Sometimes a wadi will still have water, but often they are dry.	It is a valley cut into the earth by running water. Sometimes a wadi will still have water, but often they are dry.
I have much book knowledge, but I cannot guide you step by step to a place where I have never been.	I have much book knowledge, but I cannot guide you step by step to a place where I have never been.
You are the wisest of men, sir, except for my Master!  Please follow me.	You are the wisest of men, sir, except for my Master!  Please follow me.
The desert lies ahead.  You will never cross it without my help.	The desert lies ahead.  You will never cross it without my help.
You need not pay now, but I could not insult your generosity by refusing.  Let us set out at once!	You need not pay now, but I could not insult your generosity by refusing.  Let us set out at once!
Excellent!  Let us waste no time! Follow me.	Excellent!  Let us waste no time! Follow me.
Oh, sir!  I am so happy you have returned!	Oh, sir!  I am so happy you have returned!
Please, will you come with me now and accept the hospitality of my Master, Al-Sirat?	Please, will you come with me now and accept the hospitality of my Master, Al-Sirat?
Al-Sirat is only poor in worldly goods, but in knowledge and wisdom he is the richest man on earth!	Al-Sirat is only poor in worldly goods, but in knowledge and wisdom he is the richest man on earth!
If you change your mind, sir, I will still gladly lead you to him.  But I must return to him soon, either with or without you.	If you change your mind, sir, I will still gladly lead you to him.  But I must return to him soon, either with or without you.
You are the wisest of men, sir, except for my Master!   Please follow me.	You are the wisest of men, sir, except for my Master!   Please follow me.
Your armour and steel drag you to the bottom and there you will lie until you are rotten, soggy and pulpy and truly forgotten.	Your armour and steel drag you to the bottom and there you will lie until you are rotten, soggy and pulpy and truly forgotten.
You should not think of returning to Gaza, Arthur.  If the mukhtar's men find you, it will mean your life.	You should not think of returning to Gaza, Arthur.  If the mukhtar's men find you, it will mean your life.
A pity.  You are so young to die.  Well, we may yet meet again, in case you change your mind.	A pity.  You are so young to die.  Well, we may yet meet again, in case you change your mind.
He does not answer.	He does not answer.
He could never hear you from here.	He could never hear you from here.
You should have returned directly to Jerusalem.  There is no hope for you now.	You should have returned directly to Jerusalem.  There is no hope for you now.
Gaza is unsafe.  Jerusalem lies somewhere beyond the desert.  Your choices are limited and filled with danger at every step.  Go with caution.	Gaza is unsafe.  Jerusalem lies somewhere beyond the desert.  Your choices are limited and filled with danger at every step.  Go with caution.
You have safely left Gaza behind, but the desert lies ahead.  You will never cross it without my help.	You have safely left Gaza behind, but the desert lies ahead.  You will never cross it without my help.
I am a man of the desert, not of the sea.	I am a man of the desert, not of the sea.
Hire me, and I will lead you safely to water.  Trust me in all things.	Hire me, and I will lead you safely to water.  Trust me in all things.
I urge you once more to hire me as your guide through the desert.  Only I can show you where the hidden water lies.	I urge you once more to hire me as your guide through the desert.  Only I can show you where the hidden water lies.
He is a useless pest.	He is a useless pest.
He is an old fraud.	He is an old fraud.
It is just an old tower.	It is just an old tower.
If you must ask questions, you might at least hire me as your guide.	If you must ask questions, you might at least hire me as your guide.
I do not know what folly brought you back here to the hill above Gaza.  I fear you are doomed.	I do not know what folly brought you back here to the hill above Gaza.  I fear you are doomed.
From this hard-earned height above Gaza you can see far across the sea and over the village.  But ahead of you lies a searing and treacherous desert to cross.	From this hard-earned height above Gaza you can see far across the sea and over the village.  But ahead of you lies a searing and treacherous desert to cross.
I do not think you will see Hazm ever again.	I do not think you will see Hazm ever again.
Undoubtedly he hurried back to his master, as instructed.	Undoubtedly he hurried back to his master, as instructed.
There is a slim chance he might be on the dock where you left him.	There is a slim chance he might be on the dock where you left him.
Al-Sirat's enclosure is hidden somewhere in the hillside below.  You would never find it again without Hazm.	Al-Sirat's enclosure is hidden somewhere in the hillside below.  You would never find it again without Hazm.
You had your chance when Hazm offered to take you to the scholar.  Now it may be too late.	You had your chance when Hazm offered to take you to the scholar.  Now it may be too late.
You can barely make out the ship, let alone any other detail, from this distance.	You can barely make out the ship, let alone any other detail, from this distance.
It may be the ship you came on still in port, or another ship entirely.  It matters not.	It may be the ship you came on still in port, or another ship entirely.  It matters not.
From this height above Gaza, the ship on which you spent so many weary weeks looks like a mere toy.	From this height above Gaza, the ship on which you spent so many weary weeks looks like a mere toy.
You saw the stone tower when you disembarked.  It looked abandoned.	You saw the stone tower when you disembarked.  It looked abandoned.
The town of Gaza occupies the shoreline.	The town of Gaza occupies the shoreline.
From this hard-earned height above Gaza you can see far across the sea and over the village.	From this hard-earned height above Gaza you can see far across the sea and over the village.
The sea looks lovely from here.	The sea looks lovely from here.
Aye, a most impressive looking bank of clouds.	Aye, a most impressive looking bank of clouds.
You dare not look long at the glaring sun.	You dare not look long at the glaring sun.
Cross?  Ah, you refer to the mast and furled sail of the ship down at the dock.	Cross?  Ah, you refer to the mast and furled sail of the ship down at the dock.
Why do you refuse to listen to good advice?	Why do you refuse to listen to good advice?
From here you can go either into the desert or back the way you came.	From here you can go either into the desert or back the way you came.
Follow me and I will lead you free of the cliffs.	Follow me and I will lead you free of the cliffs.
In this heat, you must waste no breath upon idle chatter.	In this heat, you must waste no breath upon idle chatter.
Arthur, Arthur, why are you here?.  You should be back in Jerusalem by now.	Arthur, Arthur, why are you here?.  You should be back in Jerusalem by now.
This area is enclosed by cliffs.  There are but two openings...back to the ridge overlooking Gaza or into the desert.	This area is enclosed by cliffs.  There are but two openings...back to the ridge overlooking Gaza or into the desert.
The cliffs are formidably high.	The cliffs are formidably high.
This way, habib.  Follow me.	This way, habib.  Follow me.
Where are you going?  Follow me!	Where are you going?  Follow me!
It is too deeply buried.	It is too deeply buried.
The markings on the ancient pillar have been obliterated with the passage of time.	The markings on the ancient pillar have been obliterated with the passage of time.
Your way is blocked upon one side by cliffs.  The rest upon all sides is desert.	Your way is blocked upon one side by cliffs.  The rest upon all sides is desert.
The high cliffs continue to one side of you.	The high cliffs continue to one side of you.
It appears to be a chunk of very ancient pillar, partially buried.	It appears to be a chunk of very ancient pillar, partially buried.
Now that you have trudged far from the city walls, what have you to show for it?  Nothing.  You are lost in the blistering desert without water once again.	Now that you have trudged far from the city walls, what have you to show for it?  Nothing.  You are lost in the blistering desert without water once again.
Good, you are here.  But stay close behind me or you may get lost.	Good, you are here.  But stay close behind me or you may get lost.
This way, habib.  We must go directly to the water.	This way, habib.  We must go directly to the water.
Beware!  Ahead of you is only vast and open desert.  This is no time to get lost.	Beware!  Ahead of you is only vast and open desert.  This is no time to get lost.
There are rocks, barren ground and sand, and a vast array of desert stretching out in all directions, save for the way you came.	There are rocks, barren ground and sand, and a vast array of desert stretching out in all directions, save for the way you came.
There are rocks, barren ground and sand, and a vast array of desert stretching out in all directions.	There are rocks, barren ground and sand, and a vast array of desert stretching out in all directions.
Below you - and a lethal fall from here, I might add - is a long pool of fresh water.	Below you - and a lethal fall from here, I might add - is a long pool of fresh water.
I suspect I should know what this place is.  If you investigate further it may come to me.	I suspect I should know what this place is.  If you investigate further it may come to me.
The girl and her jug have vanished over the hill.	The girl and her jug have vanished over the hill.
If you refer to Fatima, it would seem she had a lesson to teach you.  Next time, heed her words more closely.	If you refer to Fatima, it would seem she had a lesson to teach you.  Next time, heed her words more closely.
It appears dark and empty inside.	It appears dark and empty inside.
Below you is an enticing pool of water.	Below you is an enticing pool of water.
The platform around the pit is made of stone.	The platform around the pit is made of stone.
You are babbling, Arthur.	You are babbling, Arthur.
He was so anxious for you to follow him, he did not wait to speak further with you.	He was so anxious for you to follow him, he did not wait to speak further with you.
You swallowed a great deal of water when you landed in the aqueduct.  But if you want more, now is the time to do it.	You swallowed a great deal of water when you landed in the aqueduct.  But if you want more, now is the time to do it.
A fine idea, but you will not do it from up here.	A fine idea, but you will not do it from up here.
You will have to find it, first.	You will have to find it, first.
I see nothing like that here.	I see nothing like that here.
The dates have all been harvested from the palm.	The dates have all been harvested from the palm.
They will not soothe your thirst.  You should rather look for the source of their water.	They will not soothe your thirst.  You should rather look for the source of their water.
The aloe is not for eating and the dates have all been harvested from the palm.	The aloe is not for eating and the dates have all been harvested from the palm.
The mule knows better than you what she should eat.	The mule knows better than you what she should eat.
You no longer have your mule.	You no longer have your mule.
She has run away, Arthur.	She has run away, Arthur.
Dear me.  The heat has affected you most severely.	Dear me.  The heat has affected you most severely.
You should remember the way back to Jerusalem from here.	You should remember the way back to Jerusalem from here.
There is a building and a stone platform over a deep walled pit in the ground, and steps leading down into it.	There is a building and a stone platform over a deep walled pit in the ground, and steps leading down into it.
There are some date palms, aloe vera and other plants nearby.	There are some date palms, aloe vera and other plants nearby.
The building appears dark and empty inside.	The building appears dark and empty inside.
It is a puzzling arch for it seems to serve no purpose.  It does not even span the pit next to it.	It is a puzzling arch for it seems to serve no purpose.  It does not even span the pit next to it.
It is very old and appears to be no longer in use.	It is very old and appears to be no longer in use.
The pit is lined with stone walls.	The pit is lined with stone walls.
It is deep and walled with stone.	It is deep and walled with stone.
Up the steep slope to the north lies Jerusalem, as you know now.	Up the steep slope to the north lies Jerusalem, as you know now.
There is a steep slope to the north which blocks any view down here of what lies in that direction, and a large hill rises above this walled pit.	There is a steep slope to the north which blocks any view down here of what lies in that direction, and a large hill rises above this walled pit.
Directly above and behind the walled pit there is a large hill.	Directly above and behind the walled pit there is a large hill.
Stairs lead down to the pool.	Stairs lead down to the pool.
There are narrow stone stairs to the stone platform and stairs going down in one corner of the pit.	There are narrow stone stairs to the stone platform and stairs going down in one corner of the pit.
As you know, you are at the Pool of Siloam.	As you know, you are at the Pool of Siloam.
It is a long, narrow pool filled with glorious, fresh water.	It is a long, narrow pool filled with glorious, fresh water.
The presence of plants is a hopeful sign.	The presence of plants is a hopeful sign.
The Pool in this walled pit is filled with fresh water, as good as any wadi or oasis.	The Pool in this walled pit is filled with fresh water, as good as any wadi or oasis.
She found you most frightening and wanted nothing to do with you.	She found you most frightening and wanted nothing to do with you.
There is no girl here.  You are suffering from delusions.	There is no girl here.  You are suffering from delusions.
He has not returned.  Perhaps he waits for you elsewhere.	He has not returned.  Perhaps he waits for you elsewhere.
They are spirits, either good or bad, which can appear in either human or animal form.	They are spirits, either good or bad, which can appear in either human or animal form.
The sweet water of the Pool of Siloam has quenched your thirst for now.	The sweet water of the Pool of Siloam has quenched your thirst for now.
Only water will quench your burning thirst.	Only water will quench your burning thirst.
There are some date palms whose dates have been harvested.	There are some date palms whose dates have been harvested.
There are some aloe vera plants and other plants that I do not know.	There are some aloe vera plants and other plants that I do not know.
There are narrow stone stairs between the stone platform and the desert.	There are narrow stone stairs between the stone platform and the desert.
Steps lead down to an enticing pool of water.	Steps lead down to an enticing pool of water.
Steps lead down into a deep walled pit in the ground.	Steps lead down into a deep walled pit in the ground.
There is a deep walled pit in the ground, and steps leading down into it.	There is a deep walled pit in the ground, and steps leading down into it.
You have seen enough of this tunnel for now.	You have seen enough of this tunnel for now.
The tunnel is quite small and soon becomes pitch black inside.	The tunnel is quite small and soon becomes pitch black inside.
The water is not very deep.	The water is not very deep.
The ground is paved with stone.	The ground is paved with stone.
You are once more at the Pool of Siloam.  The hike back to Jerusalem awaits you.	You are once more at the Pool of Siloam.  The hike back to Jerusalem awaits you.
The walls and ground are paved with stone.  The water flows from a tunnel carved into the rock of the hill above it.	The walls and ground are paved with stone.  The water flows from a tunnel carved into the rock of the hill above it.
Wait!  At last I know where you are.  This is the Pool of Siloam.	Wait!  At last I know where you are.  This is the Pool of Siloam.
The pool is enclosed upon four sides by stone walls.  In one wall there is a tunnel opening.	The pool is enclosed upon four sides by stone walls.  In one wall there is a tunnel opening.
There are some aloe plants around the outside of the Pool's upper platform.	There are some aloe plants around the outside of the Pool's upper platform.
There are sections of old tumbled-down wall on the platform above the Pool.	There are sections of old tumbled-down wall on the platform above the Pool.
There is a large hill through which the aqueduct is carved.	There is a large hill through which the aqueduct is carved.
The tunnel is known as Hezekiah's Aqueduct.	The tunnel is known as Hezekiah's Aqueduct.
I doubt your mule would have attempted those narrow stone stairs had she not been so desperate for water.	I doubt your mule would have attempted those narrow stone stairs had she not been so desperate for water.
There is one set of narrow stone stairs.	There is one set of narrow stone stairs.
The niche is empty.	The niche is empty.
Your mule delights in the fresh water and is ready to go on.	Your mule delights in the fresh water and is ready to go on.
It is pure and cold, flowing through the aqueduct from the Spring of Gihon.	It is pure and cold, flowing through the aqueduct from the Spring of Gihon.
Your mule certainly seems to enjoy it.	Your mule certainly seems to enjoy it.
The sun burns no less fiercely overhead, though this cool pit provides some relief.	The sun burns no less fiercely overhead, though this cool pit provides some relief.
Upon one side are tall cliffs.  Upon the other side, open desert.	Upon one side are tall cliffs.  Upon the other side, open desert.
Tall cliffs block you on one side.	Tall cliffs block you on one side.
Come, the water is not much farther.	Come, the water is not much farther.
The cliffs end and a huge, flat expanse of searing desert opens out before you.	The cliffs end and a huge, flat expanse of searing desert opens out before you.
The water looks and smells most inviting.  I am surprised your mule has not drunk from it yet.	The water looks and smells most inviting.  I am surprised your mule has not drunk from it yet.
It is a naturally formed pool, fed by a small stream flowing down a wadi to the east.	It is a naturally formed pool, fed by a small stream flowing down a wadi to the east.
Worry not about me, habib.  But please, you need water.  I beg you to have a drink.	Worry not about me, habib.  But please, you need water.  I beg you to have a drink.
This is neither the time nor place.	This is neither the time nor place.
You certainly could use a drink.  And the closest water is that pool.	You certainly could use a drink.  And the closest water is that pool.
Nonsense.  You can barely carry what you have in this heat.	Nonsense.  You can barely carry what you have in this heat.
Nay, I do not advise it.  They are unknown and could be dangerous.	Nay, I do not advise it.  They are unknown and could be dangerous.
There is nothing but sand.	There is nothing but sand.
You sound parched.  Wet your throat and ease your burning thirst.  Please, drink your fill.	You sound parched.  Wet your throat and ease your burning thirst.  Please, drink your fill.
As you see, there is water in this wadi.  Drink your fill.	As you see, there is water in this wadi.  Drink your fill.
It is a perfectly good pool.  Drink your fill.	It is a perfectly good pool.  Drink your fill.
Your mule is a stupid animal.  It does not even have the sense to drink when there is water.	Your mule is a stupid animal.  It does not even have the sense to drink when there is water.
you have no mule, habib, and neither do I.	you have no mule, habib, and neither do I.
Eh?  It is nothing.  A camel I once owned, that is all.	Eh?  It is nothing.  A camel I once owned, that is all.
See how beautifully the pool reflects all around it.  Surely you will wait no longer to drink from it.	See how beautifully the pool reflects all around it.  Surely you will wait no longer to drink from it.
Jabir is very eager for you to drink, yet insists you drink first.  What do your own instincts tell you?	Jabir is very eager for you to drink, yet insists you drink first.  What do your own instincts tell you?
Perhaps your mule is merely too stupefied to drink.  Perhaps the camel died of old age or injury.	Perhaps your mule is merely too stupefied to drink.  Perhaps the camel died of old age or injury.
Perhaps the camel died of old age or injury.	Perhaps the camel died of old age or injury.
You have a choice between this naturally formed pool and the other pool nearby.  Your own instincts must guide you.	You have a choice between this naturally formed pool and the other pool nearby.  Your own instincts must guide you.
You need water, but you must rely upon your own instincts to make a decision.	You need water, but you must rely upon your own instincts to make a decision.
If you wish to use your sword, Arthur, stand on dry land.	If you wish to use your sword, Arthur, stand on dry land.
There is a natural pool of water, surrounded by cliffs and flowing down through a ravine.  Some plants grow here.	There is a natural pool of water, surrounded by cliffs and flowing down through a ravine.  Some plants grow here.
There is also a camel's skeleton.	There is also a camel's skeleton.
Cliffs hide this wadi quite well, and the water flows down from a deep cleft in the ground.	Cliffs hide this wadi quite well, and the water flows down from a deep cleft in the ground.
They are strange plants.  I cannot identify them.  Nor do I like the look of them.  They have an odd colour.	They are strange plants.  I cannot identify them.  Nor do I like the look of them.  They have an odd colour.
The reflections are almost entrancing.	The reflections are almost entrancing.
Aye, 'tis odd that your mule shows no desire for this water when she is clearly quite thirsty.	Aye, 'tis odd that your mule shows no desire for this water when she is clearly quite thirsty.
The skeleton could be nothing else save a camel.  It must have died here some time ago.	The skeleton could be nothing else save a camel.  It must have died here some time ago.
There are fleas and lice, drying blood and a ripe smell.  There is nothing of any worth.	There are fleas and lice, drying blood and a ripe smell.  There is nothing of any worth.
We are very close to the pool where this water collects.  Follow me.	We are very close to the pool where this water collects.  Follow me.
This trickle of water in the wadi flows into a pool further down.  That is where we wish to go.	This trickle of water in the wadi flows into a pool further down.  That is where we wish to go.
There is a pool at the end of this wadi.  Follow me.	There is a pool at the end of this wadi.  Follow me.
We must not waste time with idle chatter, habib.  You must come with me.	We must not waste time with idle chatter, habib.  You must come with me.
Do not fall into this wadi.  It looks treacherous.	Do not fall into this wadi.  It looks treacherous.
Not here!  Follow me to the pool.	Not here!  Follow me to the pool.
The side of the wadi is steep and unsafe.  This is not a good place to try to reach the water, but it must flow down to an easier place.	The side of the wadi is steep and unsafe.  This is not a good place to try to reach the water, but it must flow down to an easier place.
No, no, that is trickier than you think.  Follow me to where you can easily drink from this water.	No, no, that is trickier than you think.  Follow me to where you can easily drink from this water.
Do not try it!  The ground may give way, or you may find yourself unable to climb out.	Do not try it!  The ground may give way, or you may find yourself unable to climb out.
The wadi drops off steeply.  Do not fall into it.	The wadi drops off steeply.  Do not fall into it.
Water bubbles from the ground and flows down from this wadi.  Be careful you do not fall into it.  You might not be able to climb out again.	Water bubbles from the ground and flows down from this wadi.  Be careful you do not fall into it.  You might not be able to climb out again.
The fissures are not deep, and there is nothing in them.	The fissures are not deep, and there is nothing in them.
You have seen the Pool of Siloam and Hezekiah's aqueduct.  This stream must come from the same source.	You have seen the Pool of Siloam and Hezekiah's aqueduct.  This stream must come from the same source.
What odd things you babble about.  Clearly, the heat is affecting your brain.	What odd things you babble about.  Clearly, the heat is affecting your brain.
This seems to be what the Arabs call a wadi, but you are not in a safe place to reach the water.  If you follow it, it should lead to more level ground.	This seems to be what the Arabs call a wadi, but you are not in a safe place to reach the water.  If you follow it, it should lead to more level ground.
You have managed to stumble off the crumbling edge and crack open your head upon a rock.                   Wadi shame.	You have managed to stumble off the crumbling edge and crack open your head upon a rock.                   Wadi shame.
You must follow me this way.  There is a pool of fresh water over here.	You must follow me this way.  There is a pool of fresh water over here.
Ah, your mule lacked the energy to run far.  She waited for you in the small relief offered by the shadow of the cliffs.	Ah, your mule lacked the energy to run far.  She waited for you in the small relief offered by the shadow of the cliffs.
Cliffs block your way upon one side and draw close to other cliffs ahead.	Cliffs block your way upon one side and draw close to other cliffs ahead.
The tall ridge of cliffs continues unbroken toward some kind of pass or valley ahead.	The tall ridge of cliffs continues unbroken toward some kind of pass or valley ahead.
Aye, there is something sticking out of the ground that looks like the remains of a very ancient wall.	Aye, there is something sticking out of the ground that looks like the remains of a very ancient wall.
Your mule has no intention of getting close to a desert cobra.	Your mule has no intention of getting close to a desert cobra.
Your mule is ready to follow you anywhere except into the valley of the cobras.	Your mule is ready to follow you anywhere except into the valley of the cobras.
This valley is filled with cobras!   Turn back, Arthur.  You will never pass through here alive.	This valley is filled with cobras!   Turn back, Arthur.  You will never pass through here alive.
There are too many cobras to do that without being fatally bitten.	There are too many cobras to do that without being fatally bitten.
To do that, you would have to get through the cobras.  I can think of no earthly reason to take such a risk.	To do that, you would have to get through the cobras.  I can think of no earthly reason to take such a risk.
Do not trifle with cobras.	Do not trifle with cobras.
The cliffs converge into a narrow valley, but this portion of it is filled with cobras.  And they have no intention of letting you pass.	The cliffs converge into a narrow valley, but this portion of it is filled with cobras.  And they have no intention of letting you pass.
Your mule is smarter than you.  She refuses to come near the cobras.	Your mule is smarter than you.  She refuses to come near the cobras.
The snake lies where you killed it.	The snake lies where you killed it.
Beware, Arthur.  This cobra watches you with malign intent.	Beware, Arthur.  This cobra watches you with malign intent.
There are some aloe vera plants growing here.	There are some aloe vera plants growing here.
You dare not look long at the glaring sky, unbroken by any cloud, where the sun burns as mercilessly as a demon's eye.	You dare not look long at the glaring sky, unbroken by any cloud, where the sun burns as mercilessly as a demon's eye.
The cliffs have drawn together to form this narrow valley, but it is impossible to tell whether the valley continues or closes up ahead.	The cliffs have drawn together to form this narrow valley, but it is impossible to tell whether the valley continues or closes up ahead.
Aye, it is dead and not pleasant to look upon.	Aye, it is dead and not pleasant to look upon.
The snakes are alive and well, which you will not be if you get too close to them.	The snakes are alive and well, which you will not be if you get too close to them.
These snakes are desert cobras and are utterly lethal.  Stay well clear of them.	These snakes are desert cobras and are utterly lethal.  Stay well clear of them.
A rather novel idea, Arthur, but entirely foolish.	A rather novel idea, Arthur, but entirely foolish.
Arthur, beware!  The cobra prepares to strike.	Arthur, beware!  The cobra prepares to strike.
With quick reflexes, you were able to kill the lone cobra, but there are many more.  One of them is bound to strike you.	With quick reflexes, you were able to kill the lone cobra, but there are many more.  One of them is bound to strike you.
Did I not warn you?  This valley may truly be called a dead end, especially for you.	Did I not warn you?  This valley may truly be called a dead end, especially for you.
The cliffs reduce to a few boulders as the desert opens up to a trackless expanse.	The cliffs reduce to a few boulders as the desert opens up to a trackless expanse.
As you approach Jerusalem bear in mind that you are one lone foreigner surrounded by dangerous and hostile natives.	As you approach Jerusalem bear in mind that you are one lone foreigner surrounded by dangerous and hostile natives.
You may, if you wish to return to the Pool of Siloam.	You may, if you wish to return to the Pool of Siloam.
At last, after your arduous journey the walls of Jerusalem rise before you.  At this corner you can see the golden mosque called the Dome of the Rock.	At last, after your arduous journey the walls of Jerusalem rise before you.  At this corner you can see the golden mosque called the Dome of the Rock.
Once more you approach the walls of Jerusalem.	Once more you approach the walls of Jerusalem.
This pass brings you to the hill where Jerusalem is built.	This pass brings you to the hill where Jerusalem is built.
The golden Dome of the Rock is one of the holiest mosques in Islam.  It houses a rock from which the Muslims believe that Mohammed ascended to Heaven.	The golden Dome of the Rock is one of the holiest mosques in Islam.  It houses a rock from which the Muslims believe that Mohammed ascended to Heaven.
I know nothing about it.  Perhaps it is a tower from which the muslims are called to prayer.	I know nothing about it.  Perhaps it is a tower from which the muslims are called to prayer.
Since you can see the golden mosque, that must be the southeastern corner of Jerusalem.	Since you can see the golden mosque, that must be the southeastern corner of Jerusalem.
As you know, this pass becomes a road which leads you inevitably to the Zion Gate.	As you know, this pass becomes a road which leads you inevitably to the Zion Gate.
There are a number of gates.  It depends on where this pass will lead.	There are a number of gates.  It depends on where this pass will lead.
Let us hope that the mercenaries at the Zion Gate are better disposed toward you this time.	Let us hope that the mercenaries at the Zion Gate are better disposed toward you this time.
In addition to Saracens and city soldiers, you may encounter some mercenaries acting as guards.	In addition to Saracens and city soldiers, you may encounter some mercenaries acting as guards.
There are some aloe vera plants around.	There are some aloe vera plants around.
I hope you will pay more attention to Fatima's warnings when you return to pass her Test, as you must yet do.	I hope you will pay more attention to Fatima's warnings when you return to pass her Test, as you must yet do.
By my beard!  This is a cold lesson to learn.  Next time, you must deal more carefully with Fatima before you attempt to leave.	By my beard!  This is a cold lesson to learn.  Next time, you must deal more carefully with Fatima before you attempt to leave.
It is too dark to see anything.	It is too dark to see anything.
The water is dark, but not deep.	The water is dark, but not deep.
It is too dark to see anything above you.	It is too dark to see anything above you.
Above you it is solid rock.	Above you it is solid rock.
I see nothing dangerous in here other than the dark.	I see nothing dangerous in here other than the dark.
The tunnel is small and carved from solid rock, as you can see in the light reflected from the tunnel's mouth.	The tunnel is small and carved from solid rock, as you can see in the light reflected from the tunnel's mouth.
The light of the entrance is but a distant point that can barely illuminate this gloom.	The light of the entrance is but a distant point that can barely illuminate this gloom.
The tunnel is quite dark here.  If you go any further into it, it will be pitch black and dangerous to stumble about in.	The tunnel is quite dark here.  If you go any further into it, it will be pitch black and dangerous to stumble about in.
You cannot see a thing, and you are stumbling dangerously on the roughly hewn rock.	You cannot see a thing, and you are stumbling dangerously on the roughly hewn rock.
It is pitch black here.	It is pitch black here.
It is pure and cold, flowing through this aqueduct from the Spring of Gihon.	It is pure and cold, flowing through this aqueduct from the Spring of Gihon.
The walls of the tunnel are carved from solid rock.	The walls of the tunnel are carved from solid rock.
It is too dark to think of doing anything.	It is too dark to think of doing anything.
The tunnel walls offer no grip and the way back up to Fatima is nearly vertical.	The tunnel walls offer no grip and the way back up to Fatima is nearly vertical.
You are in a tunnel carved of rock.  There is nothing to climb.	You are in a tunnel carved of rock.  There is nothing to climb.
Your mule prudently waits for you at the Pool of Siloam.	Your mule prudently waits for you at the Pool of Siloam.
That is simple.  The further into the tunnel you go, the darker it will get.	That is simple.  The further into the tunnel you go, the darker it will get.
After a long and dizzying slide you have landed in the cold waters of Hezekiah's Aqueduct.	After a long and dizzying slide you have landed in the cold waters of Hezekiah's Aqueduct.
It is now pitch black, deep inside the aqueduct.  You are stumbling about dangerously on the roughly hewn floor.	It is now pitch black, deep inside the aqueduct.  You are stumbling about dangerously on the roughly hewn floor.
Arthur!  What was that sound?	Arthur!  What was that sound?
Ah.  As I feared.  You have struck your head upon a low spot in the tunnel, knocked yourself out, fallen forward into the water and drowned.  Not a very glorious end for the King of all the Britons.	Ah.  As I feared.  You have struck your head upon a low spot in the tunnel, knocked yourself out, fallen forward into the water and drowned.  Not a very glorious end for the King of all the Britons.
A fool and his money are soon parted.  Heh, heh, heh!	A fool and his money are soon parted.  Heh, heh, heh!
This is not enough.  All my men must be paid as well.	This is not enough.  All my men must be paid as well.
You may pass, infidel.	You may pass, infidel.
A rich man!!	A rich man!!
Now we shall see how well an infidel dies.	Now we shall see how well an infidel dies.
Leaving, heathen?  Good.  We do not like infidels.	Leaving, heathen?  Good.  We do not like infidels.
Come closer, coward!  Our swords thirst for your blood!	Come closer, coward!  Our swords thirst for your blood!
We do not want your greetings, dog.	We do not want your greetings, dog.
You want me to move, heathen dog?  Give me money and I will consider it.	You want me to move, heathen dog?  Give me money and I will consider it.
I am not in your way now, but by Allah I will GET in your way if you provoke me.	I am not in your way now, but by Allah I will GET in your way if you provoke me.
Hah!  Come closer and try that, dog.	Hah!  Come closer and try that, dog.
I do not answer questions, infidel.  Move along.	I do not answer questions, infidel.  Move along.
You get nothing back from me, unbeliever.  Be on your way.	You get nothing back from me, unbeliever.  Be on your way.
You will get nothing but trouble if you bother me, heathen dog.	You will get nothing but trouble if you bother me, heathen dog.
We do not buy, we take.	We do not buy, we take.
What is this?  Some kind of filthy heathen talisman?  Keep it away from me, by Allah.	What is this?  Some kind of filthy heathen talisman?  Keep it away from me, by Allah.
How can you offer that which you do not have?	How can you offer that which you do not have?
I do not want your wretched mule.	I do not want your wretched mule.
Do you fool with me, unbeliever?  I am not amused.	Do you fool with me, unbeliever?  I am not amused.
This is empty, dog!  Give me money or be gone!	This is empty, dog!  Give me money or be gone!
Do you mock us, infidel?  We are not amused.	Do you mock us, infidel?  We are not amused.
You had better pay in coin, infidel, or you will pay in blood.	You had better pay in coin, infidel, or you will pay in blood.
If you want to pass, you will come here and pay me.	If you want to pass, you will come here and pay me.
I do not waste speech with heathens. Move along, unless you wish to give us more money, heh heh.	I do not waste speech with heathens. Move along, unless you wish to give us more money, heh heh.
The Zion Gate is closed.  You cannot enter here.  You must go to the Jaffa Gate.	The Zion Gate is closed.  You cannot enter here.  You must go to the Jaffa Gate.
You look like a stinking infidel.  If you want to pass to the Jaffa Gate, you had better make it worth my while.	You look like a stinking infidel.  If you want to pass to the Jaffa Gate, you had better make it worth my while.
I do not waste speech with infidels. I would as soon talk to a cur in the street.	I do not waste speech with infidels. I would as soon talk to a cur in the street.
Be on your way, infidel, before we tire of your ugly face.	Be on your way, infidel, before we tire of your ugly face.
You were warned, infidel!	You were warned, infidel!
By Allah! Look, men, our infidel returns as bedraggled as an old sow that has been rolling in dust and muck.	By Allah! Look, men, our infidel returns as bedraggled as an old sow that has been rolling in dust and muck.
Hah!  They must raise some clumsy fools where you come from.	Hah!  They must raise some clumsy fools where you come from.
Fool of a heathen.  Can you not even find the right gate?	Fool of a heathen.  Can you not even find the right gate?
Sheathe your sword, infidel, or we will chop you to pieces.	Sheathe your sword, infidel, or we will chop you to pieces.
Be warned, infidel!  Keep your sword sheathed or we will chop you to pieces.	Be warned, infidel!  Keep your sword sheathed or we will chop you to pieces.
The Zion Gate is closed.  Move along, infidel, and I mean NOW!	The Zion Gate is closed.  Move along, infidel, and I mean NOW!
The Zion gate is closed.  You should consider yourself fortunate if we allow you to leave with your skin intact.	The Zion gate is closed.  You should consider yourself fortunate if we allow you to leave with your skin intact.
It is a long way to the bottom of the hill!	It is a long way to the bottom of the hill!
The wall is too thick and the opening too narrow to see anything inside.	The wall is too thick and the opening too narrow to see anything inside.
Why would you insult an armed group of men?  Are you feeling exceptionally suicidal today?	Why would you insult an armed group of men?  Are you feeling exceptionally suicidal today?
We have moved as far as we will move.  Do not push your luck, dog of an infidel.	We have moved as far as we will move.  Do not push your luck, dog of an infidel.
There is a dangerous looking Mercenary guard and his thugs guarding a small, closed gate.  They outnumber you, Arthur, and they are well armed.	There is a dangerous looking Mercenary guard and his thugs guarding a small, closed gate.  They outnumber you, Arthur, and they are well armed.
These thugs have the look of violence about them.	These thugs have the look of violence about them.
The mercenary's evil eyes are filled with a savage bloodlust.  He enjoys killing as much as he enjoys taking money	The mercenary's evil eyes are filled with a savage bloodlust.  He enjoys killing as much as he enjoys taking money
Now that he has been paid, the mercenary eyes you with contempt.	Now that he has been paid, the mercenary eyes you with contempt.
The large Mercenary in the pale blue robe is obviously the leader of this little band of thugs.	The large Mercenary in the pale blue robe is obviously the leader of this little band of thugs.
These men carry scimitars, a most lethal Arab weapon.	These men carry scimitars, a most lethal Arab weapon.
Do not be fooled by the look of cloth.  They could well have a helmet beneath the turban.	Do not be fooled by the look of cloth.  They could well have a helmet beneath the turban.
Their robes may look strange to us, but they are perfectly suited to this climate.	Their robes may look strange to us, but they are perfectly suited to this climate.
You may have to pay them again.   Let us hope not.	You may have to pay them again.   Let us hope not.
Let us hope that they will not wish payment to let you leave Jerusalem.	Let us hope that they will not wish payment to let you leave Jerusalem.
You were very wise to avoid a fight with four heavily armed and dangerous men.	You were very wise to avoid a fight with four heavily armed and dangerous men.
You are a lone foreigner against four dangerous mercenaries.  Your life is worth far more than a few coins.	You are a lone foreigner against four dangerous mercenaries.  Your life is worth far more than a few coins.
I do hope you can talk your way out of this, Arthur, but I fear the only language they speak is that of money.	I do hope you can talk your way out of this, Arthur, but I fear the only language they speak is that of money.
The discs seem to be a part of the walls, but I cannot say what their purpose may be.	The discs seem to be a part of the walls, but I cannot say what their purpose may be.
It is an archiere, from which arrows can be fired in time of war.	It is an archiere, from which arrows can be fired in time of war.
The door handles are made of iron.	The door handles are made of iron.
You cannot see it from here.  It is in the western wall.	You cannot see it from here.  It is in the western wall.
If I read my maps of Jerusalem correctly, this is called the Zion Gate and is a minor gate in the south wall.	If I read my maps of Jerusalem correctly, this is called the Zion Gate and is a minor gate in the south wall.
The arch is part of the structure of the Gate.	The arch is part of the structure of the Gate.
These spiny plants are Aloe Vera.	These spiny plants are Aloe Vera.
The walls of Jerusalem are made of huge blocks of a buff-colored stone.	The walls of Jerusalem are made of huge blocks of a buff-colored stone.
Aye, they are rocks.  There is a lot of rock in this country.	Aye, they are rocks.  There is a lot of rock in this country.
Arthur, are you mad?!	Arthur, are you mad?!
The walls of Jerusalem continue on as far as you can see.	The walls of Jerusalem continue on as far as you can see.
It is a long way to the bottom of the hill.	It is a long way to the bottom of the hill.
You have reached one corner of the walls of Jerusalem.  The mercenaries back at the Zion Gate watch you warily.	You have reached one corner of the walls of Jerusalem.  The mercenaries back at the Zion Gate watch you warily.
Another stretch of ancient wall awaits you.	Another stretch of ancient wall awaits you.
To the north is the Jaffa Gate.	To the north is the Jaffa Gate.
There is something ahead that may be the Jaffa Gate.	There is something ahead that may be the Jaffa Gate.
To the south is the southwest corner of the walls of Jerusalem.	To the south is the southwest corner of the walls of Jerusalem.
Aye, 'tis a scrubby tree of no great interest.	Aye, 'tis a scrubby tree of no great interest.
He smells as though he has been sleeping in a pen of goats.  It is a good thing that you are standing upwind.	He smells as though he has been sleeping in a pen of goats.  It is a good thing that you are standing upwind.
I warn you, I am an official of the city!  Pay me an entrance fee or go away.	I warn you, I am an official of the city!  Pay me an entrance fee or go away.
Come, come, I do not have all day.  You must pay me a fee to enter the Jaffa Gate.  Whatever you can afford.	Come, come, I do not have all day.  You must pay me a fee to enter the Jaffa Gate.  Whatever you can afford.
He did not seem to hear you. Perhaps you are too far away.	He did not seem to hear you. Perhaps you are too far away.
If you lay hands upon me, I will call for the city guards and they will chop you into little pieces.	If you lay hands upon me, I will call for the city guards and they will chop you into little pieces.
May the fleas of a thousand camels infest your tent!	May the fleas of a thousand camels infest your tent!
He does not seem to hear you.	He does not seem to hear you.
He is dirty, has a disreputable look, and his clothes are old, threadbare, and smell of goats.	He is dirty, has a disreputable look, and his clothes are old, threadbare, and smell of goats.
A thicket of bushes blocks the path to the north.	A thicket of bushes blocks the path to the north.
He is gone, good riddance.	He is gone, good riddance.
He will know the escape routes of this city.  I doubt that you will have a chance to catch up with him.	He will know the escape routes of this city.  I doubt that you will have a chance to catch up with him.
Arthur!  Will you PLEASE show some caution with the few possessions you have left.	Arthur!  Will you PLEASE show some caution with the few possessions you have left.
Ridiculous!  The last thing on earth you need is a brainless sheep.	Ridiculous!  The last thing on earth you need is a brainless sheep.
Perhaps one of the merchants inside would be interested.	Perhaps one of the merchants inside would be interested.
This is the Jaffa Gate.  What are you waiting for?  Enter.	This is the Jaffa Gate.  What are you waiting for?  Enter.
I suppose there are plenty of merchants in the bazaar.	I suppose there are plenty of merchants in the bazaar.
Aye, he was a fraud if I ever saw one.	Aye, he was a fraud if I ever saw one.
Aye, Arthur, you must be wary of thieves.	Aye, Arthur, you must be wary of thieves.
There is a shop selling cloth inside the bazaar.	There is a shop selling cloth inside the bazaar.
He is gone, and good riddance.	He is gone, and good riddance.
The woman and her sheep are gone.	The woman and her sheep are gone.
This must be the Jaffa Gate.  There is a glimpse of the local bazaar inside, with an open gutter that runs down the center of the street.	This must be the Jaffa Gate.  There is a glimpse of the local bazaar inside, with an open gutter that runs down the center of the street.
Not to mention this bothersome man who is determined to have words with you.	Not to mention this bothersome man who is determined to have words with you.
It is the Jaffa Gate and the way is open.	It is the Jaffa Gate and the way is open.
You must pay me a fee to enter the Jaffa Gate.  Whatever you can afford, but you must pay.	You must pay me a fee to enter the Jaffa Gate.  Whatever you can afford, but you must pay.
Hey, you!	Hey, you!
Yes, yes, welcome to Jerusalem.  Now pay me the fee to enter and let us be done with it.	Yes, yes, welcome to Jerusalem.  Now pay me the fee to enter and let us be done with it.
There is a rather interesting smell of frying food drifting out of the Jaffa Gate.	There is a rather interesting smell of frying food drifting out of the Jaffa Gate.
Without the smell of goat interfering, there is a rather interesting smell of frying food drifting out of the Jaffa Gate.	Without the smell of goat interfering, there is a rather interesting smell of frying food drifting out of the Jaffa Gate.
Ah, uh, no, a mule is too difficult to deal with.  Just money will do.	Ah, uh, no, a mule is too difficult to deal with.  Just money will do.
No, no, YOU must pay ME to enter the gate.	No, no, YOU must pay ME to enter the gate.
No, no, you must give me money, not sell me something.	No, no, you must give me money, not sell me something.
We are reasonable here.  Whatever you can afford.  Come on, I do not have all day.	We are reasonable here.  Whatever you can afford.  Come on, I do not have all day.
Ahm...uhmm...I know nothing of any thief!	Ahm...uhmm...I know nothing of any thief!
Yasser likes not the flash of your steel.	Yasser likes not the flash of your steel.
That has set the fraud to his heels.  But you had best put up your sword for now.  There may be more guards like those at the Zion gate.	That has set the fraud to his heels.  But you had best put up your sword for now.  There may be more guards like those at the Zion gate.
By my beard, Arthur, I believe he was a fraud.	By my beard, Arthur, I believe he was a fraud.
The road leads back into the desert.	The road leads back into the desert.
My advice is simple and obvious.  Enter Jerusalem and search for the Grail!	My advice is simple and obvious.  Enter Jerusalem and search for the Grail!
There's no one here to attack.	There's no one here to attack.
The road seems to stretch on forever.	The road seems to stretch on forever.
It is a scrubby and uninteresting tree.	It is a scrubby and uninteresting tree.
In the distance is the searing desert and arid hills through which you have journeyed.	In the distance is the searing desert and arid hills through which you have journeyed.
It cannot be seen from here.	It cannot be seen from here.
The walls of Jerusalem are but a few paces away.	The walls of Jerusalem are but a few paces away.
Behind you, the Jaffa Gate is open and Jerusalem awaits you.	Behind you, the Jaffa Gate is open and Jerusalem awaits you.
Concern yourself with your sacred mission.  That is all that matters.	Concern yourself with your sacred mission.  That is all that matters.
Arthur, halt!  At great cost to myself, I send this vision of warning.  You must not turn away from your mission now.	Arthur, halt!  At great cost to myself, I send this vision of warning.  You must not turn away from your mission now.
Months of weary labor and travel have brought you here.  There is nothing this way but the desert whose hardship you have already suffered.	Months of weary labor and travel have brought you here.  There is nothing this way but the desert whose hardship you have already suffered.
Turn back to Jerusalem, King Arthur, and seek your destiny within.	Turn back to Jerusalem, King Arthur, and seek your destiny within.
So, in spite of my best efforts and advice, you insist on heading back into the desert like an utter fool.	So, in spite of my best efforts and advice, you insist on heading back into the desert like an utter fool.
And to think that men once hailed you as King and praised your ability.	And to think that men once hailed you as King and praised your ability.
The guards remain and will not let you leave. Do not annoy them, Arthur. There are many more of them and they are all well armed.	The guards remain and will not let you leave. Do not annoy them, Arthur. There are many more of them and they are all well armed.
In Latin, the sign reads "Arma" meaning weaponry or armour. Mohammed is the name of the merchant.	In Latin, the sign reads "Arma" meaning weaponry or armour. Mohammed is the name of the merchant.
The Islamic symbols above his name are the crescent moon and a scimitar. The rest is in Arabic.	The Islamic symbols above his name are the crescent moon and a scimitar. The rest is in Arabic.
It is difficult to see through the shutters.	It is difficult to see through the shutters.
My, quite a view.	My, quite a view.
The second floor of this building has a window and a balcony.	The second floor of this building has a window and a balcony.
Across the street are more merchants.	Across the street are more merchants.
The weapons shop is closed.	The weapons shop is closed.
There is nothing more to be gained here. Do as she instructs.	There is nothing more to be gained here. Do as she instructs.
There is now a girl crying in front of Mohammed's shop. And see, her doves have escaped.	There is now a girl crying in front of Mohammed's shop. And see, her doves have escaped.
Mohammed's shop may be closed, but it appears Mari is open for business.	Mohammed's shop may be closed, but it appears Mari is open for business.
The weapon merchant's shop is closed.	The weapon merchant's shop is closed.
Your mule is being held safely by the weapons merchant. You are fortunate he is an honest man.	Your mule is being held safely by the weapons merchant. You are fortunate he is an honest man.
The weapons merchant looks sympathetic. I suspect this is not the first time he has seen this thief in action.	The weapons merchant looks sympathetic. I suspect this is not the first time he has seen this thief in action.
The scimitar is a common Islamic emblem.	The scimitar is a common Islamic emblem.
The crescent moon is a symbol of the Goddess.	The crescent moon is a symbol of the Goddess.
It is dark inside and you can see nothing.	It is dark inside and you can see nothing.
The windows downstairs are closed. One of the windows upstairs is closed.	The windows downstairs are closed. One of the windows upstairs is closed.
It is closed.	It is closed.
There is no way up to it from here.	There is no way up to it from here.
There are no stairs.	There are no stairs.
Aye, they are rocks.	Aye, they are rocks.
Watch for him if you like, but I doubt he will come near you again.	Watch for him if you like, but I doubt he will come near you again.
He is gone, as you can see.	He is gone, as you can see.
A dubious tactic at best.	A dubious tactic at best.
First you must get her attention.	First you must get her attention.
She is not here.	She is not here.
She is gone.	She is gone.
These rocks are too heavy for any practical use.	These rocks are too heavy for any practical use.
The door is locked.	The door is locked.
No one answers.	No one answers.
You would not need to, even if the weapons merchant were here.	You would not need to, even if the weapons merchant were here.
And be mistaken for a thief?! Do not be a fool. Besides, you could find nothing better than Excaliber, even in this shop.	And be mistaken for a thief?! Do not be a fool. Besides, you could find nothing better than Excaliber, even in this shop.
Totally impractical with all your gear, not to mention how it might excite the city guards.	Totally impractical with all your gear, not to mention how it might excite the city guards.
You should have paid more attention to the scroll in my room before you left Camelot.	You should have paid more attention to the scroll in my room before you left Camelot.
Why do you waste time here?	Why do you waste time here?
Remember, you are dealing with Arab money now. A fals is a copper coin. 4 fals are worth a dirham which is silver. 4 dirhams equal a dinar, which is gold.	Remember, you are dealing with Arab money now. A fals is a copper coin. 4 fals are worth a dirham which is silver. 4 dirhams equal a dinar, which is gold.
No answer. Perhaps she is not home.	No answer. Perhaps she is not home.
She does not answer.	She does not answer.
Across the street is a weapons shop.	Across the street is a weapons shop.
The felafel seller does business as usual. Ibrahim has still not returned, however.	The felafel seller does business as usual. Ibrahim has still not returned, however.
There is a textile merchant and a woman selling felafels.	There is a textile merchant and a woman selling felafels.
The woman sells her felafels, but as I suspected, Ibrahim has forsaken his business for the pleasure of his wife's company. And who can blame him?	The woman sells her felafels, but as I suspected, Ibrahim has forsaken his business for the pleasure of his wife's company. And who can blame him?
It is golden fried and hot from oil. You must either eat it or give it to someone, Arthur. It will crumble to bits if you carry it about.	It is golden fried and hot from oil. You must either eat it or give it to someone, Arthur. It will crumble to bits if you carry it about.
You were warned they are delicate. It has crumbled away to nothing.	You were warned they are delicate. It has crumbled away to nothing.
There is a basket of crisp, golden brown felafels, fresh from the oil on the woman's table.	There is a basket of crisp, golden brown felafels, fresh from the oil on the woman's table.
It is dark and empty.	It is dark and empty.
He has quite a lot of it.	He has quite a lot of it.
There is a basket of raw felafel balls and a basket of fried felafels.	There is a basket of raw felafel balls and a basket of fried felafels.
It looks uninviting.	It looks uninviting.
Your mule is across the street with the weapons merchant.	Your mule is across the street with the weapons merchant.
How?	How?
The felafels do smell especially good.	The felafels do smell especially good.
Nay, do not disturb Ibrahim and his wife at such a moment.	Nay, do not disturb Ibrahim and his wife at such a moment.
If Ibrahim wanted you to enter, he would invite you.	If Ibrahim wanted you to enter, he would invite you.
Ibrahim has not returned.	Ibrahim has not returned.
I do not think you will see Ibrahim any time soon.	I do not think you will see Ibrahim any time soon.
No need to stand there drooling. Help yourself, I said.	No need to stand there drooling. Help yourself, I said.
He has rather a taste for bright colours, I note.	He has rather a taste for bright colours, I note.
The textile merchant has quite an array of cloth.	The textile merchant has quite an array of cloth.
You cannot see through the door.	You cannot see through the door.
Observe, if you will, the quality of my fabrics. You will find none finer even if you journeyed to Constantinople, and indeed, some have come from twice as far.	Observe, if you will, the quality of my fabrics. You will find none finer even if you journeyed to Constantinople, and indeed, some have come from twice as far.
See the exquisite colors, the glowing patterns, the perfect weave of these silks from the Orient.	See the exquisite colors, the glowing patterns, the perfect weave of these silks from the Orient.
And these magnificent linens that will keep you cool when the sun scorches the earth, and by its virtue of absorbing moisture, will keep you dry.	And these magnificent linens that will keep you cool when the sun scorches the earth, and by its virtue of absorbing moisture, will keep you dry.
Then perhaps you come from a colder clime, as indeed your armor would hint. See my beautifully dyed woolens and feel the perfection of their natural oils.	Then perhaps you come from a colder clime, as indeed your armor would hint. See my beautifully dyed woolens and feel the perfection of their natural oils.
You are undoubtedly awed by the selection. Take your time.	You are undoubtedly awed by the selection. Take your time.
My anguish overwhelms me. I cannot speak.	My anguish overwhelms me. I cannot speak.
But you are not buying anything.	But you are not buying anything.
Keep it away! I once had a mule who ate cloth. I will never keep one again.	Keep it away! I once had a mule who ate cloth. I will never keep one again.
Ahh! You have it, habibi! If only I could have it, I would be the happiest man in the world!	Ahh! You have it, habibi! If only I could have it, I would be the happiest man in the world!
No thank you. I do not eat meat.	No thank you. I do not eat meat.
Forgive my ingratitude, but I have eaten more of Sarah's felafels than the sky has stars.	Forgive my ingratitude, but I have eaten more of Sarah's felafels than the sky has stars.
You wish me to accept this gift? I cannot imagine why. I must respectfully decline.	You wish me to accept this gift? I cannot imagine why. I must respectfully decline.
No, I do not eat meat.	No, I do not eat meat.
I think not today, thank you. May Allah guide you elsewhere.	I think not today, thank you. May Allah guide you elsewhere.
Rather ostentatious for you, I deem, and not of much use without the skills of a tailor.	Rather ostentatious for you, I deem, and not of much use without the skills of a tailor.
If you wish, here it is.	If you wish, here it is.
Do not mention the word veil to me! It is a word of misery.	Do not mention the word veil to me! It is a word of misery.
She is beautiful and trusting. I fear I do not deserve such a good wife.	She is beautiful and trusting. I fear I do not deserve such a good wife.
I do not have rugs for sale.	I do not have rugs for sale.
Perhaps Ismail the relic merchant can help you.	Perhaps Ismail the relic merchant can help you.
I do not know him.	I do not know him.
Just feel the marvelous fabric, habib. They can make a pauper look like a prince!	Just feel the marvelous fabric, habib. They can make a pauper look like a prince!
My woolens are the finest in Jerusalem.	My woolens are the finest in Jerusalem.
The silks come from the Orient, very rare and very beautiful.	The silks come from the Orient, very rare and very beautiful.
Yes, they plague and the city guards seldom catch them. For this, I pay taxes?	Yes, they plague and the city guards seldom catch them. For this, I pay taxes?
That alley goes nowhere and is most unpleasant.	That alley goes nowhere and is most unpleasant.
Do not speak her cursed name! I wish I had never seen her!	Do not speak her cursed name! I wish I had never seen her!
My neighbor, Sarah, sells excellent felafels.	My neighbor, Sarah, sells excellent felafels.
Her felafels are the best in Jerusalem.	Her felafels are the best in Jerusalem.
It means cloth, of course.	It means cloth, of course.
The thieves are a dreadful nuisance.	The thieves are a dreadful nuisance.
Even if you travelled there, you would find no finer fabrics than mine.	Even if you travelled there, you would find no finer fabrics than mine.
What can I say about that, habibi.	What can I say about that, habibi.
It appears she partakes liberally of her own food.	It appears she partakes liberally of her own food.
It is a heavy metal cauldron filled with bubbling hot oil.	It is a heavy metal cauldron filled with bubbling hot oil.
One basket of raw felafels and one basket of cooked felafels sits on the table.	One basket of raw felafels and one basket of cooked felafels sits on the table.
Stop that, Arthur. You have been away from Gwenhyver for too long.	Stop that, Arthur. You have been away from Gwenhyver for too long.
I see no girl, only the matronly felafel seller.	I see no girl, only the matronly felafel seller.
'Tis no more than a little stall with a canopy to keep out the rain and sun, a cauldron of bubbling oil and the felafels, raw and cooked.	'Tis no more than a little stall with a canopy to keep out the rain and sun, a cauldron of bubbling oil and the felafels, raw and cooked.
Ah, it is you! How good to see your face again. If you want a felafel, just speak up.	Ah, it is you! How good to see your face again. If you want a felafel, just speak up.
Fresh, hot felafels for a hungry man. Made from the finest ground chick peas and ground sesame seed. Flavored with parsley, onion and garlic.	Fresh, hot felafels for a hungry man. Made from the finest ground chick peas and ground sesame seed. Flavored with parsley, onion and garlic.
Golden fried felafels cooked in pure sesame oil. If you are hungry, a felafel would work wonders for your belly. See what it has done for mine!	Golden fried felafels cooked in pure sesame oil. If you are hungry, a felafel would work wonders for your belly. See what it has done for mine!
Well, I should not be telling you this, but all day long I cook felafels. Every day I eat felafels. Not that they are not delicious!	Well, I should not be telling you this, but all day long I cook felafels. Every day I eat felafels. Not that they are not delicious!
But even I am tired of felafels. I dream of lamb! A nice, fresh cut of lamb. Lamb and felafel! Oi, that would be Paradise.	But even I am tired of felafels. I dream of lamb! A nice, fresh cut of lamb. Lamb and felafel! Oi, that would be Paradise.
I do not mind paying his prices, but I am terrified of the meat merchant, that evil-tempered ox! That is why I go without lamb.	I do not mind paying his prices, but I am terrified of the meat merchant, that evil-tempered ox! That is why I go without lamb.
Do not try to cheat me now! No coin, no felafel.	Do not try to cheat me now! No coin, no felafel.
You can carry no more felafels without making a mess of yourself.	You can carry no more felafels without making a mess of yourself.
They are not very good uncooked.	They are not very good uncooked.
Only 1 fals for one of my delicious felafels.	Only 1 fals for one of my delicious felafels.
Gluttony is what the Christians call one of the Seven Deadly Sins, you know. That is quite enough with the felafels already.	Gluttony is what the Christians call one of the Seven Deadly Sins, you know. That is quite enough with the felafels already.
I rather doubt she would wish to part with that.	I rather doubt she would wish to part with that.
I have been craving a bit of lamb. Thank you for bringing it.	I have been craving a bit of lamb. Thank you for bringing it.
Why are you asking ME?	Why are you asking ME?
That would be like giving wool to the sheep, do you not think?	That would be like giving wool to the sheep, do you not think?
I have no room for it, thank you all the same.	I have no room for it, thank you all the same.
Really, you are too kind, but I could not take it.	Really, you are too kind, but I could not take it.
Very pretty. Maybe my neighbor, Ibrahim, would be interested.	Very pretty. Maybe my neighbor, Ibrahim, would be interested.
What, do I look rich?	What, do I look rich?
Buy another one, if you please.	Buy another one, if you please.
You mean like a cup? Farabi across the street sells cups.	You mean like a cup? Farabi across the street sells cups.
Galahad? What a strange name.	Galahad? What a strange name.
I am cooking felafels, of course.	I am cooking felafels, of course.
He simply appeared days ago and never says a word. An orphan, no doubt.	He simply appeared days ago and never says a word. An orphan, no doubt.
I use very fine ingredients in my felafels.	I use very fine ingredients in my felafels.
I cook the felafels in my cauldron, until they are just right.	I cook the felafels in my cauldron, until they are just right.
He knows cloth well, but he has much to learn about women.	He knows cloth well, but he has much to learn about women.
I cannot help you with that.	I cannot help you with that.
Help yourself.	Help yourself.
But you must eat it quickly or it will crumble. My felafels are as delicate as they are delicious.	But you must eat it quickly or it will crumble. My felafels are as delicate as they are delicious.
I can sense how much you enjoyed that crisp, hot felafel.	I can sense how much you enjoyed that crisp, hot felafel.
I fail to see how you could have enjoyed that with the eyes of that poor hungry urchin upon you.	I fail to see how you could have enjoyed that with the eyes of that poor hungry urchin upon you.
Under Sarah's care, he will be happy and healthy. Right you are to feel proud of this deed.	Under Sarah's care, he will be happy and healthy. Right you are to feel proud of this deed.
He is only a young boy, a half-starved, ragged urchin who is surely alone in the world. What a pathetic sight!	He is only a young boy, a half-starved, ragged urchin who is surely alone in the world. What a pathetic sight!
You will need to move closer to the boy, but gently! He is alone and afraid.	You will need to move closer to the boy, but gently! He is alone and afraid.
One of your felafels is reduced to crumbs from too much handling.	One of your felafels is reduced to crumbs from too much handling.
Your only felafel is reduced to crumbs from too much handling.	Your only felafel is reduced to crumbs from too much handling.
Of the Arab and Hebrew writing, I can tell you nothing, but the Latin is easy: "fictilia" refers to pottery, "cetarius" means fishmonger, and "horreum" is a granary.	Of the Arab and Hebrew writing, I can tell you nothing, but the Latin is easy: "fictilia" refers to pottery, "cetarius" means fishmonger, and "horreum" is a granary.
Across the street are three merchants.	Across the street are three merchants.
There is a merchant selling pottery, a fishmonger and a grain merchant.	There is a merchant selling pottery, a fishmonger and a grain merchant.
The birds are perched upon the arch.	The birds are perched upon the arch.
Aye, there are birds pecking at dropped grain. Nothing unusual about that.	Aye, there are birds pecking at dropped grain. Nothing unusual about that.
You have startled the birds and sent them flying.	You have startled the birds and sent them flying.
It is a pottery shop, though he undoubtedly deals in more than mere ceramics.	It is a pottery shop, though he undoubtedly deals in more than mere ceramics.
It is a fishmonger's shop.	It is a fishmonger's shop.
It is a granary.	It is a granary.
The only symbol I see is a stalk of grain on the horreum.	The only symbol I see is a stalk of grain on the horreum.
Looks like a sleek, well-fed cat with a taste for fish.	Looks like a sleek, well-fed cat with a taste for fish.
I cannot say what fish they are, but they smell bad enough.	I cannot say what fish they are, but they smell bad enough.
The fragrant herbs have certainly improved this part of the bazaar.	The fragrant herbs have certainly improved this part of the bazaar.
The restless grain merchant has huge jars presumably filled with grain.	The restless grain merchant has huge jars presumably filled with grain.
The huge clay jars are filled with grain.	The huge clay jars are filled with grain.
He is a most agitated man.	He is a most agitated man.
The birds are happy as they are. Leave them alone.	The birds are happy as they are. Leave them alone.
The scents from the fishmonger's stall are vastly improved.	The scents from the fishmonger's stall are vastly improved.
The smell of the fishmonger's wares is an assault to the nose.	The smell of the fishmonger's wares is an assault to the nose.
The grain merchant will not stop pacing. He is a most agitated man.	The grain merchant will not stop pacing. He is a most agitated man.
He is the fattest merchant I have ever seen.	He is the fattest merchant I have ever seen.
The pottery he has on display outside his shop is really quite plain, more for function than pleasure, I would say.	The pottery he has on display outside his shop is really quite plain, more for function than pleasure, I would say.
He has a number of earthenware jars on display.	He has a number of earthenware jars on display.
His shelves display plain, but well-made pieces of pottery. Probably only his least valuable wares, considering the problem with thieves.	His shelves display plain, but well-made pieces of pottery. Probably only his least valuable wares, considering the problem with thieves.
Welcome back. Let me know if I may serve you.	Welcome back. Let me know if I may serve you.
I have but two wishes in the world. One is that the wind which blows down this street will not change, so that the smell of fish stays away from my shop.	I have but two wishes in the world. One is that the wind which blows down this street will not change, so that the smell of fish stays away from my shop.
And the other? Why, to sell you something. A mug or bowl of earthenware perhaps. Inside, under lock and key, I have fine silver plates and goblets. I have a few other items, probably of no interest to you, such as mirrors.	And the other? Why, to sell you something. A mug or bowl of earthenware perhaps. Inside, under lock and key, I have fine silver plates and goblets. I have a few other items, probably of no interest to you, such as mirrors.
Please speak if there is anything I might sell you.	Please speak if there is anything I might sell you.
Be not misled by my sign, habib. True, I deal in earthenware -- bowls and plates and jugs and vases for everyday use, but I have richer wares which are not safe to display on this street.	Be not misled by my sign, habib. True, I deal in earthenware -- bowls and plates and jugs and vases for everyday use, but I have richer wares which are not safe to display on this street.
I have silver plates, bowls, goblets. Plain or worked with design. Shined to glimmering perfection. I sell mirrors as well.	I have silver plates, bowls, goblets. Plain or worked with design. Shined to glimmering perfection. I sell mirrors as well.
Even gold plates and goblets I can make to order, if your wealth is great enough. Plain or patterned or encrusted with jewels.	Even gold plates and goblets I can make to order, if your wealth is great enough. Plain or patterned or encrusted with jewels.
I am at your service when you know what you want...and can show the coin for it.	I am at your service when you know what you want...and can show the coin for it.
No coin, no sale.	No coin, no sale.
I am not sure what you wish to buy.	I am not sure what you wish to buy.
Come, come. That is not enough.	Come, come. That is not enough.
I am most sorry. The mirrors I have left are all promised to ladies of the Sultan's harem.	I am most sorry. The mirrors I have left are all promised to ladies of the Sultan's harem.
Certainly! I have a nice mirror for only 2 dirhams.	Certainly! I have a nice mirror for only 2 dirhams.
I have the finest pottery in the city. Nowhere else will you find such quality.	I have the finest pottery in the city. Nowhere else will you find such quality.
I have the finest pottery anywhere.	I have the finest pottery anywhere.
I deal in earthenware -- bowls and plates and jugs and vases for everyday use, but I have richer wares which are not safe to display on this street.	I deal in earthenware -- bowls and plates and jugs and vases for everyday use, but I have richer wares which are not safe to display on this street.
It is strange, is it not, that fish taste fair but smell foul.	It is strange, is it not, that fish taste fair but smell foul.
Ali will always find something to complain about.	Ali will always find something to complain about.
It is latin for pottery, more or less.	It is latin for pottery, more or less.
A curse upon all thieves!	A curse upon all thieves!
I have little to say about that.	I have little to say about that.
You joke with me. I would not sully my hands with fish.	You joke with me. I would not sully my hands with fish.
Two doors down you will find grain.	Two doors down you will find grain.
Why would you want to carry around expensive table wares? Concentrate on what you truly need.	Why would you want to carry around expensive table wares? Concentrate on what you truly need.
It would be a bulky thing to carry about and of no great use. Concentrate on what you truly need.	It would be a bulky thing to carry about and of no great use. Concentrate on what you truly need.
I sell only plates, jars, vases, jugs, bowls, goblets, mirrors, and such items.	I sell only plates, jars, vases, jugs, bowls, goblets, mirrors, and such items.
Ummm...of what use are these to me?	Ummm...of what use are these to me?
If you wish to buy, I am at your service. If not, go away.	If you wish to buy, I am at your service. If not, go away.
One moment, habibi.	One moment, habibi.
Here you are, a very fine mirror.	Here you are, a very fine mirror.
He is bent from a lifetime of toil at sea, and burdened with an injury.	He is bent from a lifetime of toil at sea, and burdened with an injury.
The two baskets on his counter are full of fish.	The two baskets on his counter are full of fish.
The fishmonger is selling fish, of course.	The fishmonger is selling fish, of course.
I see no jars in the fishmonger's shop.	I see no jars in the fishmonger's shop.
The cat, in typical cat fashion, ignores you.	The cat, in typical cat fashion, ignores you.
It is so well fed by the fishmonger that it utterly ignores you.	It is so well fed by the fishmonger that it utterly ignores you.
That is not the behaviour of a king.	That is not the behaviour of a king.
Forget the cat. You have things to do.	Forget the cat. You have things to do.
Fish for sale! St. Peter's Fish and carp.	Fish for sale! St. Peter's Fish and carp.
I want only to sell my fish in peace without the snarls and threats of my neighbors, Ali and Fawaz. They complain that my fish stink, that the wind blows the smell into their shops.	I want only to sell my fish in peace without the snarls and threats of my neighbors, Ali and Fawaz. They complain that my fish stink, that the wind blows the smell into their shops.
What can I do?! Fish smell like fish. Am I to change the very nature of life itself, or command the wind not to blow?	What can I do?! Fish smell like fish. Am I to change the very nature of life itself, or command the wind not to blow?
I will be a happy man only when they leave me in peace.	I will be a happy man only when they leave me in peace.
Thank you for the herbs, habibi. You are not bad, for a foreigner.	Thank you for the herbs, habibi. You are not bad, for a foreigner.
I can see you are not truly interested in buying fish.	I can see you are not truly interested in buying fish.
Why on earth would you want to carry about a raw, smelly fish?	Why on earth would you want to carry about a raw, smelly fish?
Try Farabi next door.	Try Farabi next door.
Did you not notice Ali next door?	Did you not notice Ali next door?
I would direct you next door to Ali, but he is upset over the smell of my fish filling his shop, that he has virtually ceased to do business.	I would direct you next door to Ali, but he is upset over the smell of my fish filling his shop, that he has virtually ceased to do business.
No, no, my cat is not for sale.	No, no, my cat is not for sale.
He is useful enough and I always have scraps he can eat.	He is useful enough and I always have scraps he can eat.
I have sold fish here all my life, and my father and his fathers before him.	I have sold fish here all my life, and my father and his fathers before him.
Ah, it happened long ago. I wrestled with a shark and lost.	Ah, it happened long ago. I wrestled with a shark and lost.
He sells good pots and is honest enough, as merchants go.	He sells good pots and is honest enough, as merchants go.
As you can see, he sells grain.	As you can see, he sells grain.
Ali refuses to sell me grain any more! He does nothing but complain about the smell of my fish.	Ali refuses to sell me grain any more! He does nothing but complain about the smell of my fish.
They make my neighbors more friendly and will surely improve my business.	They make my neighbors more friendly and will surely improve my business.
The word has always been there above my door. It has something to do with fish, I suppose.	The word has always been there above my door. It has something to do with fish, I suppose.
I hate thieves. They prey upon me because of my injured leg.	I hate thieves. They prey upon me because of my injured leg.
I am sorry, habibi, but I cannot help you.	I am sorry, habibi, but I cannot help you.
So? What does this mean to me? They do smell fragrant, I must admit.	So? What does this mean to me? They do smell fragrant, I must admit.
No, no, I do not want it.	No, no, I do not want it.
He looks like an ordinary Arab merchant.	He looks like an ordinary Arab merchant.
I am most grateful to you for giving Hayyam the herbs. That smell of fish was driving me mad!	I am most grateful to you for giving Hayyam the herbs. That smell of fish was driving me mad!
I have the best grain in all of Jerusalem. How may I serve you?	I have the best grain in all of Jerusalem. How may I serve you?
This man is so agitated, he will not stand still long enough to talk to you.	This man is so agitated, he will not stand still long enough to talk to you.
You cannot even speak to him, let alone give him money.	You cannot even speak to him, let alone give him money.
Return when you know what you want.	Return when you know what you want.
You are carrying around quite enough as it is.	You are carrying around quite enough as it is.
I must have at least 3 fals, since the bag alone is worth 2 coins. The grain is 1 fals for 1 scoop.	I must have at least 3 fals, since the bag alone is worth 2 coins. The grain is 1 fals for 1 scoop.
He will not stop to talk.	He will not stop to talk.
You will have no luck with him.	You will have no luck with him.
If he would ever stand still, you might be able to do business with him.	If he would ever stand still, you might be able to do business with him.
One scoop of grain for 1 fals.	One scoop of grain for 1 fals.
One scoop of grain for 1 fals, 2 fals for the bag to carry it in, since I see you have not brought a bag for grain.	One scoop of grain for 1 fals, 2 fals for the bag to carry it in, since I see you have not brought a bag for grain.
I only sell the bags with the grain. Grain is my business, not bags.	I only sell the bags with the grain. Grain is my business, not bags.
I bought these grain jars from the pottery merchant. Paid too much for them, that is what I think.	I bought these grain jars from the pottery merchant. Paid too much for them, that is what I think.
Those herbs had better work for a long time. I will go mad if I have to smell his fish again.	Those herbs had better work for a long time. I will go mad if I have to smell his fish again.
Eh? Why do you ask me this?	Eh? Why do you ask me this?
You are a most strange man. I have all these jars full of grain, why should I want grain from you?	You are a most strange man. I have all these jars full of grain, why should I want grain from you?
No, thank you.	No, thank you.
Here is your grain.	Here is your grain.
"Lucernae" means "lamps". As for the Greek underneath, I cannot translate it. My Greek is too long out of use.	"Lucernae" means "lamps". As for the Greek underneath, I cannot translate it. My Greek is too long out of use.
Across the street are several merchants.	Across the street are several merchants.
You should know the lamp shop well enough and the Seeress is still with her apples.	You should know the lamp shop well enough and the Seeress is still with her apples.
There is the lamp shop. And you now know that the old woman is far more than she appears to be.	There is the lamp shop. And you now know that the old woman is far more than she appears to be.
Upon the left is a lamp shop. The old woman on the right is selling apples.	Upon the left is a lamp shop. The old woman on the right is selling apples.
"Lucernae" means that he sells lamps.	"Lucernae" means that he sells lamps.
They are ceramic, made in the yoni style. When filled with oil, a flame will burn in the lamp's spout.	They are ceramic, made in the yoni style. When filled with oil, a flame will burn in the lamp's spout.
The yoni style is...ahem...well, shaped after a certain part of a woman.	The yoni style is...ahem...well, shaped after a certain part of a woman.
It looks like an ordinary, well-made broom.	It looks like an ordinary, well-made broom.
He has a bundle of sweetly pungent herbs hanging in the doorway.	He has a bundle of sweetly pungent herbs hanging in the doorway.
Aye, he has charcoal for sale.	Aye, he has charcoal for sale.
I suppose some of these jars contain various scented oils for the lamps, though some of the vases seem to be purely decorative.	I suppose some of these jars contain various scented oils for the lamps, though some of the vases seem to be purely decorative.
On the lamp merchant's shelves are jars, bottles, and vases.	On the lamp merchant's shelves are jars, bottles, and vases.
They are finely made, perhaps designed to hold ground herbs or spices or perfumed oils.	They are finely made, perhaps designed to hold ground herbs or spices or perfumed oils.
It looks quite ordinary.	It looks quite ordinary.
The old woman's basket is filled with the small green apples common to this area.	The old woman's basket is filled with the small green apples common to this area.
Do as she instructs. That is the best advice I can give you.	Do as she instructs. That is the best advice I can give you.
You are meant to find her by your own devices.	You are meant to find her by your own devices.
You surely do not refer to the old woman selling apples? It has been many decades since she was a girl.	You surely do not refer to the old woman selling apples? It has been many decades since she was a girl.
Your wisdom and character are being tested. Act wisely.	Your wisdom and character are being tested. Act wisely.
He appears to be a typical, prosperous Arab merchant.	He appears to be a typical, prosperous Arab merchant.
The lamp shop appears to carry quite a few other items besides oil lamps.	The lamp shop appears to carry quite a few other items besides oil lamps.
I am most pleased to see such a fine customer return. I am at your service.	I am most pleased to see such a fine customer return. I am at your service.
'Tis odd. I feel I must tell you that although I am content with my lot, for I am an honest man, I would be happier still if my cousin, Achmed, had not broken his oath to me and thus ruined our friendship.	'Tis odd. I feel I must tell you that although I am content with my lot, for I am an honest man, I would be happier still if my cousin, Achmed, had not broken his oath to me and thus ruined our friendship.
Let us not dwell on Achmed the Oathbreaker. My wares include lamps, oil, vases, jars, bottles, herbs and charcoal. How may I serve you?	Let us not dwell on Achmed the Oathbreaker. My wares include lamps, oil, vases, jars, bottles, herbs and charcoal. How may I serve you?
Please do not hesitate to ask for something.	Please do not hesitate to ask for something.
A thousand apologies, but I have no use for a mule.	A thousand apologies, but I have no use for a mule.
Have you changed your mind? Well, no matter. Come back any time.	Have you changed your mind? Well, no matter. Come back any time.
I am sorry, I must not have been listening properly. What did you wish to purchase?	I am sorry, I must not have been listening properly. What did you wish to purchase?
Forgive a humble merchant, habib, but this is not enough for what you wish to buy.	Forgive a humble merchant, habib, but this is not enough for what you wish to buy.
But, habib, I sold it to you. What sort of merchant would I be to take it back?	But, habib, I sold it to you. What sort of merchant would I be to take it back?
Surely you need it more than I.	Surely you need it more than I.
Some of these herbs are quite rare, but for you only 1 dirham.	Some of these herbs are quite rare, but for you only 1 dirham.
I sold you the last bundle.	I sold you the last bundle.
A good-sized bag of charcoal is only 2 fals.	A good-sized bag of charcoal is only 2 fals.
It is messy stuff to carry about. Once is enough.	It is messy stuff to carry about. Once is enough.
But you took the only broom, habibi.	But you took the only broom, habibi.
I am not fooled. I saw you speaking with my cousin, Achmed the Oathbreaker, and I can guess what he has sent you here to do.	I am not fooled. I saw you speaking with my cousin, Achmed the Oathbreaker, and I can guess what he has sent you here to do.
You see, Achmed went on a pilgrimage. I could not come with him, which grieved me, so I made him swear he would bring me a holy relic.	You see, Achmed went on a pilgrimage. I could not come with him, which grieved me, so I made him swear he would bring me a holy relic.
But he did not. He said nothing of it and why should I go begging? Nay, I have not spoken to him since and no broom will he get from me!	But he did not. He said nothing of it and why should I go begging? Nay, I have not spoken to him since and no broom will he get from me!
It is not for sale. I keep it here in plain sight and refuse to sell it because it annoys my cousin, Achmed, against whom I have a grudge.	It is not for sale. I keep it here in plain sight and refuse to sell it because it annoys my cousin, Achmed, against whom I have a grudge.
I had rope, but it was all stolen by a miserable little thief who preys upon this bazaar.	I had rope, but it was all stolen by a miserable little thief who preys upon this bazaar.
Do not overburden yourself with something you do not truly need.	Do not overburden yourself with something you do not truly need.
They are of the finest quality.	They are of the finest quality.
Thanks to you, habibi, my cousin and I will be friends again. I admit, I have missed visiting his inn.	Thanks to you, habibi, my cousin and I will be friends again. I admit, I have missed visiting his inn.
Achmed promised me that he would bring back a holy relic from his pilgrimage, but he did not, so I curse him as an oathbreaker.	Achmed promised me that he would bring back a holy relic from his pilgrimage, but he did not, so I curse him as an oathbreaker.
He broke a solemn oath to me for which I cannot forgive him.	He broke a solemn oath to me for which I cannot forgive him.
She is a strange old woman, but her apples are marvelous.	She is a strange old woman, but her apples are marvelous.
Any relic would satisfy me, though a relic of the holy Elzer would make me truly joyous.	Any relic would satisfy me, though a relic of the holy Elzer would make me truly joyous.
Why, surely you can guess that it means lamps.	Why, surely you can guess that it means lamps.
I would do much to get my hands on the thief who keeps stealing all my rope!	I would do much to get my hands on the thief who keeps stealing all my rope!
Perhaps I can interest you in something else, habib. I have many fine wares.	Perhaps I can interest you in something else, habib. I have many fine wares.
Of what interest is that?	Of what interest is that?
I am sorry, but I am not interested.	I am sorry, but I am not interested.
Why should I buy back what I am selling?	Why should I buy back what I am selling?
A genuine relic! It is not as pleasurable as receiving it from my cousin, Achmed, but....I will give you 1 dirham.	A genuine relic! It is not as pleasurable as receiving it from my cousin, Achmed, but....I will give you 1 dirham.
No, keep it. I have no need for it.	No, keep it. I have no need for it.
Sa'alam aleikem, good sir. You look like a man of taste. Notice the fine craftsmanship of my lamps. My lamp oils are of the purest quality.	Sa'alam aleikem, good sir. You look like a man of taste. Notice the fine craftsmanship of my lamps. My lamp oils are of the purest quality.
If lamps are not to your taste, I carry good, long- burning charcoal for your brazier.	If lamps are not to your taste, I carry good, long- burning charcoal for your brazier.
Are not these herbs sublimely fragrant? They sweeten the air and lend freshness to even the foulest room.	Are not these herbs sublimely fragrant? They sweeten the air and lend freshness to even the foulest room.
For sweetness of the body I have scented oils that will moisten the skin and inflame passions.	For sweetness of the body I have scented oils that will moisten the skin and inflame passions.
My vases and bottles are made by the finest artisans. Feast your eyes upon the delicate colors.	My vases and bottles are made by the finest artisans. Feast your eyes upon the delicate colors.
If you desire to buy, I am ready to serve you.	If you desire to buy, I am ready to serve you.
Here are the herbs, habibi. A pleasure to do business with you.	Here are the herbs, habibi. A pleasure to do business with you.
Here is the charcoal. Return any time I may be of further service.	Here is the charcoal. Return any time I may be of further service.
Good sir, I am speechless! Surely my cousin, Achmed, has sent this through you as an offering of peace between us.	Good sir, I am speechless! Surely my cousin, Achmed, has sent this through you as an offering of peace between us.
Now I am ashamed that I behaved in such a petty way. Please, I beg you, take this broom and give it to Achmed and he will know that this is my apology.	Now I am ashamed that I behaved in such a petty way. Please, I beg you, take this broom and give it to Achmed and he will know that this is my apology.
I detect an unusual look of wisdom in this old woman's eyes.	I detect an unusual look of wisdom in this old woman's eyes.
The small green apples in her basket are native to this region and rather tart, I believe.	The small green apples in her basket are native to this region and rather tart, I believe.
That would be most unwise.	That would be most unwise.
I hope you find what you seek, but I have no further help to give you.	I hope you find what you seek, but I have no further help to give you.
Seek Fatima now! You have no time to waste.	Seek Fatima now! You have no time to waste.
Your greed has betrayed you. You chose to sell what you should have given freely. You are not worthy. Be gone from my sight.	Your greed has betrayed you. You chose to sell what you should have given freely. You are not worthy. Be gone from my sight.
Nothing more will I say or give until you have completed every task.	Nothing more will I say or give until you have completed every task.
You have made your choice. Now you must live with it.	You have made your choice. Now you must live with it.
King Arthur, I know your purpose here. It is given to me to know such things, for I am a seeress.	King Arthur, I know your purpose here. It is given to me to know such things, for I am a seeress.
Another came from your land and his name was Galahad. He spoke of you, for if he failed, he knew only you might follow and succeed.	Another came from your land and his name was Galahad. He spoke of you, for if he failed, he knew only you might follow and succeed.
But as a servant of the Goddess, I must know you are worthy. I bid you to buy an apple, for this fruit is sacred to Aphrodite.	But as a servant of the Goddess, I must know you are worthy. I bid you to buy an apple, for this fruit is sacred to Aphrodite.
Buying the apple is but the first test I shall place before you, if you are ready.	Buying the apple is but the first test I shall place before you, if you are ready.
You have the apple that ends hunger, slakes thirst, and eases weariness. May it comfort you in time of greatest need.	You have the apple that ends hunger, slakes thirst, and eases weariness. May it comfort you in time of greatest need.
You have purchased the only apple I will sell you.	You have purchased the only apple I will sell you.
One apple, and one only, I will sell you. Here are your choices.	One apple, and one only, I will sell you. Here are your choices.
If you give me 1 fals, I will give you an apple that is only an apple and nothing more. Eat, and it will taste good.	If you give me 1 fals, I will give you an apple that is only an apple and nothing more. Eat, and it will taste good.
If you give me 1 dirham, I will give you an apple that will satisfy all your hunger, slake all your thirst and ease your weariness.	If you give me 1 dirham, I will give you an apple that will satisfy all your hunger, slake all your thirst and ease your weariness.
If you give me 1 dinar, I will give you an apple that is bitter to the tongue, yet you will know the taste of Truth.	If you give me 1 dinar, I will give you an apple that is bitter to the tongue, yet you will know the taste of Truth.
It is obvious what I have and do not have.	It is obvious what I have and do not have.
Give me nothing and you gain nothing.	Give me nothing and you gain nothing.
You have already bought the only apple I will sell you.	You have already bought the only apple I will sell you.
If you wish to buy an apple, please say so.	If you wish to buy an apple, please say so.
Nay, I need it not.	Nay, I need it not.
Such things are not sacred to the Goddess.	Such things are not sacred to the Goddess.
I am a lesser servant of the Goddess and do not know where it is to be found. Only Fatima can provide the guidance you need.	I am a lesser servant of the Goddess and do not know where it is to be found. Only Fatima can provide the guidance you need.
She is the great mother of all, whom we call Aphrodite	She is the great mother of all, whom we call Aphrodite
She is the Great Goddess, mother of the universe, creator of gods.	She is the Great Goddess, mother of the universe, creator of gods.
I serve Aphrodite.	I serve Aphrodite.
You have seen her. What more is there to say?	You have seen her. What more is there to say?
You will learn about Fatima if you are found worthy.	You will learn about Fatima if you are found worthy.
You will find her with the symbols of the Goddess, the star and crescent.	You will find her with the symbols of the Goddess, the star and crescent.
He came here only recently, after long weeks of search in other places. But I have not seen him for many days.	He came here only recently, after long weeks of search in other places. But I have not seen him for many days.
I know nothing of them.	I know nothing of them.
You must be a wise man to find a wise man.	You must be a wise man to find a wise man.
Whosoever you speak with in this bazaar will be compelled to speak the truth about what he or she most deeply needs or wants.	Whosoever you speak with in this bazaar will be compelled to speak the truth about what he or she most deeply needs or wants.
Your task is to do as your soul and heart dictate. Only you can decide what that means.	Your task is to do as your soul and heart dictate. Only you can decide what that means.
Speak with him and judge his character for yourself.	Speak with him and judge his character for yourself.
Only by seeking it will you be able to attain it.	Only by seeking it will you be able to attain it.
There are six Guardians whose tests you must pass. I am one of them.	There are six Guardians whose tests you must pass. I am one of them.
It was not planned as a part of your test, if that is what you wonder.	It was not planned as a part of your test, if that is what you wonder.
A seeress knows which questions are worth answering and which should be ignored.	A seeress knows which questions are worth answering and which should be ignored.
Take this, and by my command, eat of it.	Take this, and by my command, eat of it.
You have chosen wisely, for the apple has conferred upon you a Truth Spell. Whoever you speak with in this bazaar from this moment on will confide to you his or her most secret and urgent need.	You have chosen wisely, for the apple has conferred upon you a Truth Spell. Whoever you speak with in this bazaar from this moment on will confide to you his or her most secret and urgent need.
To prove your full worthiness to me, and thus be led ever closer to your goal, you must fulfill these tasks revealed for you by the Truth Spell. Your heart and mind must guide you.	To prove your full worthiness to me, and thus be led ever closer to your goal, you must fulfill these tasks revealed for you by the Truth Spell. Your heart and mind must guide you.
You have eaten, but gained nothing. You failed my test and you will never possess the Grail. Your hopes die here.	You have eaten, but gained nothing. You failed my test and you will never possess the Grail. Your hopes die here.
She spoke true. The apple has eased all your hunger and thirst. New strength flows into your limbs.	She spoke true. The apple has eased all your hunger and thirst. New strength flows into your limbs.
You feel refreshed, yet you have failed miserably to pass my test. Your quest ends here. The Grail is denied to you.	You feel refreshed, yet you have failed miserably to pass my test. Your quest ends here. The Grail is denied to you.
I greet you with reverence, King Arthur, for you are indeed worthy. Knowledge is your reward.	I greet you with reverence, King Arthur, for you are indeed worthy. Knowledge is your reward.
Seek the star and crescent where Fatima dwells. Now that you are ready, she will admit you. She is the most powerful, though not the last, of the Guardians of the Sacred Cup.	Seek the star and crescent where Fatima dwells. Now that you are ready, she will admit you. She is the most powerful, though not the last, of the Guardians of the Sacred Cup.
So you have suffered a misfortune? Very well, I will help you again.	So you have suffered a misfortune? Very well, I will help you again.
Take also this gift.	Take also this gift.
It is the apple that ends hunger, slakes thirst, and eases weariness. May it comfort you in time of greatest need. The Goddess be with you.	It is the apple that ends hunger, slakes thirst, and eases weariness. May it comfort you in time of greatest need. The Goddess be with you.
Here is an apple that will relieve all hunger and thirst and renew your strength.	Here is an apple that will relieve all hunger and thirst and renew your strength.
Do not lose THIS one.	Do not lose THIS one.
Let us say simply that it is someone's crude idea of a joke.	Let us say simply that it is someone's crude idea of a joke.
It is only graffiti.	It is only graffiti.
It is completely dark and deserted.	It is completely dark and deserted.
The walls are far too high to jump over.	The walls are far too high to jump over.
The alley is paved with stone, solidly set. The thief could not have escaped through the ground.	The alley is paved with stone, solidly set. The thief could not have escaped through the ground.
The bars are made of heavy iron.	The bars are made of heavy iron.
It is a dead end alley with no doors and only two windows, one of which is bricked up and the other blocked by a heavy iron bar.	It is a dead end alley with no doors and only two windows, one of which is bricked up and the other blocked by a heavy iron bar.
The thief quickly pulls up his rope so you cannot follow!	The thief quickly pulls up his rope so you cannot follow!
The thief has escaped.	The thief has escaped.
There is no sign of him at all.	There is no sign of him at all.
The thief must have left behind a rope and climbed up it to escape.	The thief must have left behind a rope and climbed up it to escape.
The lower window is bricked up. Only a skinny man could squeeze into the upper window, if he had the means to reach it.	The lower window is bricked up. Only a skinny man could squeeze into the upper window, if he had the means to reach it.
The walls are old and deteriorating on the surface, but solid underneath. No doors, no sign of hidden openings, no way to scale or climb them.	The walls are old and deteriorating on the surface, but solid underneath. No doors, no sign of hidden openings, no way to scale or climb them.
They are very old, but quite solid.	They are very old, but quite solid.
Judging from the smell, it is not something you want to step in.	Judging from the smell, it is not something you want to step in.
A dog carcass is busily rotting.	A dog carcass is busily rotting.
They swarm over the remains of the dog.	They swarm over the remains of the dog.
I would prefer not to guess as to what that is.	I would prefer not to guess as to what that is.
The outer surface is crumbling. As for using the lower window as a foothold, you would not get far enough to do any good.	The outer surface is crumbling. As for using the lower window as a foothold, you would not get far enough to do any good.
Powerful though Excaliber is, it still has its limits. These bars would destroy the blade.	Powerful though Excaliber is, it still has its limits. These bars would destroy the blade.
Had you followed him immediately, you might have at least had a chance to catch him. Now he could be anywhere.	Had you followed him immediately, you might have at least had a chance to catch him. Now he could be anywhere.
This thief was cunning enough to climb down a rope from the barred window, leave the rope hanging, then scurry back up the rope and escape.	This thief was cunning enough to climb down a rope from the barred window, leave the rope hanging, then scurry back up the rope and escape.
Even Excaliber could not stop this quick and elusive thief.	Even Excaliber could not stop this quick and elusive thief.
The thief has escaped. And you would blunt your fine blade by hacking uselessly at these heavy iron bars.	The thief has escaped. And you would blunt your fine blade by hacking uselessly at these heavy iron bars.
The combination of rotting dog and human excreta leaves much to be desired. Such as getting as far away from it as you can.	The combination of rotting dog and human excreta leaves much to be desired. Such as getting as far away from it as you can.
The dog is dead, putrid and full of disease, Arthur. Leave it be.	The dog is dead, putrid and full of disease, Arthur. Leave it be.
They are busy with the rotting dog.	They are busy with the rotting dog.
The thief is too quick for you.	The thief is too quick for you.
The thief is gone.	The thief is gone.
The thief is too busy escaping.	The thief is too busy escaping.
"Caupona" is the Latin for "inn" or "tavern". If I interpret the symbol below correctly, this is the "Star of Allah Inn".	"Caupona" is the Latin for "inn" or "tavern". If I interpret the symbol below correctly, this is the "Star of Allah Inn".
The grain merchant's agitation is so great, he will not stand still long enough to speak or do business.	The grain merchant's agitation is so great, he will not stand still long enough to speak or do business.
Across the street are two merchants.	Across the street are two merchants.
Next to the grain merchant's shop, there is an inn.	Next to the grain merchant's shop, there is an inn.
It is a rather rundown place.	It is a rather rundown place.
You cannot see inside with Achmed blocking the door.	You cannot see inside with Achmed blocking the door.
Dare I say it? The inside does not look like an improvement on the outside. Still, he is offering his hospitality.	Dare I say it? The inside does not look like an improvement on the outside. Still, he is offering his hospitality.
My Arabic is not quite good enough to translate that.	My Arabic is not quite good enough to translate that.
The door is shut, to state the obvious.	The door is shut, to state the obvious.
The door is partway open.	The door is partway open.
The door is open. You should either enter or move on.	The door is open. You should either enter or move on.
Nothing can be seen through these windows.	Nothing can be seen through these windows.
It is too dim inside to make out much more than some crude tables and chairs.	It is too dim inside to make out much more than some crude tables and chairs.
The shutters are closed.	The shutters are closed.
It is not so much an alley as a gap between the buildings that is walled off. You can glimpse more back streets of Jerusalem, but nothing that is of use to you.	It is not so much an alley as a gap between the buildings that is walled off. You can glimpse more back streets of Jerusalem, but nothing that is of use to you.
There is no one here to ask.	There is no one here to ask.
The birds peck at grain spilt over from the merchant's pots.	The birds peck at grain spilt over from the merchant's pots.
You startled the birds into flight.	You startled the birds into flight.
The birds perch on the ledge, waiting for you to leave.	The birds perch on the ledge, waiting for you to leave.
He stands on the other side of his shop.	He stands on the other side of his shop.
Are you confused? There is no one here.	Are you confused? There is no one here.
It does not smell particularly inviting inside.	It does not smell particularly inviting inside.
Achmed looks as rundown as his inn.	Achmed looks as rundown as his inn.
I do not see him.	I do not see him.
Achmed would let you in if he so desired.	Achmed would let you in if he so desired.
Well? Will you enter or not?	Well? Will you enter or not?
These windows cannot be opened from the outside.	These windows cannot be opened from the outside.
The door is already open.	The door is already open.
Talking to the door will not help.	Talking to the door will not help.
Believe me, I regret I cannot serve you. If only I had a broom.	Believe me, I regret I cannot serve you. If only I had a broom.
Please enter, habibi. Allow me to show my gratitude by giving you food and drink while I clean up.	Please enter, habibi. Allow me to show my gratitude by giving you food and drink while I clean up.
Perhaps he cannot hear you call.	Perhaps he cannot hear you call.
Ah, I am in desperate need of a broom!	Ah, I am in desperate need of a broom!
Thank you so very much for the broom, habibi!	Thank you so very much for the broom, habibi!
My cousin Tariq is angry with me and will not sell me a broom!	My cousin Tariq is angry with me and will not sell me a broom!
I never believed my cousin would give me the broom. Allah be praised!	I never believed my cousin would give me the broom. Allah be praised!
My inn is filthy. Only with a broom can I properly clean it.	My inn is filthy. Only with a broom can I properly clean it.
Come in! Come in! I am still cleaning, but you are welcome.	Come in! Come in! I am still cleaning, but you are welcome.
It is the name of my inn, the 'Star of Allah.'	It is the name of my inn, the 'Star of Allah.'
The name of my inn is 'The Star of Allah.' Caupona means inn, habib.	The name of my inn is 'The Star of Allah.' Caupona means inn, habib.
I do my best to keep them out of my inn.	I do my best to keep them out of my inn.
If I only had a broom, I would help you.	If I only had a broom, I would help you.
I cannot help you with that, but you can surely stay at my inn.	I cannot help you with that, but you can surely stay at my inn.
As much as I would like to take your money, I cannot think of serving you until I can clean my inn.	As much as I would like to take your money, I cannot think of serving you until I can clean my inn.
I could never take your money, habibi. I am in your debt.	I could never take your money, habibi. I am in your debt.
But he has the broom.	But he has the broom.
I will never part with this broom!	I will never part with this broom!
Would that I HAD a broom!	Would that I HAD a broom!
Your generosity does you credit, but if I could have anything, I would only desire a broom.	Your generosity does you credit, but if I could have anything, I would only desire a broom.
I could not take another gift. I am in your debt already.	I could not take another gift. I am in your debt already.
Perhaps later, when I recover my losses from being closed for so long.	Perhaps later, when I recover my losses from being closed for so long.
One of the merchants on this street could doubtless sell you that.	One of the merchants on this street could doubtless sell you that.
Odd that the inn should be locked.	Odd that the inn should be locked.
It is still locked.	It is still locked.
Achmed is surely busy sweeping his floor. I doubt he will answer you.	Achmed is surely busy sweeping his floor. I doubt he will answer you.
I am not open for business. Go away.	I am not open for business. Go away.
I cannot open my shop. For weeks I have been without a broom and now I am overcome with filth. All because my cousin, Tariq, is angry with me and will not sell me a broom for any amount of coin. And I offered good money just for a broom!	I cannot open my shop. For weeks I have been without a broom and now I am overcome with filth. All because my cousin, Tariq, is angry with me and will not sell me a broom for any amount of coin. And I offered good money just for a broom!
Do not blame me that I cannot offer you rest and food. Talk to Tariq, who has the stubbornness of a goat. He certainly will not talk to me!	Do not blame me that I cannot offer you rest and food. Talk to Tariq, who has the stubbornness of a goat. He certainly will not talk to me!
I am sorry, but without a broom, I cannot open for business.	I am sorry, but without a broom, I cannot open for business.
Did you want something else? I thought you did.	Did you want something else? I thought you did.
Welcome, habibi, welcome! Come in!	Welcome, habibi, welcome! Come in!
Until then, may I offer you the hospitality of my humble inn. Excuse the mess on the floor. I will clean it while you eat and drink at no charge.	Until then, may I offer you the hospitality of my humble inn. Excuse the mess on the floor. I will clean it while you eat and drink at no charge.
You have eaten well and spent a restless night being bitten by bedbugs and dreaming about Camelot, Gwenhyver, and the Grail.	You have eaten well and spent a restless night being bitten by bedbugs and dreaming about Camelot, Gwenhyver, and the Grail.
 A new sense of urgency fills you. The land and the people will not survive much longer unless you can find the Grail!	 A new sense of urgency fills you. The land and the people will not survive much longer unless you can find the Grail!
Good, I am glad you have the sense not to dally at an inn when your entire kingdom is at stake.	Good, I am glad you have the sense not to dally at an inn when your entire kingdom is at stake.
I can see why you did not remain. You have gotten more flea bites from this brief visit than in all your years in Camelot.	I can see why you did not remain. You have gotten more flea bites from this brief visit than in all your years in Camelot.
Do you think you could possibly stop blundering around terrifying the natives long enough to do what you are supposed to be doing?	Do you think you could possibly stop blundering around terrifying the natives long enough to do what you are supposed to be doing?
How clever of you to somehow convince Tariq to sell the broom. Here, I gladly give you a dirham for it.	How clever of you to somehow convince Tariq to sell the broom. Here, I gladly give you a dirham for it.
Ya'Allah! You have managed to part Tariq from his broom. And you give this to me? But surely...why, this can only mean it is an offering of peace from my cousin through you. He has forgiven me!	Ya'Allah! You have managed to part Tariq from his broom. And you give this to me? But surely...why, this can only mean it is an offering of peace from my cousin through you. He has forgiven me!
Allah bless you, habibi! You have brought my cousin and me together in kinship again. Even though I see you are an infidel, I pray you shall one day know the ecstasy of Paradise!	Allah bless you, habibi! You have brought my cousin and me together in kinship again. Even though I see you are an infidel, I pray you shall one day know the ecstasy of Paradise!
There is nothing to see.	There is nothing to see.
Across the street is an inn.	Across the street is an inn.
There is some sort of antiquities shop and a butcher's shop.	There is some sort of antiquities shop and a butcher's shop.
I have the most profound suspicion that Ismail will not return.	I have the most profound suspicion that Ismail will not return.
He has vanished into his back room.	He has vanished into his back room.
The dog looks like it is well fed from the butcher's scraps.	The dog looks like it is well fed from the butcher's scraps.
Nice try, but I do not think that being nice to Fawaz's dog will do anything to improve Fawaz's temper.	Nice try, but I do not think that being nice to Fawaz's dog will do anything to improve Fawaz's temper.
Do not bother the dog, he may bite.	Do not bother the dog, he may bite.
Would you buy a used chariot from this man?	Would you buy a used chariot from this man?
It loosely translates as "Ismail, King of Antiquities". The rest is Arabic and Hebrew graffiti.	It loosely translates as "Ismail, King of Antiquities". The rest is Arabic and Hebrew graffiti.
Alas, I have let my Greek fade with disuse and cannot translate.	Alas, I have let my Greek fade with disuse and cannot translate.
You should recognize the countenance of the greatest of Roman generals, Julius Caesar.	You should recognize the countenance of the greatest of Roman generals, Julius Caesar.
It is pitch black inside.	It is pitch black inside.
He has nothing displayed except a Roman bust. Behind that is only a short, empty hall leading to a door. He must keep his antiquities locked in another room.	He has nothing displayed except a Roman bust. Behind that is only a short, empty hall leading to a door. He must keep his antiquities locked in another room.
Ismail's shop is closed.	Ismail's shop is closed.
There are no symbols on the antiquities shop.	There are no symbols on the antiquities shop.
There are no wares in sight. He must keep them in a back room.	There are no wares in sight. He must keep them in a back room.
Truly if I could have anything in the world, I would have your money. Yes, that is what I most desire. Your money.	Truly if I could have anything in the world, I would have your money. Yes, that is what I most desire. Your money.
Chas V'Chalila! What possessed me to say such a thing?! Forgive me, habibi. I meant to say that I have a special on saint's relics today. Reasonable prices!	Chas V'Chalila! What possessed me to say such a thing?! Forgive me, habibi. I meant to say that I have a special on saint's relics today. Reasonable prices!
My storehouse of relics is a miracle unto itself! If it is holy, I will have it.	My storehouse of relics is a miracle unto itself! If it is holy, I will have it.
Ahalan, habibi. I am Ismail and within my vaults I have wonders, I have miracles, I have relics of the holy saints and prophets.	Ahalan, habibi. I am Ismail and within my vaults I have wonders, I have miracles, I have relics of the holy saints and prophets.
I have blood of the prophet Mohammed! Hairs from the beard of Guruka Singh! Fingerbones of the saints! A sliver from what the Christians call the True Cross!	I have blood of the prophet Mohammed! Hairs from the beard of Guruka Singh! Fingerbones of the saints! A sliver from what the Christians call the True Cross!
A relic for you today, perhaps? I have a special on saint's fingerbones.	A relic for you today, perhaps? I have a special on saint's fingerbones.
No need to yell, habibi. I am right here.	No need to yell, habibi. I am right here.
Habibi, you accidentally closed your purse without giving me money.	Habibi, you accidentally closed your purse without giving me money.
Buying one relic from this fraud is more than enough.	Buying one relic from this fraud is more than enough.
Keep counting, habibi, keep counting.	Keep counting, habibi, keep counting.
What do you wish to buy, habibi?	What do you wish to buy, habibi?
Sorry, I am all out of grails today. Try me again in a few weeks. Something is bound to turn up.	Sorry, I am all out of grails today. Try me again in a few weeks. Something is bound to turn up.
Ah, well, the truth is I am forbidden by law to sell relics of the Great Prophet Mohammed. But I have a special on saints' relics.	Ah, well, the truth is I am forbidden by law to sell relics of the Great Prophet Mohammed. But I have a special on saints' relics.
That is rare and valuable. Have you ever tried to shave a Sikh? It is most dangerous. Normally, I would ask no less than 10 dinars! But for you, only 4 dinars.	That is rare and valuable. Have you ever tried to shave a Sikh? It is most dangerous. Normally, I would ask no less than 10 dinars! But for you, only 4 dinars.
I sell holy fingerbones! Not fingernails. Of course, for the right price, it could be arranged.	I sell holy fingerbones! Not fingernails. Of course, for the right price, it could be arranged.
Do I look like a pig-headed Nubian? Go next door.	Do I look like a pig-headed Nubian? Go next door.
He is a bad-tempered, pig-headed Nubian? Ah, but you should see his daughter!	He is a bad-tempered, pig-headed Nubian? Ah, but you should see his daughter!
Saint Galahad? Did you wish a relic of Saint Galahad? I can sell you one, only 2 dirhams.	Saint Galahad? Did you wish a relic of Saint Galahad? I can sell you one, only 2 dirhams.
Ahhh, this is an authentic bust of the great Julius Caesar. Pure marble. Only 5 dinars.	Ahhh, this is an authentic bust of the great Julius Caesar. Pure marble. Only 5 dinars.
I doubt that it is worth any price that this crook asks for it.	I doubt that it is worth any price that this crook asks for it.
I sell antiquities from the holy land. Holy relics and holy fingerbones!	I sell antiquities from the holy land. Holy relics and holy fingerbones!
I am the king of antiquities! No one can beat my selection or prices!	I am the king of antiquities! No one can beat my selection or prices!
Thief? Heh-heh, that is a harsh word. I am an honest merchant, that I can assure you.	Thief? Heh-heh, that is a harsh word. I am an honest merchant, that I can assure you.
You are in the wrong place. I deal in antiquities only.	You are in the wrong place. I deal in antiquities only.
Do not worry about that, habib. My relics, though, are something to talk about!	Do not worry about that, habib. My relics, though, are something to talk about!
Please keep it, habibi. I do not get along well with animals.	Please keep it, habibi. I do not get along well with animals.
That is like selling bricks to the Bedouin. I have a room full of relics. Want to buy another?	That is like selling bricks to the Bedouin. I have a room full of relics. Want to buy another?
I cannot say that what you offer is entirely without interest, but it does not fit my speciality.	I cannot say that what you offer is entirely without interest, but it does not fit my speciality.
What? You want nothing in return? Is this a trick? Nobody gives away something for nothing. No, I will not take it.	What? You want nothing in return? Is this a trick? Nobody gives away something for nothing. No, I will not take it.
Please do. I hate that dog.	Please do. I hate that dog.
This man is unfamiliar with the concept of cleanliness. He has the aroma of a billy goat.	This man is unfamiliar with the concept of cleanliness. He has the aroma of a billy goat.
Brilliant move, Arthur. The sight of your sword has sent him into hiding in his back room.	Brilliant move, Arthur. The sight of your sword has sent him into hiding in his back room.
He is an extraordinarily mean-looking Nubian.	He is an extraordinarily mean-looking Nubian.
"Tabulae Lanius" is a term meaning "butcher", though more literally from the Latin it is "butcher's block". I cannot read the Hebrew graffiti above the door.	"Tabulae Lanius" is a term meaning "butcher", though more literally from the Latin it is "butcher's block". I cannot read the Hebrew graffiti above the door.
It is a symbol unknown to me. It looks like a flying eye.	It is a symbol unknown to me. It looks like a flying eye.
That is quite a large goat.	That is quite a large goat.
There are three chickens hung upon hooks.	There are three chickens hung upon hooks.
There is one leg of lamb hanging on a hook.	There is one leg of lamb hanging on a hook.
He has sold all of his lamb.	He has sold all of his lamb.
Beware of that cleaver, Arthur. I fear the Nubian may use it on more than animal flesh.	Beware of that cleaver, Arthur. I fear the Nubian may use it on more than animal flesh.
It is dark inside. You can see nothing.	It is dark inside. You can see nothing.
You already are.	You already are.
The butcher has sold his stock of meat for the day.	The butcher has sold his stock of meat for the day.
He has a goat, a leg of lamb and chickens hanging in his shop.	He has a goat, a leg of lamb and chickens hanging in his shop.
If you have come back for more meat, you are out of luck. I have sold it all.	If you have come back for more meat, you are out of luck. I have sold it all.
Be gone, heathen. I do not like the look of you and I serve only who I please and today it does not please me to serve anyone.	Be gone, heathen. I do not like the look of you and I serve only who I please and today it does not please me to serve anyone.
Do you wonder why I am angry? It is the stink of fish I must endure every day. The foul, damnable stink of fish would drive any man to fury!	Do you wonder why I am angry? It is the stink of fish I must endure every day. The foul, damnable stink of fish would drive any man to fury!
No-one will ever know a day's peace from me for as long as I smell that stinking fish! A curse upon that fishmonger!	No-one will ever know a day's peace from me for as long as I smell that stinking fish! A curse upon that fishmonger!
Ya'Allah! The wind blows sweet today. As for you, you look like a foreign heathen, but if you have good coin I will sell to you.	Ya'Allah! The wind blows sweet today. As for you, you look like a foreign heathen, but if you have good coin I will sell to you.
Put up your weapon, infidel dog, or I will call the city guard. And I will chop up whatever pieces of you they leave behind.	Put up your weapon, infidel dog, or I will call the city guard. And I will chop up whatever pieces of you they leave behind.
He is not for sale.	He is not for sale.
Touch my dog and you die, infidel.	Touch my dog and you die, infidel.
GUARDS!	GUARDS!
Mercenaries chop you up here.	Mercenaries chop you up here.
I told you to be gone! I do not want your money or your business.	I told you to be gone! I do not want your money or your business.
I am not amused, stranger. Either do business or get lost.	I am not amused, stranger. Either do business or get lost.
You are beginning to annoy me again, little man. Go away.	You are beginning to annoy me again, little man. Go away.
I do not bargain. Pay my price or be gone.	I do not bargain. Pay my price or be gone.
So, do you want to buy something? Speak up!	So, do you want to buy something? Speak up!
Stop bothering me!	Stop bothering me!
Are you trying to insult me, infidel?! How dare you suggest I would touch an unclean meat!	Are you trying to insult me, infidel?! How dare you suggest I would touch an unclean meat!
They are already spoken for by regular customers.	They are already spoken for by regular customers.
That was only brought to me for butchering by a customer. It is not mine to sell.	That was only brought to me for butchering by a customer. It is not mine to sell.
In Jerusalem?!	In Jerusalem?!
What would you do with an entire large leg of lamb, Arthur?	What would you do with an entire large leg of lamb, Arthur?
The whole leg is 5 dinars, but I will sell a single cut for 6 fals.	The whole leg is 5 dinars, but I will sell a single cut for 6 fals.
I have goat, lamb, and chicken.	I have goat, lamb, and chicken.
I feed him scraps and he guards my shop. Dogs are far more trustworthy than men.	I feed him scraps and he guards my shop. Dogs are far more trustworthy than men.
Do not even think about my daughter, you foreign swine!	Do not even think about my daughter, you foreign swine!
Bah, he is crook. All merchants are crooks. I am the only honest man here.	Bah, he is crook. All merchants are crooks. I am the only honest man here.
Pretty dumb you are, if you do not know the sign of a butcher's shop.	Pretty dumb you are, if you do not know the sign of a butcher's shop.
Bah, no thief dares to rob me!	Bah, no thief dares to rob me!
Can you not read? I am a butcher.	Can you not read? I am a butcher.
You annoy me, little man. Go away.	You annoy me, little man. Go away.
If you have money, fine. If you do not have money, go somewhere else. I do not buy or trade.	If you have money, fine. If you do not have money, go somewhere else. I do not buy or trade.
Have you ever tried to eat mule meat? Very tough. But I hear Mohammed is looking for a pack mule, if he has not already left on his trip.	Have you ever tried to eat mule meat? Very tough. But I hear Mohammed is looking for a pack mule, if he has not already left on his trip.
Is that some piece of Ismail's junk? You bought that? You infidels are dumber than I thought.	Is that some piece of Ismail's junk? You bought that? You infidels are dumber than I thought.
I do not take gifts from strangers.	I do not take gifts from strangers.
I am not sure which smell is stronger: Fawaz or the meat.	I am not sure which smell is stronger: Fawaz or the meat.
The building is but one floor with no other entrances.	The building is but one floor with no other entrances.
This house sits at the end of the street, abutting an ancient wall. There is but one door.	This house sits at the end of the street, abutting an ancient wall. There is but one door.
It is the remnant of some even older part of the city, as best I can tell.	It is the remnant of some even older part of the city, as best I can tell.
It is of colored glass through which you can see nothing.	It is of colored glass through which you can see nothing.
They look like ordinary bushes of some Eastern variety.	They look like ordinary bushes of some Eastern variety.
Over the door are two symbols, a crescent moon and a star.	Over the door are two symbols, a crescent moon and a star.
The crescent and star are both symbols associated with the Goddess.	The crescent and star are both symbols associated with the Goddess.
Bits of plaster have fallen away revealing bricks underneath, a common enough sight in Jerusalem.	Bits of plaster have fallen away revealing bricks underneath, a common enough sight in Jerusalem.
The tiles are beautifully decorated, but of no consequence to you.	The tiles are beautifully decorated, but of no consequence to you.
It is a heavy wooden door framed by beautifully glazed tiles.	It is a heavy wooden door framed by beautifully glazed tiles.
She is nowhere in sight, if she is around here at all.	She is nowhere in sight, if she is around here at all.
I see no-one here with whom to speak.	I see no-one here with whom to speak.
It is already open.	It is already open.
Such poetic language will never get you through this door.	Such poetic language will never get you through this door.
A powerful enchantment keeps this door shut. It will not open unless the owner is ready to open it.	A powerful enchantment keeps this door shut. It will not open unless the owner is ready to open it.
Ahem...it IS closed.	Ahem...it IS closed.
First, you must confront her. Then we shall see what will be.	First, you must confront her. Then we shall see what will be.
You are alone in a hostile city. Do try to avoid rash and foolish actions.	You are alone in a hostile city. Do try to avoid rash and foolish actions.
There is no merchant here.	There is no merchant here.
It is too high.	It is too high.
Enter. Then we shall speak.	Enter. Then we shall speak.
I will not tolerate such filth.	I will not tolerate such filth.
I warned you once. Now you will never step across my threshold.	I warned you once. Now you will never step across my threshold.
Enter, if you would speak with me.	Enter, if you would speak with me.
What are you waiting for, Arthur? It is open.	What are you waiting for, Arthur? It is open.
There is no need. Fatima controls this door.	There is no need. Fatima controls this door.
There is no answer.	There is no answer.
Fatima has finished with you. She will not answer.	Fatima has finished with you. She will not answer.
You were warned. This door will never open for you again.	You were warned. This door will never open for you again.
Enter.	Enter.
You may try, but I do not think you will succeed.	You may try, but I do not think you will succeed.
I really think you are better off keeping your eyes on Fatima.	I really think you are better off keeping your eyes on Fatima.
This is no girl, Arthur!	This is no girl, Arthur!
I can tell you nothing.	I can tell you nothing.
Above you is an unadorned ceiling.	Above you is an unadorned ceiling.
Fatima awaits you upon the other side of a tiled pool. Water splashes from a bronze dolphin fountain. At the other end is a couch amply decorated with pillows. There is only one other door from the room.	Fatima awaits you upon the other side of a tiled pool. Water splashes from a bronze dolphin fountain. At the other end is a couch amply decorated with pillows. There is only one other door from the room.
Nothing has changed, except perhaps your level of caution.	Nothing has changed, except perhaps your level of caution.
There is no bench, but there is a couch.	There is no bench, but there is a couch.
There is the front door, through which you entered, and a side door which seems to be the only other exit.	There is the front door, through which you entered, and a side door which seems to be the only other exit.
That is the front door, through which you entered.	That is the front door, through which you entered.
That side door is the only other door in this room besides the front door.	That side door is the only other door in this room besides the front door.
It is a piece of dark slate with a painted edge.	It is a piece of dark slate with a painted edge.
The crescent over the side door is a lunar symbol associated with the Goddess.	The crescent over the side door is a lunar symbol associated with the Goddess.
It is a beautifully sculpted bronze dolphin.	It is a beautifully sculpted bronze dolphin.
I do not recognize her plants, but I doubt they are important.	I do not recognize her plants, but I doubt they are important.
The utterly clear water ripples in a most mesmerizing way.	The utterly clear water ripples in a most mesmerizing way.
The couch with its wealth of lush pillows suggests the pursuit of physical pleasures.	The couch with its wealth of lush pillows suggests the pursuit of physical pleasures.
Everything in this room, including Fatima, should be considered a possible trap.	Everything in this room, including Fatima, should be considered a possible trap.
Aye, you had best avoid it unless you have reason to think it is safe.	Aye, you had best avoid it unless you have reason to think it is safe.
It is paved with squares of terra cotta.	It is paved with squares of terra cotta.
The room has no windows. The alcoves are filled with tiles glazed with complex Arabian patterns.	The room has no windows. The alcoves are filled with tiles glazed with complex Arabian patterns.
The walls have arches and recessed tiled alcoves.	The walls have arches and recessed tiled alcoves.
The alcoves look primarily decorative, covered with brightly glazed, patterned tiles.	The alcoves look primarily decorative, covered with brightly glazed, patterned tiles.
The glazed tiles are bright and dazzle the eye.	The glazed tiles are bright and dazzle the eye.
Really, Arthur, that would be most unwise here.	Really, Arthur, that would be most unwise here.
It is good that you have returned for you have yet to pass the Test of Symbols.	It is good that you have returned for you have yet to pass the Test of Symbols.
Welcome back, seeker. You have learned a difficult lesson. There is but one way to walk through my outer door in safety and that is when I will it.	Welcome back, seeker. You have learned a difficult lesson. There is but one way to walk through my outer door in safety and that is when I will it.
She is so exquisite, that even I am moved by her beauty. And she is no ordinary woman. I feel a power here that rivals my own.	She is so exquisite, that even I am moved by her beauty. And she is no ordinary woman. I feel a power here that rivals my own.
You have earned the right to question me.  Ask of me what you will.	You have earned the right to question me.  Ask of me what you will.
When I want something of you, seeker, I will ask it.	When I want something of you, seeker, I will ask it.
I care not what amount of coin you have. I ask for the entire purse, be it empty or full, for the purse represents attachment to material wealth.	I care not what amount of coin you have. I ask for the entire purse, be it empty or full, for the purse represents attachment to material wealth.
What I have to offer you is greater than any sum of money.	What I have to offer you is greater than any sum of money.
Your lips will not reach that far.  And I do NOT advise getting closer.	Your lips will not reach that far.  And I do NOT advise getting closer.
By refusing my seductions, you have proven yourself to be a man of moral worth. But beware that you do not undo it all with a passing moment of weakness.	By refusing my seductions, you have proven yourself to be a man of moral worth. But beware that you do not undo it all with a passing moment of weakness.
You would look like a fool.	You would look like a fool.
For that, you must find the hierophant.	For that, you must find the hierophant.
I cannot see what good that would do you.	I cannot see what good that would do you.
There is no key to be gotten.	There is no key to be gotten.
There is but one way out, through the front door.	There is but one way out, through the front door.
Would you expect anyone to answer?	Would you expect anyone to answer?
You may leave by the front door at any time, though I advise you not to do so unless I give you my blessing. The inner door opens only at my command.	You may leave by the front door at any time, though I advise you not to do so unless I give you my blessing. The inner door opens only at my command.
You may leave by the front door at any time, though I advise you not to do so unless I give you my blessing. The inner door is open. The Test awaits you.	You may leave by the front door at any time, though I advise you not to do so unless I give you my blessing. The inner door is open. The Test awaits you.
It is good that you have brought this. Keep it close to you.	It is good that you have brought this. Keep it close to you.
I should think you have had more than your share of merchants this day.	I should think you have had more than your share of merchants this day.
No, do not eat it now. You may have need for it later.	No, do not eat it now. You may have need for it later.
My sacred waters are protected by a spell to keep them clean of any defilement, though I will allow you to drink of it.	My sacred waters are protected by a spell to keep them clean of any defilement, though I will allow you to drink of it.
My sacred waters are not for such mundane uses.	My sacred waters are not for such mundane uses.
Fatima's heady perfume and musky incense overwhelms your senses with sensual pleasure.	Fatima's heady perfume and musky incense overwhelms your senses with sensual pleasure.
You cannot draw your sword and if you turn to violence against me, I will punish you.	You cannot draw your sword and if you turn to violence against me, I will punish you.
You are far from the enchantress who gave you this sword and my power is supreme here. Your sword will not leave its scabbard in my presence.	You are far from the enchantress who gave you this sword and my power is supreme here. Your sword will not leave its scabbard in my presence.
Do not seek to lose the good favor you have won from me.	Do not seek to lose the good favor you have won from me.
Soon enough, my handsome one.	Soon enough, my handsome one.
Knowledge must be earned before it will be given.	Knowledge must be earned before it will be given.
You have passed my Test and are truly you are the most worthy of all men who have passed my door. Go with my blessings and find the hierophant.	You have passed my Test and are truly you are the most worthy of all men who have passed my door. Go with my blessings and find the hierophant.
Enter the door and take my test.	Enter the door and take my test.
You are acquainted with my front door.  This inner door leads to my Test of Symbols.	You are acquainted with my front door.  This inner door leads to my Test of Symbols.
If you persevere, you will find the Grail.  Now, you must seek out the hierophant and gain entrance to the catacombs, as did Galahad before you.	If you persevere, you will find the Grail.  Now, you must seek out the hierophant and gain entrance to the catacombs, as did Galahad before you.
You have trials of body, spirit and heart yet to face if you are to wrest the Cup of Regeneration from the Goddess and take it with you as the Grail.	You have trials of body, spirit and heart yet to face if you are to wrest the Cup of Regeneration from the Goddess and take it with you as the Grail.
From here, your path must lie through the deadly catacombs, as it did for the man who came here before you, the one called Galahad.	From here, your path must lie through the deadly catacombs, as it did for the man who came here before you, the one called Galahad.
But to walk safely in the catacombs, you must pass my Test of Symbols.	But to walk safely in the catacombs, you must pass my Test of Symbols.
He, too, resisted my seductions. I have learned from the hierophant that Galahad entered the catacombs to continue his search.	He, too, resisted my seductions. I have learned from the hierophant that Galahad entered the catacombs to continue his search.
But he did not pass the Test of Symbols that I placed before him, and so I fear he has suffered by entering the catacombs without the gift of the hierophant.	But he did not pass the Test of Symbols that I placed before him, and so I fear he has suffered by entering the catacombs without the gift of the hierophant.
I judge from your words that these men also sought the Grail. But I know them not. They have not come to me.	I judge from your words that these men also sought the Grail. But I know them not. They have not come to me.
Hezekiah's Aqueduct feeds the Pool of Siloam by bringing it waters from the Spring of Gihon, the same waters I draw upon for my own pool.	Hezekiah's Aqueduct feeds the Pool of Siloam by bringing it waters from the Spring of Gihon, the same waters I draw upon for my own pool.
The catacombs lie beneath the city. You must find the hierophant if you wish to enter them.	The catacombs lie beneath the city. You must find the hierophant if you wish to enter them.
The hierophant will guide you to the catacombs, when you are ready. But first I entreat you to pass my Test of Symbols.	The hierophant will guide you to the catacombs, when you are ready. But first I entreat you to pass my Test of Symbols.
Unless you pass this test, you will enter the catacombs without the gift of the hierophant.	Unless you pass this test, you will enter the catacombs without the gift of the hierophant.
Ancient he is, and he is wise, yet shunned by fools who fear his guise. 	Ancient he is, and he is wise, yet shunned by fools who fear his guise. 
You have seen the leprous beggar. Look to your own knowledge.	You have seen the leprous beggar. Look to your own knowledge.
The crescent above my inner door signifies that behind it lies the Test of Symbols.	The crescent above my inner door signifies that behind it lies the Test of Symbols.
You will learn about that from the hierophant, if ever you meet him.	You will learn about that from the hierophant, if ever you meet him.
She who I serve has infinite names. Yet in all times and in all places she is known by her three natures.	She who I serve has infinite names. Yet in all times and in all places she is known by her three natures.
As the White Virgin she renews and generates life, as the Red Mother she nurtures and protects life, as the Black Crone she is death and the forces of destruction.	As the White Virgin she renews and generates life, as the Red Mother she nurtures and protects life, as the Black Crone she is death and the forces of destruction.
You have three more Guardians to face.	You have three more Guardians to face.
Some questions are more worthy of my answers than others. This one is less worthy.	Some questions are more worthy of my answers than others. This one is less worthy.
You shall not move until my dance is through. No other words but a yes or a no will do.	You shall not move until my dance is through. No other words but a yes or a no will do.
O' handsome stranger from a distant land, this is my dance of love. I offer you pleasures such as you have never known.	O' handsome stranger from a distant land, this is my dance of love. I offer you pleasures such as you have never known.
I offer you my body and soul and sensual delights beyond imagining. In this enchanted place, we will take our endless fill of one another.	I offer you my body and soul and sensual delights beyond imagining. In this enchanted place, we will take our endless fill of one another.
I offer you the sweetest wine and the most succulent fruits and meats. I offer you complete freedom from all weariness and care.	I offer you the sweetest wine and the most succulent fruits and meats. I offer you complete freedom from all weariness and care.
Kiss me and I will give you forgetfulness and bliss in an earthly paradise. All the pains of your heart and soul will be cured.	Kiss me and I will give you forgetfulness and bliss in an earthly paradise. All the pains of your heart and soul will be cured.
Will you kiss me and be my cherished lover?	Will you kiss me and be my cherished lover?
Then if the delights of the flesh are not enough for you, I can offer more powerful gifts, for I serve the Goddess herself and I have drunk from her sacred cup.	Then if the delights of the flesh are not enough for you, I can offer more powerful gifts, for I serve the Goddess herself and I have drunk from her sacred cup.
Behold!  A vision of the Holy Grail!	Behold!  A vision of the Holy Grail!
I have the power to give you immortality! With but one kiss, you will become invincible. No man, woman or beast will ever overcome you.	I have the power to give you immortality! With but one kiss, you will become invincible. No man, woman or beast will ever overcome you.
You will stride the earth, powerful and invincible, for all time. Think of the deeds of valor you could perform! 	You will stride the earth, powerful and invincible, for all time. Think of the deeds of valor you could perform! 
Will you kiss me and become a god in human form?	Will you kiss me and become a god in human form?
Then I find you worthy, King Arthur, and will help you to find what you seek.	Then I find you worthy, King Arthur, and will help you to find what you seek.
Ask of me what you will.	Ask of me what you will.
The Street of David ends here against this sacred wall. A beggar sits, coaxing what warmth he can from a brazier filled with burning charcoal.	The Street of David ends here against this sacred wall. A beggar sits, coaxing what warmth he can from a brazier filled with burning charcoal.
Though this wall looks to be made of similar stone to the rest of Jerusalem, it is a remnant of a very ancient temple built by King David many hundreds of years ago and is held sacred by the Jewish people.	Though this wall looks to be made of similar stone to the rest of Jerusalem, it is a remnant of a very ancient temple built by King David many hundreds of years ago and is held sacred by the Jewish people.
What is this mindless violence that inflicts you? Even a leper has a right to live.	What is this mindless violence that inflicts you? Even a leper has a right to live.
Touch a man with leprosy? Do not be a fool!	Touch a man with leprosy? Do not be a fool!
That would be extraordinarily cruel, Arthur.	That would be extraordinarily cruel, Arthur.
A small pile of charcoal burns inside a simple bronze brazier.	A small pile of charcoal burns inside a simple bronze brazier.
The beggar is a pathetic sight for his limbs are rotting with the disease of leprosy.	The beggar is a pathetic sight for his limbs are rotting with the disease of leprosy.
The beggar holds a staff in one hand.	The beggar holds a staff in one hand.
A thousand blessings upon for bringing me this charcoal.	A thousand blessings upon for bringing me this charcoal.
At night, I suffer from the cold. I have only this brazier in which to burn charcoal, my only source of warmth. Men fear to come near me and I can no longer walk upon my rotted limbs.	At night, I suffer from the cold. I have only this brazier in which to burn charcoal, my only source of warmth. Men fear to come near me and I can no longer walk upon my rotted limbs.
I must rely upon the goodness of strangers, such as yourself, to bring me charcoal so I will not suffer in the night.	I must rely upon the goodness of strangers, such as yourself, to bring me charcoal so I will not suffer in the night.
A small bag of charcoal would be a gift greater than silver or gold to this poor leper.	A small bag of charcoal would be a gift greater than silver or gold to this poor leper.
Alms for a poor leper. Look upon the wretched with mercy. Alms for a poor leper.	Alms for a poor leper. Look upon the wretched with mercy. Alms for a poor leper.
Sa'alam aleikem, King Arthur. You have passed many trials, yet more Guardians of the Sacred Cup wait to test you.	Sa'alam aleikem, King Arthur. You have passed many trials, yet more Guardians of the Sacred Cup wait to test you.
Through the catacombs you must pass. Not long ago, the one called Galahad entered the catacombs and has not returned. If you are ready to follow him, ask of me "open the catacombs", and I will do so.	Through the catacombs you must pass. Not long ago, the one called Galahad entered the catacombs and has not returned. If you are ready to follow him, ask of me "open the catacombs", and I will do so.
I am the hierophant you seek, King Arthur. Though I may admit you to face the next Guardian of the Sacred Cup, you have not yet passed the Test of Symbols.	I am the hierophant you seek, King Arthur. Though I may admit you to face the next Guardian of the Sacred Cup, you have not yet passed the Test of Symbols.
Unless you do, you face almost certain death in the catacombs. This may be the fate of Galahad, who entered without heeding my warning. He has not been seen again.	Unless you do, you face almost certain death in the catacombs. This may be the fate of Galahad, who entered without heeding my warning. He has not been seen again.
Return to Fatima and complete the Test. But if you choose to ignore this warning, say to me "Open the catacombs" and I will let you pass.	Return to Fatima and complete the Test. But if you choose to ignore this warning, say to me "Open the catacombs" and I will let you pass.
You would ask a gift from a poor leprous beggar?	You would ask a gift from a poor leprous beggar?
Return to Fatima and pass the Test of Symbols, if you desire greater help from me.	Return to Fatima and pass the Test of Symbols, if you desire greater help from me.
Your reward for such a mean-spirited action would be to burn your hands.	Your reward for such a mean-spirited action would be to burn your hands.
Usually an alm can be money, though sometimes it may be some other gift. You must decide what would be best to give this beggar.	Usually an alm can be money, though sometimes it may be some other gift. You must decide what would be best to give this beggar.
Bless you! May you always walk the path of righteousness.	Bless you! May you always walk the path of righteousness.
Bless you, good sir, bless you!	Bless you, good sir, bless you!
May you be richly blessed for your kindness!	May you be richly blessed for your kindness!
Best to leave it to the beggar to decide when and how to burn the charcoal once you give it to him.	Best to leave it to the beggar to decide when and how to burn the charcoal once you give it to him.
Great is your charity, yet I would only ask for one thing -- a bag of charcoal.	Great is your charity, yet I would only ask for one thing -- a bag of charcoal.
I am content with what I have.	I am content with what I have.
I am but a poor, leprous beggar, not a merchant.	I am but a poor, leprous beggar, not a merchant.
It is not mine to give.	It is not mine to give.
There are many merchants in the bazaar who may help you, though they will not help me.	There are many merchants in the bazaar who may help you, though they will not help me.
My task it to guide you toward the Grail, nothing more.	My task it to guide you toward the Grail, nothing more.
What answer can you expect from a leprous beggar?	What answer can you expect from a leprous beggar?
He chose to enter the catacombs without passing the Test of Symbols. He has not been seen since.	He chose to enter the catacombs without passing the Test of Symbols. He has not been seen since.
If you ask me to open the catacombs, then I will tell you more. If you choose not to enter, there is no point in my telling you anything.	If you ask me to open the catacombs, then I will tell you more. If you choose not to enter, there is no point in my telling you anything.
Wisdom and knowledge must always be sought. With them you will be rewarded, but without them you will be doomed.	Wisdom and knowledge must always be sought. With them you will be rewarded, but without them you will be doomed.
She is extremely powerful for she has the highest favor of the goddess.	She is extremely powerful for she has the highest favor of the goddess.
Once in this city she was greatly worshipped under the name of Aphrodite. By that name still we call her.	Once in this city she was greatly worshipped under the name of Aphrodite. By that name still we call her.
Tamra serves Aphrodite, as do I.	Tamra serves Aphrodite, as do I.
I sit with by back to the north, my face to the south, half in shadow, half in light.	I sit with by back to the north, my face to the south, half in shadow, half in light.
Thanks to your generosity, the charcoal will keep me warm during the cold nights.	Thanks to your generosity, the charcoal will keep me warm during the cold nights.
The burning charcoal heats my brazier which in turn warms my poor diseased body.	The burning charcoal heats my brazier which in turn warms my poor diseased body.
My brazier needs charcoal to keep me warm during the cold nights.	My brazier needs charcoal to keep me warm during the cold nights.
It causes my body to rot, my fingers and toes to fall off. Do not come near me, I beg you.	It causes my body to rot, my fingers and toes to fall off. Do not come near me, I beg you.
I guard the way to the catacombs and admit only those who are found worthy.	I guard the way to the catacombs and admit only those who are found worthy.
No thief dares to rob from a leper.	No thief dares to rob from a leper.
Bless you a thousand times, good sir! May your charity win you a place in Paradise.	Bless you a thousand times, good sir! May your charity win you a place in Paradise.
Because you have passed the Test of Symbols, I will give you a gift that could save your life. Within the catacombs are cursed rats whose bite is poison.	Because you have passed the Test of Symbols, I will give you a gift that could save your life. Within the catacombs are cursed rats whose bite is poison.
One bite from these rats and you will die slowly. Even the slightest bite means certain death. If bitten again, the end comes more quickly and with great agony.	One bite from these rats and you will die slowly. Even the slightest bite means certain death. If bitten again, the end comes more quickly and with great agony.
Take this vial of elixir.	Take this vial of elixir.
As you wish it. Listen carefully. Within the catacombs are hordes of rats with a deadly poison in their bite. Once you are bitten, nothing can save you.	As you wish it. Listen carefully. Within the catacombs are hordes of rats with a deadly poison in their bite. Once you are bitten, nothing can save you.
If you are bitten, drink it and you will be cured. There is but one dosage, so waste it not.	If you are bitten, drink it and you will be cured. There is but one dosage, so waste it not.
Go now. There is no turning back.	Go now. There is no turning back.
The way is open. Go.	The way is open. Go.
There are three doorways.	There are three doorways.
There are two doorways, mummies, urns and symbols upon one wall.	There are two doorways, mummies, urns and symbols upon one wall.
There are two doorways, a mummy, urns and symbols upon one wall.	There are two doorways, a mummy, urns and symbols upon one wall.
There is a round copper medallion around the neck of what may be the mummy of a child.	There is a round copper medallion around the neck of what may be the mummy of a child.
There is nothing left but a pile of dust.	There is nothing left but a pile of dust.
The mummy in this niche is unremarkable.	The mummy in this niche is unremarkable.
The mummy beneath the pentacle is quite small and has a medallion hanging around its neck.	The mummy beneath the pentacle is quite small and has a medallion hanging around its neck.
The child's mummy has disintegrated, leaving only a pile of dust.	The child's mummy has disintegrated, leaving only a pile of dust.
Three of the walls are barren, but upon one wall there are two symbols painted.	Three of the walls are barren, but upon one wall there are two symbols painted.
Two of the niches hold mummies, and two smaller niches are empty.	Two of the niches hold mummies, and two smaller niches are empty.
One niche holds a mummy, and three others are empty.	One niche holds a mummy, and three others are empty.
One symbol is a pentacle. The other is a labarum.	One symbol is a pentacle. The other is a labarum.
The pentacle, apples and the Goddess are often associated together because if one cuts an apple open lengthwise, he can find a five-pointed star hidden within.	The pentacle, apples and the Goddess are often associated together because if one cuts an apple open lengthwise, he can find a five-pointed star hidden within.
It is the symbol of Mithras, so we might assume that Roman soldiers once used these catacombs.	It is the symbol of Mithras, so we might assume that Roman soldiers once used these catacombs.
There are a great many bones around, as might be expected in catacombs.	There are a great many bones around, as might be expected in catacombs.
The funereal urns within these sepulchers are designed to hold the ashes of the deceased, or their mummified organs.	The funereal urns within these sepulchers are designed to hold the ashes of the deceased, or their mummified organs.
It is round, made of copper as best I can tell, and seems to have engraving upon it, but it is heavily coated with dust which obscures it.	It is round, made of copper as best I can tell, and seems to have engraving upon it, but it is heavily coated with dust which obscures it.
I can tell you little about it until it can be clearly and closely seen.	I can tell you little about it until it can be clearly and closely seen.
It is engraved with a pentacle and is imbued with a warding spell.	It is engraved with a pentacle and is imbued with a warding spell.
The medallion hangs around your neck beneath your tunic.	The medallion hangs around your neck beneath your tunic.
There is no medallion here.	There is no medallion here.
Aye, but how, without risking a rat bite?	Aye, but how, without risking a rat bite?
But you already took it.	But you already took it.
The trick is how to lift the medallion without risking a poisonous rat bite.	The trick is how to lift the medallion without risking a poisonous rat bite.
What ARE you blathering about?	What ARE you blathering about?
It is painted upon the wall.	It is painted upon the wall.
It is too short and too blunt to do what you need.	It is too short and too blunt to do what you need.
Very clever, Arthur! You have safely taken possession of the medallion.	Very clever, Arthur! You have safely taken possession of the medallion.
Once more you are forced into a pitch black tunnel that leads in but one direction.	Once more you are forced into a pitch black tunnel that leads in but one direction.
It seems an eternity before the tunnel takes a turning and brings you to yet another hidden door.	It seems an eternity before the tunnel takes a turning and brings you to yet another hidden door.
Push harder, Arthur! Aye, it opens as did the other one and returns you to the catacombs.	Push harder, Arthur! Aye, it opens as did the other one and returns you to the catacombs.
There are three doorways, mummies, urns and some symbols.	There are three doorways, mummies, urns and some symbols.
Two walls contain niches of mummies and the two painted symbols. The other two walls are barren.	Two walls contain niches of mummies and the two painted symbols. The other two walls are barren.
Over one doorway is a small mushroom. Over the other doorway is the Gnostic symbol of the eight rayed sun.	Over one doorway is a small mushroom. Over the other doorway is the Gnostic symbol of the eight rayed sun.
It is simply a small mushroom painted over one doorway. There are many mushroom cults in the Far East.	It is simply a small mushroom painted over one doorway. There are many mushroom cults in the Far East.
To the Gnostics, the eight rayed sun represents the universe with the dome of heaven in the center.	To the Gnostics, the eight rayed sun represents the universe with the dome of heaven in the center.
Most of these mummies must be quite old, for they look dry and brittle, and smell of dust and decay.	Most of these mummies must be quite old, for they look dry and brittle, and smell of dust and decay.
This room now has three doors from which to choose.	This room now has three doors from which to choose.
Now that the secret entrance is shut, there remain two doorways to choose from. The entire wall through which you entered is covered with a mural.	Now that the secret entrance is shut, there remain two doorways to choose from. The entire wall through which you entered is covered with a mural.
The air is stale and musty. Everything around you is covered with the dust of centuries. The mummies in their niches are ancient, untouched for ages.	The air is stale and musty. Everything around you is covered with the dust of centuries. The mummies in their niches are ancient, untouched for ages.
Would that Galahad had left some sign to guide us. He may be trapped in this foul place. Let us pray he is still alive.	Would that Galahad had left some sign to guide us. He may be trapped in this foul place. Let us pray he is still alive.
But you must be extremely careful. I hear the skittering of the poisonous rats everywhere within the walls. Their evil eyes glint from behind and around the mummies. Avoid them at all costs!	But you must be extremely careful. I hear the skittering of the poisonous rats everywhere within the walls. Their evil eyes glint from behind and around the mummies. Avoid them at all costs!
I can tell you this much, when you came down the stairs from the bazaar, you were facing north. Therefore the wall with the mural is facing south.	I can tell you this much, when you came down the stairs from the bazaar, you were facing north. Therefore the wall with the mural is facing south.
There are two doorways from this room.	There are two doorways from this room.
There are now three doorways to choose from in this room. But the third one is not the same as the one through which you first entered.	There are now three doorways to choose from in this room. But the third one is not the same as the one through which you first entered.
The secret entrance closed behind you. Your task, it would seem, is to discover a way out of here.	The secret entrance closed behind you. Your task, it would seem, is to discover a way out of here.
Let us hope you will also discover some sign of Galahad.	Let us hope you will also discover some sign of Galahad.
The tunnel and door which led you here are now irrevocably closed. Your choices are before you.	The tunnel and door which led you here are now irrevocably closed. Your choices are before you.
It shows the death of Adonis, one of Aphrodite's lovers. The legend is written in the Liber ex Doctrina.	It shows the death of Adonis, one of Aphrodite's lovers. The legend is written in the Liber ex Doctrina.
Interestingly, there is also a tree filled with golden apples in this mural.	Interestingly, there is also a tree filled with golden apples in this mural.
To learn more about the legend of Adonis, as shown in this mural, consult your Liber ex Doctrina.	To learn more about the legend of Adonis, as shown in this mural, consult your Liber ex Doctrina.
The tree in the mural bears golden apples, a reminder of Aphrodite.	The tree in the mural bears golden apples, a reminder of Aphrodite.
There are colourful, but meaningless patterns painted upon one of the doorways.	There are colourful, but meaningless patterns painted upon one of the doorways.
He also would have entered here. Indeed, the dust on the floor looked a bit disturbed, but not enough to show which way he went.	He also would have entered here. Indeed, the dust on the floor looked a bit disturbed, but not enough to show which way he went.
That door closed securely behind you, leaving no trace that it was ever there.	That door closed securely behind you, leaving no trace that it was ever there.
You cannot. A more powerful will than yours commands these doors.	You cannot. A more powerful will than yours commands these doors.
As before, the hidden door shuts as though it had never been there.	As before, the hidden door shuts as though it had never been there.
Nay, you have chosen wrongly! The door has shut behind you, trapping you within a pitch black hole scarcely larger than a coffin.	Nay, you have chosen wrongly! The door has shut behind you, trapping you within a pitch black hole scarcely larger than a coffin.
And a stone coffin it is, for here you shall die all too soon. Farewell, King Arthur.	And a stone coffin it is, for here you shall die all too soon. Farewell, King Arthur.
There is nothing worth seeing there.	There is nothing worth seeing there.
Galahad's body lies upon the bier in what is now his own tomb as well.	Galahad's body lies upon the bier in what is now his own tomb as well.
Galahad lies upon a bier within this chamber, surrounded by those long dead.	Galahad lies upon a bier within this chamber, surrounded by those long dead.
He is in a healing trance	He is in a healing trance
He is still alive, but deep in a fevered coma. He has been bitten and could die at any moment.	He is still alive, but deep in a fevered coma. He has been bitten and could die at any moment.
Galahad has died because you failed to save him, though you had the means. His death is a black stain upon your soul.	Galahad has died because you failed to save him, though you had the means. His death is a black stain upon your soul.
Galahad is dead. Had you heeded the warnings of Fatima and the heirophant, this may have been averted.	Galahad is dead. Had you heeded the warnings of Fatima and the heirophant, this may have been averted.
The low stone bier is covered by an old lion skin.	The low stone bier is covered by an old lion skin.
Galahad's shield rests where he dropped it at the foot of the bier.	Galahad's shield rests where he dropped it at the foot of the bier.
It is Galahad's sword.	It is Galahad's sword.
I do not know what gift Galahad wanted you to bring to Aphrodite, nor how you would do this. You will have to search for the answer to this riddle yourself.	I do not know what gift Galahad wanted you to bring to Aphrodite, nor how you would do this. You will have to search for the answer to this riddle yourself.
I do not know what "gift" you mean.	I do not know what "gift" you mean.
He will not answer. He is dead.	He will not answer. He is dead.
He is in a healing trance and cannot answer.	He is in a healing trance and cannot answer.
He is in no condition to answer you.	He is in no condition to answer you.
You have Excaliber. It is the only weapon you need.	You have Excaliber. It is the only weapon you need.
You have your own fine shield. It would be absurd to carry two.	You have your own fine shield. It would be absurd to carry two.
It is made of stone and not going anywhere.	It is made of stone and not going anywhere.
It is old and deteriorating and of no use to you.	It is old and deteriorating and of no use to you.
As the hierophant warned you, there is only enough for one use.	As the hierophant warned you, there is only enough for one use.
If only you had not been such a fool and done as Fatima and the hierophant advised. Galahad is dead and you must bear the responsibility.	If only you had not been such a fool and done as Fatima and the hierophant advised. Galahad is dead and you must bear the responsibility.
It is too late. Had you acted in time, he would have lived. His death weighs heavily upon your soul.	It is too late. Had you acted in time, he would have lived. His death weighs heavily upon your soul.
This will serve as his tomb. Let him lie.	This will serve as his tomb. Let him lie.
He is just as well off here as anywhere. Better not to move him.	He is just as well off here as anywhere. Better not to move him.
All hope is gone. Galahad is dead.	All hope is gone. Galahad is dead.
You have the means to save his life, if you have the courage to make the sacrifice.	You have the means to save his life, if you have the courage to make the sacrifice.
Galahad will live and revive eventually. Now you must go on. Your own life is at stake.	Galahad will live and revive eventually. Now you must go on. Your own life is at stake.
Alas, if you had but heeded the warnings of Fatima and the hierophant, perhaps you would have had a chance.	Alas, if you had but heeded the warnings of Fatima and the hierophant, perhaps you would have had a chance.
The rat's poison must be affecting your mind. You are babbling nonsense.	The rat's poison must be affecting your mind. You are babbling nonsense.
That is utter madness, to even think such a thing.	That is utter madness, to even think such a thing.
Ahem...do try to restrain yourself.	Ahem...do try to restrain yourself.
The elixir burns like fire through your veins. You are healed. The poison is gone, but at the cost of Galahad's life.	The elixir burns like fire through your veins. You are healed. The poison is gone, but at the cost of Galahad's life.
Wait! Here lies Sir Galahad, purest of your knights. He has also been bitten and is at death's very door.	Wait! Here lies Sir Galahad, purest of your knights. He has also been bitten and is at death's very door.
If you do not give him the elixir, he will die. He could die at any moment! A terrible choice is before you.	If you do not give him the elixir, he will die. He could die at any moment! A terrible choice is before you.
If you drink the elixir, you let Galahad die. If you give Galahad the elixir, your one chance is to find the Grail before your own time runs out.	If you drink the elixir, you let Galahad die. If you give Galahad the elixir, your one chance is to find the Grail before your own time runs out.
Only the healing powers of the Grail may be able to save you. If not, at least Galahad would remain alive to carry on the mission.	Only the healing powers of the Grail may be able to save you. If not, at least Galahad would remain alive to carry on the mission.
He is in a healing trance, unable to hear, speak or move.	He is in a healing trance, unable to hear, speak or move.
He cannot use it now. You had best keep it.	He cannot use it now. You had best keep it.
He is unable to eat it and you may yet have need of it.	He is unable to eat it and you may yet have need of it.
I would not part with it just yet. You may well need it.	I would not part with it just yet. You may well need it.
That would not help him.	That would not help him.
Truly, you are noble. But you must make the clear the nature of the sacrifice you intend.	Truly, you are noble. But you must make the clear the nature of the sacrifice you intend.
Arthur....my king. I knew....you would....come.	Arthur....my king. I knew....you would....come.
Only way out....the gift....for Aphrodite....you must....bring her....bring her the.....	Only way out....the gift....for Aphrodite....you must....bring her....bring her the.....
He has lapsed into a healing coma. By the time he is healed, you will be dead of the rat's poison.	He has lapsed into a healing coma. By the time he is healed, you will be dead of the rat's poison.
You have but one chance--to find the Grail! Only its healing powers may yet save you....if you can find it in time.	You have but one chance--to find the Grail! Only its healing powers may yet save you....if you can find it in time.
Do not despair or regret your choice. You have done the good and noble deed and saved Galahad, who served you so faithfully.	Do not despair or regret your choice. You have done the good and noble deed and saved Galahad, who served you so faithfully.
Alas! A rat has bitten you! There was nothing you could do to avoid it.	Alas! A rat has bitten you! There was nothing you could do to avoid it.
The hierophant warned that even one bite was lethal and death inevitable, though it may be slow in coming.	The hierophant warned that even one bite was lethal and death inevitable, though it may be slow in coming.
And it appears that Galahad has fallen prey to the rats, for there he lies upon a bier, unaware even of your presence.	And it appears that Galahad has fallen prey to the rats, for there he lies upon a bier, unaware even of your presence.
Nay, you chose wrongly! Now you are trapped within this room. By the time Galahad recovers, he will find you dead.	Nay, you chose wrongly! Now you are trapped within this room. By the time Galahad recovers, he will find you dead.
I cannot bear to remain and watch. At least you die knowing that Galahad will live to carry on the mission, for the Goddess has sworn to release him. Farewell, Arthur.	I cannot bear to remain and watch. At least you die knowing that Galahad will live to carry on the mission, for the Goddess has sworn to release him. Farewell, Arthur.
Never have I felt such contempt for you as I do at this moment. You have chosen your own life over that of Galahad and now he is dead.	Never have I felt such contempt for you as I do at this moment. You have chosen your own life over that of Galahad and now he is dead.
The elixir burns through your body, purging the poison. You are healed in body, but your soul is forever tainted.	The elixir burns through your body, purging the poison. You are healed in body, but your soul is forever tainted.
Galahad is dead. You have failed to save one of your greatest and purest knights. This is a grievous failure on your part.	Galahad is dead. You have failed to save one of your greatest and purest knights. This is a grievous failure on your part.
Arthur, Galahad grows much worse! I fear he is about to die!	Arthur, Galahad grows much worse! I fear he is about to die!
Do not go too close, Arthur, I beg you! a ghoul is not to be trusted.	Do not go too close, Arthur, I beg you! a ghoul is not to be trusted.
You will learn nothing from this long-dead fiend in the sarcophagus.	You will learn nothing from this long-dead fiend in the sarcophagus.
Below the pentacle are carved these words...	Below the pentacle are carved these words...
Cursed is the priest who lies here. He betrayed the Goddess and stole her treasures. Sacred objects of gold he has stolen.	Cursed is the priest who lies here. He betrayed the Goddess and stole her treasures. Sacred objects of gold he has stolen.
By the sign of the pentacle, he is imprisoned. The star of the Goddess rules him. Take heed, you who read these words of warning.	By the sign of the pentacle, he is imprisoned. The star of the Goddess rules him. Take heed, you who read these words of warning.
The light is too dim to make out the inscription from here.	The light is too dim to make out the inscription from here.
The lid of the sarcophagus is closed.	The lid of the sarcophagus is closed.
You cannot look inside it from here and I do not advise getting closer.	You cannot look inside it from here and I do not advise getting closer.
That is quite impossible. It is solid stone.	That is quite impossible. It is solid stone.
There is nothing upon the other side of the sarcophagus but a blank wall.	There is nothing upon the other side of the sarcophagus but a blank wall.
There are three doorways and colorful patterns upon the walls. There are no mummies or funeral urns here, only the one large, stone sarcophagus.	There are three doorways and colorful patterns upon the walls. There are no mummies or funeral urns here, only the one large, stone sarcophagus.
What ARE you babbling about?	What ARE you babbling about?
Nay, Arthur! Let your curiosity rest. Draw no closer, I beg you!	Nay, Arthur! Let your curiosity rest. Draw no closer, I beg you!
It crouches in the dark end of the sarcophagus, gibbering, grinding its hideous teeth and smelling of putrefaction, a vile and demented creature.	It crouches in the dark end of the sarcophagus, gibbering, grinding its hideous teeth and smelling of putrefaction, a vile and demented creature.
Whatever its origins, it is clearly evil and hungers for that which is still alive.	Whatever its origins, it is clearly evil and hungers for that which is still alive.
It is solid stone, carved with geometric designs on the sides. There is something different upon the lid, however.	It is solid stone, carved with geometric designs on the sides. There is something different upon the lid, however.
There is a pentacle carved upon it and an inscription in Latin below that.	There is a pentacle carved upon it and an inscription in Latin below that.
The light is too dim to make it out from here.	The light is too dim to make it out from here.
It is the five-pointed star or pentacle that is associated with the Goddess.	It is the five-pointed star or pentacle that is associated with the Goddess.
And because it is formed of one unbroken line, it is used to keep out harmful spirits. Or to lock them in.	And because it is formed of one unbroken line, it is used to keep out harmful spirits. Or to lock them in.
There are many colourful geometric patterns painted upon the walls and doorways.	There are many colourful geometric patterns painted upon the walls and doorways.
One wall has geometric designs painted upon it and a pentacle over one door. The other three walls are barren.	One wall has geometric designs painted upon it and a pentacle over one door. The other three walls are barren.
It is...well, frankly, Arthur, I do not know what it is. I do not know EVERYTHING.	It is...well, frankly, Arthur, I do not know what it is. I do not know EVERYTHING.
There are some support beams sticking out of the wall over one door.	There are some support beams sticking out of the wall over one door.
The lid is under the control of the Thing inside. I guarantee you could not move it.	The lid is under the control of the Thing inside. I guarantee you could not move it.
It IS shut.	It IS shut.
The stone lid is heavy and undoubtedly better left in place.	The stone lid is heavy and undoubtedly better left in place.
The thing in the sarcophagus wants nothing further to do with you, fortunately.	The thing in the sarcophagus wants nothing further to do with you, fortunately.
Merely possessing the medallion is protection enough. The fiend will know it is there.	Merely possessing the medallion is protection enough. The fiend will know it is there.
It is more likely to get you, were you to attempt such folly.	It is more likely to get you, were you to attempt such folly.
The sarcophagus is closed.	The sarcophagus is closed.
If what you seek is in the sarcophagus, it is guarded by the Thing.	If what you seek is in the sarcophagus, it is guarded by the Thing.
There was but one and you took it.	There was but one and you took it.
Impractical, not to mention impossible.	Impractical, not to mention impossible.
You cannot kill that which is already dead.	You cannot kill that which is already dead.
Yes, come closer. I will show you my golden treasure. Do not be afraid.	Yes, come closer. I will show you my golden treasure. Do not be afraid.
I wish only to smell more of your warm blood, to hear the rhythm of living breath in your lungs. That is all. Come closer.	I wish only to smell more of your warm blood, to hear the rhythm of living breath in your lungs. That is all. Come closer.
Sssssst! Begone! The accursed Goddess protects you. Begone! 	Sssssst! Begone! The accursed Goddess protects you. Begone! 
Your source of protection? Are you mad!?	Your source of protection? Are you mad!?
How could I have raised you to be such a fool?	How could I have raised you to be such a fool?
Arthur, do not tempt fate by trifling with this ghoul.	Arthur, do not tempt fate by trifling with this ghoul.
There is nothing left to get.	There is nothing left to get.
The Thing drank it then ate the glass vial.	The Thing drank it then ate the glass vial.
Without the medallion around your neck, you are no longer protected from the Thing. You were a fool to part with it.	Without the medallion around your neck, you are no longer protected from the Thing. You were a fool to part with it.
Screeeeeaaaagh! The accursed pentacle!	Screeeeeaaaagh! The accursed pentacle!
The Thing has retreated from the warding spell of the medallion. There is a glint of gold at this end of the sarcophagus.	The Thing has retreated from the warding spell of the medallion. There is a glint of gold at this end of the sarcophagus.
I believe....aye, it is a golden apple.	I believe....aye, it is a golden apple.
An apple of solid gold! I wonder how often the fiend has used it as a lure.	An apple of solid gold! I wonder how often the fiend has used it as a lure.
Hang onto it this time, Arthur.	Hang onto it this time, Arthur.
Alas, curiosity killed the King. Even the worms will go hungry by the time the ghoul is finished with you.	Alas, curiosity killed the King. Even the worms will go hungry by the time the ghoul is finished with you.
I smell warm blood and live flesh. Come closer. I have golden treasure. Come closer and see.	I smell warm blood and live flesh. Come closer. I have golden treasure. Come closer and see.
The sound of the Thing gnashing at your apple is truly revolting. And what a waste of the Seeress' gift!	The sound of the Thing gnashing at your apple is truly revolting. And what a waste of the Seeress' gift!
The Thing devours the elixir, vial and all. That was truly a foolilsh move. It does the creature no good, but leaves you with no protection from rat bite.	The Thing devours the elixir, vial and all. That was truly a foolilsh move. It does the creature no good, but leaves you with no protection from rat bite.
I cannot imagine what possessed you to do such a mindless thing.	I cannot imagine what possessed you to do such a mindless thing.
From the sound of the ghoul's gnashing teeth, I would say it enjoyed even that old bone. Imagine how much more he would enjoy your own, fresh bones.	From the sound of the ghoul's gnashing teeth, I would say it enjoyed even that old bone. Imagine how much more he would enjoy your own, fresh bones.
The Thing in the sarcophagus wants nothing further to do with you, fortunately.	The Thing in the sarcophagus wants nothing further to do with you, fortunately.
The stairs lead upward.	The stairs lead upward.
There are two doorways to this room.	There are two doorways to this room.
A mural covers one entire wall. There are two doorways, mummies and painted designs, including many spirals.	A mural covers one entire wall. There are two doorways, mummies and painted designs, including many spirals.
There are lunar and solar spirals here. A solar spiral goes in the sunwise direction. Sunwise is the direction that the shadow of the sun moves around a sundial.	There are lunar and solar spirals here. A solar spiral goes in the sunwise direction. Sunwise is the direction that the shadow of the sun moves around a sundial.
A lunar spiral moves to the left, in the opposite or counter-sunwise direction.	A lunar spiral moves to the left, in the opposite or counter-sunwise direction.
Solar spirals are signs of a God, while lunar spirals are signs of a Goddess.	Solar spirals are signs of a God, while lunar spirals are signs of a Goddess.
This mural shows the death of Hippolytus, as brought about by Aphrodite. The full story is told in your Liber ex Doctrina.	This mural shows the death of Hippolytus, as brought about by Aphrodite. The full story is told in your Liber ex Doctrina.
This poor warrior had his head split in two.   He must have lain there for centuries. We shall never know his story.	This poor warrior had his head split in two.   He must have lain there for centuries. We shall never know his story.
The skeletons of the mummies remain well wrapped.	The skeletons of the mummies remain well wrapped.
It was split in half by some powerful blow from a large sword. A helmet would have saved him.	It was split in half by some powerful blow from a large sword. A helmet would have saved him.
All the skulls in this room are well-wrapped... which is sometimes more than I can say for yours.	All the skulls in this room are well-wrapped... which is sometimes more than I can say for yours.
To learn more about what the mural shows, read the Liber ex Doctrina.	To learn more about what the mural shows, read the Liber ex Doctrina.
It is quite old, but intact, though not as good as what you have.	It is quite old, but intact, though not as good as what you have.
The only armour here is upon your person.	The only armour here is upon your person.
A secret exit has opened in the mural. This is now the only way out.	A secret exit has opened in the mural. This is now the only way out.
One wall is covered with the mural, with four spirals in the corners. There are more spirals upon another wall, and some geometric designs on the other doorway.	One wall is covered with the mural, with four spirals in the corners. There are more spirals upon another wall, and some geometric designs on the other doorway.
Other than the spirals and mural, the other decorations are simply painted geometric designs.	Other than the spirals and mural, the other decorations are simply painted geometric designs.
The way is open. Surely the end of your mission draws nigh.	The way is open. Surely the end of your mission draws nigh.
Nay, let it lie undisturbed any further. The way is open. Press onward.	Nay, let it lie undisturbed any further. The way is open. Press onward.
It is old and far inferior to your own.	It is old and far inferior to your own.
The tunnel has brought you to this room. In the wall behind you, the hidden door seals. You cannot even see where it was.	The tunnel has brought you to this room. In the wall behind you, the hidden door seals. You cannot even see where it was.
Heavy stone doors have sealed the room! Has the Goddess trapped you or---nay. Look!	Heavy stone doors have sealed the room! Has the Goddess trapped you or---nay. Look!
Secret stairs leading upward have been revealed....along with the skeleton of a warrior.	Secret stairs leading upward have been revealed....along with the skeleton of a warrior.
You should not be trapped in 73	You should not be trapped in 73
This room is smaller and more barren, except for the mural upon one wall. The opposite wall has partially collapsed. There are no mummies or urns here.	This room is smaller and more barren, except for the mural upon one wall. The opposite wall has partially collapsed. There are no mummies or urns here.
It shows the story of Pygmalion, which is written in your Liber ex Doctrina. This version is rather fancifully embellished with doves and piping satyrs.	It shows the story of Pygmalion, which is written in your Liber ex Doctrina. This version is rather fancifully embellished with doves and piping satyrs.
Except for the one mural, the other walls are bare. Part of the wall opposite the mural has crumbled away.	Except for the one mural, the other walls are bare. Part of the wall opposite the mural has crumbled away.
I suppose the satyr figures in the mural represent the nature god, Pan, playing upon his pipes.	I suppose the satyr figures in the mural represent the nature god, Pan, playing upon his pipes.
There are doves shown in the mural, representing the power of Aphrodite.	There are doves shown in the mural, representing the power of Aphrodite.
The stone dove you now carry is much like the doves painted in the mural.	The stone dove you now carry is much like the doves painted in the mural.
It is merely a decorative element in the mural.	It is merely a decorative element in the mural.
To learn more of this legend, read the Liber ex Doctrina.	To learn more of this legend, read the Liber ex Doctrina.
There is an inverted cross above one door. The Christians call it St. Peter's Cross, for they believe the apostle Peter was crucified upside-down.	There is an inverted cross above one door. The Christians call it St. Peter's Cross, for they believe the apostle Peter was crucified upside-down.
There are some geometric designs painted in one doorway.	There are some geometric designs painted in one doorway.
There is nothing there.	There is nothing there.
Behind and to each side of the statue, hidden doors have opened.	Behind and to each side of the statue, hidden doors have opened.
It is utterly empty except for a statue of Aphrodite.	It is utterly empty except for a statue of Aphrodite.
This room holds only the statue of Aphrodite and now has a total of four doors from which to choose.	This room holds only the statue of Aphrodite and now has a total of four doors from which to choose.
There is a stone statue of Aphrodite in the center of the room. Upon one hand rests a carved dove, but the other hand, though held out with palm open, is empty.	There is a stone statue of Aphrodite in the center of the room. Upon one hand rests a carved dove, but the other hand, though held out with palm open, is empty.
The statue of Aphrodite now holds the apple which has turned to stone in its hand.	The statue of Aphrodite now holds the apple which has turned to stone in its hand.
The walls are completely blank.	The walls are completely blank.
What seemed to be blank walls have revealed three hidden doors.	What seemed to be blank walls have revealed three hidden doors.
Only half of the doorway into the room is left for part of the wall has crumbled away.	Only half of the doorway into the room is left for part of the wall has crumbled away.
With the exception of the doorway through which you entered, the other doorways are utterly black inside and it is impossible to tell what might lie within.	With the exception of the doorway through which you entered, the other doorways are utterly black inside and it is impossible to tell what might lie within.
I cannot imagine why you think the Goddess herself would answer you.	I cannot imagine why you think the Goddess herself would answer you.
The statue shows no sign of answering.	The statue shows no sign of answering.
The statue of Aphrodite has a dove upon her hand. Doves are considered one of her fertility symbols.	The statue of Aphrodite has a dove upon her hand. Doves are considered one of her fertility symbols.
The statue's instructions were to use the dove after you had proven yourself with sword and shield.	The statue's instructions were to use the dove after you had proven yourself with sword and shield.
I shall attempt to recall the directions: six doors must be entered in this order: west, east, south, east, south, north.	I shall attempt to recall the directions: six doors must be entered in this order: west, east, south, east, south, north.
It encompasses all things that are considered plants.	It encompasses all things that are considered plants.
It refers to anything that is an animal.	It refers to anything that is an animal.
In this place, it would not surprise me to hear a statue talk, but this one shows no interest in speech as yet.	In this place, it would not surprise me to hear a statue talk, but this one shows no interest in speech as yet.
You have passed this test and the statue is silent.	You have passed this test and the statue is silent.
You are not making sense, Arthur.	You are not making sense, Arthur.
It has turned to stone and become part of the statue.	It has turned to stone and become part of the statue.
It is part of the statue.	It is part of the statue.
What nonsense is this? You were given the dove.	What nonsense is this? You were given the dove.
That is quite beyond your ability.	That is quite beyond your ability.
You have given the statue the only apple it required.	You have given the statue the only apple it required.
You have both a green apple and a golden apple.	You have both a green apple and a golden apple.
The apple fit perfectly in the statue's hand, but caused nothing to happen.	The apple fit perfectly in the statue's hand, but caused nothing to happen.
You have brought the gift by which I am made complete. For this, I will tell you what you must do to escape the catacombs.	You have brought the gift by which I am made complete. For this, I will tell you what you must do to escape the catacombs.
First, be warned. From this moment on, every door within the catacombs is a possible trap. If you leave the safety of this room too soon, you may be trapped forever within a tomb.	First, be warned. From this moment on, every door within the catacombs is a possible trap. If you leave the safety of this room too soon, you may be trapped forever within a tomb.
It is Aphrodite's will that you should know something of her history. I will pose you six questions to test your knowledge of her.	It is Aphrodite's will that you should know something of her history. I will pose you six questions to test your knowledge of her.
Each question requires but one word in answer. When you have answered all six, I shall reveal to you how you may escape the catacombs.	Each question requires but one word in answer. When you have answered all six, I shall reveal to you how you may escape the catacombs.
As for the sacred cup, it lies beyond the catacombs. You will not find it here. The test now begins.	As for the sacred cup, it lies beyond the catacombs. You will not find it here. The test now begins.
That is not the answer. The test continues.	That is not the answer. The test continues.
The answer requires but a single word. The test continues.	The answer requires but a single word. The test continues.
That is the answer. The test continues.	That is the answer. The test continues.
You have given the six answers I require and earned your chance at freedom. First, accept this gift.	You have given the six answers I require and earned your chance at freedom. First, accept this gift.
When you have proven yourself by sword and shield, the time will be right to use the dove.	When you have proven yourself by sword and shield, the time will be right to use the dove.
To escape from the catacombs, you must enter six doors exactly as I tell you. If you choose a door that is wrong, you will find yourself trapped forever.	To escape from the catacombs, you must enter six doors exactly as I tell you. If you choose a door that is wrong, you will find yourself trapped forever.
You begin here by choosing the first door you must enter.	You begin here by choosing the first door you must enter.
The doors you choose must face the direction I give you and you must ENTER them in exactly this order....	The doors you choose must face the direction I give you and you must ENTER them in exactly this order....
West, east, south, east, south, north.	West, east, south, east, south, north.
Have no fear for Galahad. When he is healed, I shall set him free. You have earned that boon.	Have no fear for Galahad. When he is healed, I shall set him free. You have earned that boon.
I shall not speak again. Your escape relies now upon your own ingenuity.	I shall not speak again. Your escape relies now upon your own ingenuity.
You are enclosed in a narrow tunnel within the wall. Inch forward carefully and test the floor as you go.	You are enclosed in a narrow tunnel within the wall. Inch forward carefully and test the floor as you go.
It takes you in one direction. Let us hope you find an exit soon, for it is as cold as the grave and the stone walls covered with something slick and unpleasant.	It takes you in one direction. Let us hope you find an exit soon, for it is as cold as the grave and the stone walls covered with something slick and unpleasant.
The tunnel stops at a wall. Push, Arthur! Aye, it gives way into one of the rooms of the catacombs through a hidden doorway.	The tunnel stops at a wall. Push, Arthur! Aye, it gives way into one of the rooms of the catacombs through a hidden doorway.
Catch him, Arthur! He must not escape!	Catch him, Arthur! He must not escape!
Hurry! You must not let him out of your sight for an instant!	Hurry! You must not let him out of your sight for an instant!
You will never see it again unless you catch that Thief!	You will never see it again unless you catch that Thief!
Arthur, nothing else matters except that you catch that thief and retrieve the Grail at once!	Arthur, nothing else matters except that you catch that thief and retrieve the Grail at once!
First, you must catch him!	First, you must catch him!
Do not stand there then! Chase him!	Do not stand there then! Chase him!
First you must catch him and quickly!	First you must catch him and quickly!
Aye, you must, but only if you catch the Thief!	Aye, you must, but only if you catch the Thief!
First catch the Thief, then decide how to deal with him.	First catch the Thief, then decide how to deal with him.
I can hardly blame you for being upset, but it will take more than foul language to catch the thief.	I can hardly blame you for being upset, but it will take more than foul language to catch the thief.
Each broken pillar looks much the same as its neighbor. You must find the right one by your wits.	Each broken pillar looks much the same as its neighbor. You must find the right one by your wits.
The elegant marble pillars which once held a roof have all been broken and thrown down, the work of those who would destroy the worship of Aphrodite.	The elegant marble pillars which once held a roof have all been broken and thrown down, the work of those who would destroy the worship of Aphrodite.
They are common weeds, of no interest.	They are common weeds, of no interest.
The round pedestal in the center of the temple's ruins must have once held an altar or statue, but is empty now.	The round pedestal in the center of the temple's ruins must have once held an altar or statue, but is empty now.
The walls which encompass these ruins have deliberately been build without windows or doors, to enclose and hide this ruin.	The walls which encompass these ruins have deliberately been build without windows or doors, to enclose and hide this ruin.
It closed solidly behind you. Only the Goddess herself could reopen it.	It closed solidly behind you. Only the Goddess herself could reopen it.
The stairs bring you to the surface and into blessed light and fresh air.	The stairs bring you to the surface and into blessed light and fresh air.
Around you is the ruin of a circular temple. Once there was a famous Temple of Aphrodite in Jerusalem. Perhaps this was it.	Around you is the ruin of a circular temple. Once there was a famous Temple of Aphrodite in Jerusalem. Perhaps this was it.
The marble stones are ancient and weather-worn. The marble pillars are toppled and an empty round pedestal in the middle may have once held a statue or altar.	The marble stones are ancient and weather-worn. The marble pillars are toppled and an empty round pedestal in the middle may have once held a statue or altar.
Walls without doors or windows have been built entirely around the temple, right up to the very edge of the ruins.	Walls without doors or windows have been built entirely around the temple, right up to the very edge of the ruins.
The indentation once held a pillar.	The indentation once held a pillar.
The spiral carved into the threshold is lunar. That is, it turns to the left and denotes feminine power and influence.	The spiral carved into the threshold is lunar. That is, it turns to the left and denotes feminine power and influence.
The steps lead down into a narrow alley.	The steps lead down into a narrow alley.
The Thief ran this way. Catch him!	The Thief ran this way. Catch him!
Stop babbling and catch the Thief!	Stop babbling and catch the Thief!
He is dead, you fool! Catch the Thief!	He is dead, you fool! Catch the Thief!
She is gone, you fool! Catch the thief!	She is gone, you fool! Catch the thief!
Forget that! Catch the Thief!	Forget that! Catch the Thief!
The alley is bounded by tall buildings without windows or doors. It takes a sharp turn not far from the Temple stairs.	The alley is bounded by tall buildings without windows or doors. It takes a sharp turn not far from the Temple stairs.
Just around the bend in the alley, there is a tiny grate in the bottom of the wall. Otherwise, there seem to be no windows or doors in these walls.	Just around the bend in the alley, there is a tiny grate in the bottom of the wall. Otherwise, there seem to be no windows or doors in these walls.
The fallen pillars are too heavy to look under.	The fallen pillars are too heavy to look under.
Why do you waste time here? The Temple awaits you but a few steps away.	Why do you waste time here? The Temple awaits you but a few steps away.
This appears to be the only way in or out of the Temple.	This appears to be the only way in or out of the Temple.
They are the fallen marble pillars that once formed the Temple of Aphrodite.	They are the fallen marble pillars that once formed the Temple of Aphrodite.
There is none here.	There is none here.
There is a tiny grate or barred opening of some sort at the base of this wall.	There is a tiny grate or barred opening of some sort at the base of this wall.
There are a few trees rising above the high walls that encircle the Temple.	There are a few trees rising above the high walls that encircle the Temple.
A few roofs can be glimpsed in the distance, for all the good it does you.	A few roofs can be glimpsed in the distance, for all the good it does you.
The stairs and only entrance to the Temple face the alley where once they must have faced a major street.	The stairs and only entrance to the Temple face the alley where once they must have faced a major street.
It is one of the walls which enclose the temple.	It is one of the walls which enclose the temple.
Aye, that IS your mission. Do get on with it.	Aye, that IS your mission. Do get on with it.
He grovels before you, pleading for mercy. You have two choices--take up the Grail and show him mercy, or draw your sword and strike him down.	He grovels before you, pleading for mercy. You have two choices--take up the Grail and show him mercy, or draw your sword and strike him down.
She is no longer concerned with these affairs. You must decide whether or not to show mercy to this man.	She is no longer concerned with these affairs. You must decide whether or not to show mercy to this man.
The Thief offers it to you. You must decide whether to slay him, or take it and show him mercy.	The Thief offers it to you. You must decide whether to slay him, or take it and show him mercy.
Arthur, this man is begging for mercy. You must deal with him. Nothing else matters.	Arthur, this man is begging for mercy. You must deal with him. Nothing else matters.
Are you blind? He grovels in front of you.	Are you blind? He grovels in front of you.
He deserves nothing from you except possibly your mercy. Either take the Grail or slay him.	He deserves nothing from you except possibly your mercy. Either take the Grail or slay him.
Do not be absurd. Either take the Grail and show him mercy, or draw your sword and slay him.	Do not be absurd. Either take the Grail and show him mercy, or draw your sword and slay him.
The alley ends here, going nowhere. All the other walls around you are featureless.	The alley ends here, going nowhere. All the other walls around you are featureless.
But to one side there is an alcove in which rests the weathered head of an ancient stone statue. And there is a window at the top of the alcove and another tiny grate at the bottom.	But to one side there is an alcove in which rests the weathered head of an ancient stone statue. And there is a window at the top of the alcove and another tiny grate at the bottom.
Why do you waste time here? Return to the Temple.	Why do you waste time here? Return to the Temple.
Since this is a dead end, you seem to have no choice but to return to the Temple.	Since this is a dead end, you seem to have no choice but to return to the Temple.
There is a tiny grate or barred opening of some sort at the base of this wall. I believe it may even be the top of a buried window.	There is a tiny grate or barred opening of some sort at the base of this wall. I believe it may even be the top of a buried window.
And there is a small window high in this alcove, with a single metal bar across it.	And there is a small window high in this alcove, with a single metal bar across it.
There is a small window high in this alcove, with a single metal bar across it.	There is a small window high in this alcove, with a single metal bar across it.
The stairs and only entrance to the Temple are at the other end of this alley which ends here.	The stairs and only entrance to the Temple are at the other end of this alley which ends here.
It could be the head of a god, a king, a warrior. Who can say? Perhaps the entire statue is buried. We shall never know its strange story.	It could be the head of a god, a king, a warrior. Who can say? Perhaps the entire statue is buried. We shall never know its strange story.
That would be wonderful, if it were here.	That would be wonderful, if it were here.
That is quite impossible for it is partially buried and would weigh far more than you could manage to move.	That is quite impossible for it is partially buried and would weigh far more than you could manage to move.
I hardly think such barbaric behaviour is called for.	I hardly think such barbaric behaviour is called for.
The window is too high to reach.	The window is too high to reach.
Nay, your god smiles upon you! His rope has broken!	Nay, your god smiles upon you! His rope has broken!
By all that is holy, you have dallied shamelessly and the Thief has escaped. There is no hope for you, Arthur. You may as well fall upon your sword.	By all that is holy, you have dallied shamelessly and the Thief has escaped. There is no hope for you, Arthur. You may as well fall upon your sword.
By all the gods, he will escape!	By all the gods, he will escape!
Mercy, master, mercy! I am only a poor, miserable wretch! Have mercy!	Mercy, master, mercy! I am only a poor, miserable wretch! Have mercy!
Here is your treasure, untouched! Take it and let me live, I beg you! Have mercy!	Here is your treasure, untouched! Take it and let me live, I beg you! Have mercy!
He is a pathetic creature. You must choose, Arthur. Either take up the Grail now in an act of mercy....or draw your sword and slay him.	He is a pathetic creature. You must choose, Arthur. Either take up the Grail now in an act of mercy....or draw your sword and slay him.
By the gods, he dared to stab you in the back! If not for your mail tunic, you would be dead at the hands of this foul dog.	By the gods, he dared to stab you in the back! If not for your mail tunic, you would be dead at the hands of this foul dog.
It is time to let the Grail decide his fate.	It is time to let the Grail decide his fate.
And so, he comes to the end he deserves.	And so, he comes to the end he deserves.
Now you must move quickly to find Galahad and return to Camelot.	Now you must move quickly to find Galahad and return to Camelot.
I do not blame you for slaying him after all the grief he has caused you. The merchants of Jerusalem would no doubt thank you.	I do not blame you for slaying him after all the grief he has caused you. The merchants of Jerusalem would no doubt thank you.
At least the Grail is unharmed. Now you must move quickly to find Galahad and return to Camelot.	At least the Grail is unharmed. Now you must move quickly to find Galahad and return to Camelot.
  Mercy, I beg you, show mercy!	  Mercy, I beg you, show mercy!
The scholar may know more about symbols than you.	The scholar may know more about symbols than you.
There are no olives.	There are no olives.
Hazm is not here.	Hazm is not here.
Perhaps you should stay and seek knowledge from the old scholar.	Perhaps you should stay and seek knowledge from the old scholar.
His clothing and bearing are simple, yet his words reveal wisdom and complexity.  There is no doubt that he is what he says he is.	His clothing and bearing are simple, yet his words reveal wisdom and complexity.  There is no doubt that he is what he says he is.
Even his name, Al-Sirat, is a clue.  It is a name for the knife-edged path of truth that one must tread to reach paradise or heaven.	Even his name, Al-Sirat, is a clue.  It is a name for the knife-edged path of truth that one must tread to reach paradise or heaven.
Which means, Arthur, that he invited you here for a specific purpose, one which you must unravel for yourself.	Which means, Arthur, that he invited you here for a specific purpose, one which you must unravel for yourself.
You must unravel his purpose for yourself.	You must unravel his purpose for yourself.
The walls are a bit too high for that.	The walls are a bit too high for that.
Overhead, it is open sky.	Overhead, it is open sky.
Beneath the colourful mats there is pale, sandy earth.	Beneath the colourful mats there is pale, sandy earth.
I suspect this is a place of meditation and that Al-Sirat's home is elsewhere.	I suspect this is a place of meditation and that Al-Sirat's home is elsewhere.
There is nothing here save four bare walls, plants, the two rugs and a small table with a carafe, cups and a bowl of figs.	There is nothing here save four bare walls, plants, the two rugs and a small table with a carafe, cups and a bowl of figs.
Through the open doorway one can see the hills and the high desert.	Through the open doorway one can see the hills and the high desert.
The serenity of the scholar's courtyard make the port and town of Gaza seem far away.	The serenity of the scholar's courtyard make the port and town of Gaza seem far away.
A tree branch gives some scant shade to this open yard.	A tree branch gives some scant shade to this open yard.
It is a small cup.  The carafe must contain a strong drink.	It is a small cup.  The carafe must contain a strong drink.
There is no more qahwah in the carafe.	There is no more qahwah in the carafe.
The elegant carafe holds the brew, qahwah, that he prepared for you.  From the small size of the cups, it must be quite potent.	The elegant carafe holds the brew, qahwah, that he prepared for you.  From the small size of the cups, it must be quite potent.
There are no more ripe figs in the bowl.	There are no more ripe figs in the bowl.
There are ripe figs in the bowl.	There are ripe figs in the bowl.
Aye, he has aloe vera growing here.  It is a desert plant with a bitter, astringent sap.	Aye, he has aloe vera growing here.  It is a desert plant with a bitter, astringent sap.
It is a low, round, wooden table just large enough to hold the carafe, cups and one bowl.	It is a low, round, wooden table just large enough to hold the carafe, cups and one bowl.
It could be a young olive tree in the planter.  Another tree gives some scant shade to this open yard.	It could be a young olive tree in the planter.  Another tree gives some scant shade to this open yard.
They seem to be quite ordinary bushes. I believe that is a young tree in the planter.	They seem to be quite ordinary bushes. I believe that is a young tree in the planter.
The rugs are brightly decorated in abstract patterns.	The rugs are brightly decorated in abstract patterns.
There are four, plain walls forming this enclosed yard.	There are four, plain walls forming this enclosed yard.
The ground is bone dry and covered with a pale sandy soil.	The ground is bone dry and covered with a pale sandy soil.
The most powerful smell here is that of the qahwah, which is both bitter and oddly pleasant.	The most powerful smell here is that of the qahwah, which is both bitter and oddly pleasant.
Can you not tell when you are on your own two feet?	Can you not tell when you are on your own two feet?
It would be better to pay attention, Arthur.	It would be better to pay attention, Arthur.
That would be a silly thing to carry about with you in the desert.	That would be a silly thing to carry about with you in the desert.
Al-Sirat has informed you that your mule is being cared for by Hazm.  When you leave, she will be there, as usual.	Al-Sirat has informed you that your mule is being cared for by Hazm.  When you leave, she will be there, as usual.
It should be obvious that this scholar has no money.	It should be obvious that this scholar has no money.
Only by passing the tests of the Six Guardians will you eventually find the Grail.	Only by passing the tests of the Six Guardians will you eventually find the Grail.
Are you sure, Arthur?  The qahwah is a bit TOO invigorating.  I fear you may never sleep again.	Are you sure, Arthur?  The qahwah is a bit TOO invigorating.  I fear you may never sleep again.
I am sorry, my friend, there is no more.	I am sorry, my friend, there is no more.
Thank you, I have had my fill.	Thank you, I have had my fill.
Your cup is full, Arthur.	Your cup is full, Arthur.
You ARE sitting, Arthur.	You ARE sitting, Arthur.
Jerusalem lies northeast of Gaza, but you must pass through the desert to reach it.  And you cannot survive the heat of this desert unless you find water upon the way.	Jerusalem lies northeast of Gaza, but you must pass through the desert to reach it.  And you cannot survive the heat of this desert unless you find water upon the way.
Farewell.	Farewell.
You must stand up before you can take your leave.	You must stand up before you can take your leave.
My pardons, I have only qahwah for you.	My pardons, I have only qahwah for you.
In the name of the Goddess, I bid you welcome.	In the name of the Goddess, I bid you welcome.
I am ready to answer what inquiries you put to me.  Think carefully and neglect nothing, for you will not see me again once you leave here.	I am ready to answer what inquiries you put to me.  Think carefully and neglect nothing, for you will not see me again once you leave here.
When you leave here, he will lead you by secret paths away from Gaza to the edge of the desert that you must cross.	When you leave here, he will lead you by secret paths away from Gaza to the edge of the desert that you must cross.
To walk the path that leads to truth and knowledge is all that I desire.	To walk the path that leads to truth and knowledge is all that I desire.
I cannot accept such a gift, nor do I desire it.	I cannot accept such a gift, nor do I desire it.
I have no money, but there are merchants aplenty in Jerusalem.	I have no money, but there are merchants aplenty in Jerusalem.
I have little, and nothing I choose to sell.	I have little, and nothing I choose to sell.
No words, however crude or foul, can affect me unless I allow it, which I shall not.	No words, however crude or foul, can affect me unless I allow it, which I shall not.
I do not travel in the desert and cannot give you any directions, save that Jerusalem lies northeast of Gaza.  But beware, the way through the desert is devious.	I do not travel in the desert and cannot give you any directions, save that Jerusalem lies northeast of Gaza.  But beware, the way through the desert is devious.
Hazm will pass a well as he leads you from Gaza and there you may drink.  Beyond that, I cannot help you.	Hazm will pass a well as he leads you from Gaza and there you may drink.  Beyond that, I cannot help you.
I have no waterskin to give you, I regret.	I have no waterskin to give you, I regret.
I will not part with my carafe, nor would it serve your purpose.	I will not part with my carafe, nor would it serve your purpose.
I will not part with my qahwah cups and, delicate as they are, they would not endure your journey.	I will not part with my qahwah cups and, delicate as they are, they would not endure your journey.
I will not part with my bowl.  It is the only one I have.	I will not part with my bowl.  It is the only one I have.
I will not part with my rugs.  Indeed, what you see here is nearly all I possess.	I will not part with my rugs.  Indeed, what you see here is nearly all I possess.
Although many Muslims are tolerant of Christians, the mukhtar of Gaza delights in killing them, or anyone like them.	Although many Muslims are tolerant of Christians, the mukhtar of Gaza delights in killing them, or anyone like them.
There is no more qahwah.  You seem to have aquired a taste for it quite readily.	There is no more qahwah.  You seem to have aquired a taste for it quite readily.
The carafe and the cups are for my qahwah.  Please help yourself.	The carafe and the cups are for my qahwah.  Please help yourself.
Qahwah is a hot drink made from brewing the roasted, crushed beans of the qahwah tree.	Qahwah is a hot drink made from brewing the roasted, crushed beans of the qahwah tree.
You may find it bitter, but it is most invigorating.	You may find it bitter, but it is most invigorating.
You have eaten all the figs.	You have eaten all the figs.
In the bowl on the table are sweet figs that Hazm picked for me.  Please eat them, if you wish.	In the bowl on the table are sweet figs that Hazm picked for me.  Please eat them, if you wish.
I will show you the symbol again, if you will name the goddess whose symbol you wish to see.	I will show you the symbol again, if you will name the goddess whose symbol you wish to see.
There is no symbol to see......yet.	There is no symbol to see......yet.
He is a good boy and will be a fine scholar one day.	He is a good boy and will be a fine scholar one day.
You need not fear for your mule.  Hazm loves animals and will take good care of her until you are ready to depart.	You need not fear for your mule.  Hazm loves animals and will take good care of her until you are ready to depart.
Six Guardians stand between you and this sacred cup.  Six times you will be judged, weighed and tested.  They will be tests of mind, spirit and body.	Six Guardians stand between you and this sacred cup.  Six times you will be judged, weighed and tested.  They will be tests of mind, spirit and body.
If you prevail, the Goddess will relinquish her guardianship of the sacred cup.  What you call the Holy Grail will pass into your hands and its powers of regeneration will be yours.	If you prevail, the Goddess will relinquish her guardianship of the sacred cup.  What you call the Holy Grail will pass into your hands and its powers of regeneration will be yours.
There are six you must pass.  I am the first.	There are six you must pass.  I am the first.
There are always bandits, for there are always men of greed.	There are always bandits, for there are always men of greed.
To reach paradise, one must walk the razor-edged path of truth and purity.	To reach paradise, one must walk the razor-edged path of truth and purity.
He who came before you searched long and far, yet he did not come here, though I sent Hazm with an invitation.	He who came before you searched long and far, yet he did not come here, though I sent Hazm with an invitation.
I know nothing more of him save that he reached Jerusalem, but has not succeeded in his quest.	I know nothing more of him save that he reached Jerusalem, but has not succeeded in his quest.
He did not come to this land.	He did not come to this land.
The Goddess gave birth to the universe.  By many names and faces she is known.  As Virgin, Mother and Crone.  As Birth, Growth and Death.	The Goddess gave birth to the universe.  By many names and faces she is known.  As Virgin, Mother and Crone.  As Birth, Growth and Death.
I serve her in her form of Aphrodite, but she has six other manifestations which must concern you.  You will not reach the Grail unless you learn of these Six Goddesses.	I serve her in her form of Aphrodite, but she has six other manifestations which must concern you.  You will not reach the Grail unless you learn of these Six Goddesses.
Six is the sacred number of Aphrodite.	Six is the sacred number of Aphrodite.
It is not safe for you. You will be wise to avoid it.	It is not safe for you. You will be wise to avoid it.
There are men who know the desert and where precious water may be found, but there are men who will guide you astray so they may kill and rob you.  Be careful who you trust.	There are men who know the desert and where precious water may be found, but there are men who will guide you astray so they may kill and rob you.  Be careful who you trust.
It is barren, treacherous and hot as a furnace. I have known of men who cooked eggs upon the rocks at midday.	It is barren, treacherous and hot as a furnace. I have known of men who cooked eggs upon the rocks at midday.
The Zion gate is in the southern wall of Jerusalem.	The Zion gate is in the southern wall of Jerusalem.
The Jaffa gate is in the western wall of Jerusalem and there is no fee to enter it.	The Jaffa gate is in the western wall of Jerusalem and there is no fee to enter it.
He is the official who runs Gaza.  He has just come to power and he hates foreigners, especially Christians.  You have escaped his notice for now, but Gaza is very dangerous for you.	He is the official who runs Gaza.  He has just come to power and he hates foreigners, especially Christians.  You have escaped his notice for now, but Gaza is very dangerous for you.
There is water between here and Jerusalem, but I cannot help you to find it.	There is water between here and Jerusalem, but I cannot help you to find it.
Certainly, as Hazm leads you from Gaza, he will see you have a drink at a well, but that will not take you far in the desert.	Certainly, as Hazm leads you from Gaza, he will see you have a drink at a well, but that will not take you far in the desert.
The path to truth is as narrow and dangerous as a razor's edge.	The path to truth is as narrow and dangerous as a razor's edge.
Though I am more than willing to answer questions, I will answer only those questions which I deem significant.	Though I am more than willing to answer questions, I will answer only those questions which I deem significant.
None for me, thank you.	None for me, thank you.
I am so glad you enjoyed my figs. What a shame there are no more.	I am so glad you enjoyed my figs. What a shame there are no more.
These are the names of the Six Goddesses: Athene, Vesta, Isis, Astarte, Ceres, Venus.	These are the names of the Six Goddesses: Athene, Vesta, Isis, Astarte, Ceres, Venus.
And these are their symbols.	And these are their symbols.
This is the symbol of Athene.	This is the symbol of Athene.
This is the symbol of Vesta.	This is the symbol of Vesta.
This is the symbol of Isis.	This is the symbol of Isis.
This is the symbol of Astarte.	This is the symbol of Astarte.
This is the symbol of Ceres.	This is the symbol of Ceres.
This is the symbol of Venus.	This is the symbol of Venus.
There was nothing terribly interesting about that other wall.	There was nothing terribly interesting about that other wall.
It is good that you have come.  The Captain sent word to me that you were here, though in truth I have been expecting you for some time.	It is good that you have come.  The Captain sent word to me that you were here, though in truth I have been expecting you for some time.
I am Al-Sirat, the first of Six Guardians who serve the Goddess, she who gives the power of life and regeneration through her sacred cup, which you know as the Grail.	I am Al-Sirat, the first of Six Guardians who serve the Goddess, she who gives the power of life and regeneration through her sacred cup, which you know as the Grail.
We who are the Six Guardians will test you in different ways.  We will test your mind, spirit and body.  You must pass each one of us before the Goddess will relinquish her sacred cup to you.	We who are the Six Guardians will test you in different ways.  We will test your mind, spirit and body.  You must pass each one of us before the Goddess will relinquish her sacred cup to you.
Excuse me, Master.  I have fed and watered the mule for your guest, as you said.	Excuse me, Master.  I have fed and watered the mule for your guest, as you said.
Thank you, Hazm.  Wait with the mule until our guest is ready to leave.  Then you will guide him in secret away from Gaza.	Thank you, Hazm.  Wait with the mule until our guest is ready to leave.  Then you will guide him in secret away from Gaza.
I am a scholar.  I have spent my life in study and meditation.  I am at your disposal, to share what knowledge I may.	I am a scholar.  I have spent my life in study and meditation.  I am at your disposal, to share what knowledge I may.
And please, allow me to offer you qahwah to drink and figs to eat.  It is simple fare, but all that I have.	And please, allow me to offer you qahwah to drink and figs to eat.  It is simple fare, but all that I have.
PRESS F6 WHEN FINISHED	PRESS F6 WHEN FINISHED
Here is the challenge placed before you. There are six Tablets engraved with a symbol, one for each of the Six Goddesses.	Here is the challenge placed before you. There are six Tablets engraved with a symbol, one for each of the Six Goddesses.
There are six Niches for the tablets. Choose a Niche and I will pose a question, one question for each of the Six Goddesses.	There are six Niches for the tablets. Choose a Niche and I will pose a question, one question for each of the Six Goddesses.
You must know which Goddess answers the question, then move the Tablet with her symbol into the Niche.	You must know which Goddess answers the question, then move the Tablet with her symbol into the Niche.
When you have answered all six questions, only then will I tell you whether you have passed or failed.	When you have answered all six questions, only then will I tell you whether you have passed or failed.
I bid you to begin and may Aphrodite smile upon you.	I bid you to begin and may Aphrodite smile upon you.
Click on an empty Niche to see the clue.  Click on a Tablet to select it. Click on a destination to move the selected Tablet.  PRESS F6 WHEN ALL TABLETS HAVE BEEN PLACED.	Click on an empty Niche to see the clue.  Click on a Tablet to select it. Click on a destination to move the selected Tablet.  PRESS F6 WHEN ALL TABLETS HAVE BEEN PLACED.
USE ARROW KEYS TO POSITION CURSOR BOX.  On an empty Niche: press "Enter" to see clue.  On a Tablet: press "Enter" to select. Position cursor box on destination, and press "Enter" again to move the selected Tablet.  PRESS F6 WHEN ALL TABLETS HAVE BEEN PLACED.	USE ARROW KEYS TO POSITION CURSOR BOX.  On an empty Niche: press "Enter" to see clue.  On a Tablet: press "Enter" to select. Position cursor box on destination, and press "Enter" again to move the selected Tablet.  PRESS F6 WHEN ALL TABLETS HAVE BEEN PLACED.
Your wisdom is great.  You have passed my test.	Your wisdom is great.  You have passed my test.
You have not passed my test. Will you try again?	You have not passed my test. Will you try again?
roomNum = %d	roomNum = %d
prev room exit = %d	prev room exit = %d
cur room entrance = %d	cur room entrance = %d
cur room rotation = %d	cur room rotation = %d
My King! You have won the Grail!	My King! You have won the Grail!
Aye, but rise, Sir Galahad, and draw near to your King at once! A great power is at work!	Aye, but rise, Sir Galahad, and draw near to your King at once! A great power is at work!
The Grail has chosen to bring you home in your hour of desperate need!	The Grail has chosen to bring you home in your hour of desperate need!
The Grail has brought you here, Arthur. Only one god may rule in thy kingdom now. The altar of the Christ god awaits its vessel.	The Grail has brought you here, Arthur. Only one god may rule in thy kingdom now. The altar of the Christ god awaits its vessel.
Cast down your eyes! The radiance of the Grail is too great for any man to see.	Cast down your eyes! The radiance of the Grail is too great for any man to see.
Behold, Mithra has been driven away! And the Grail is gone!	Behold, Mithra has been driven away! And the Grail is gone!
It has become a healing force that spreads outward, touching every corner of your kingdom!	It has become a healing force that spreads outward, touching every corner of your kingdom!
The land returns to life. The lakes and rivers and wells fill once more with clean, fresh water.	The land returns to life. The lakes and rivers and wells fill once more with clean, fresh water.
Camelot is healed!	Camelot is healed!
You receive Gwenhyver's praise and adoration, as you have well earned.	You receive Gwenhyver's praise and adoration, as you have well earned.
Your knights salute you and the joyous cries of the love and      gratitude of your people fills          the air.	Your knights salute you and the joyous cries of the love and      gratitude of your people fills          the air.
And so you have won, through purity of spirit and heart, through skill and strength. No praise is too great.	And so you have won, through purity of spirit and heart, through skill and strength. No praise is too great.
With peace and prosperity returned to your kingdom, you have the time to rest and enjoy the land you have saved.	With peace and prosperity returned to your kingdom, you have the time to rest and enjoy the land you have saved.
But though your land is healed, your heart is not. Perhaps it never shall be.	But though your land is healed, your heart is not. Perhaps it never shall be.
FINIS	FINIS
animators	animators
 Douglas Herring	Douglas Herring
  Kenn Nishiuye	  Kenn Nishiuye
    Andy Hoyos	    Andy Hoyos
 Jennifer Shontz	 Jennifer Shontz
  Peter Ledger	 Peter Ledger
background artists	background artists
 Peter Ledger	 Peter Ledger
 Julian Ledger	 Julian Ledger
Douglas Herring	Douglas Herring
programmers	programmers
Bob Fischbach	Bob Fischbach
 Jerry Shaw	 Jerry Shaw
  Eric Hart	  Eric Hart
Doug Oldfield	Doug Oldfield
development system by	development system by
Jeff Stephenson	Jeff Stephenson
   Bob Heitman	   Bob Heitman
  Pablo Ghenis	  Pablo Ghenis
   John Hartin	   John Hartin
     Dan Foy	     Dan Foy
   John Rettig	   John Rettig
  Corinna Abdul	  Corinna Abdul
   Corey Cole	   Corey Cole
sound effects by	sound effects by
Mark Seibert	Mark Seibert
camelot combat system by	camelot combat system by
special thanks to	special thanks to
Ellen Guon	Ellen Guon
 %3d/368  Skill Points  %3d/293  Wisdom Points   %3d/358  Soul Points	 %3d/368  Skill Points  %3d/293  Wisdom Points   %3d/358  Soul Points
Would you like to:	Would you like to:
    My lord King, look upon your stronghold, Camelot. By strength of spirit, skill of sword and quickness of mind, you have built a kingdom that could live in legends.	    My lord King, look upon your stronghold, Camelot. By strength of spirit, skill of sword and quickness of mind, you have built a kingdom that could live in legends.
    Beneath your firm and wise hand, the warring tribes of Celts, Saxons, Jutes, and Angles have been brought under control and foreign marauders driven from the shores.	    Beneath your firm and wise hand, the warring tribes of Celts, Saxons, Jutes, and Angles have been brought under control and foreign marauders driven from the shores.
    Your queen is the beautiful Gwenhyver, who loves you and whom you love dearly. Yet you know that her deepest and most passionate love is reserved for your greatest knight, Sir Launcelot.	    Your queen is the beautiful Gwenhyver, who loves you and whom you love dearly. Yet you know that her deepest and most passionate love is reserved for your greatest knight, Sir Launcelot.
    And because Launcelot is chivalrous, brave and a true friend, you do nothing to bring harm to him or your queen. Instead, you suffer in silence.	    And because Launcelot is chivalrous, brave and a true friend, you do nothing to bring harm to him or your queen. Instead, you suffer in silence.
    Sharing the Round Table with you are noble warriors of the realm: Launcelot, Kai, Ector, Gareth, Percival, Gawaine, Galahad and many others.	    Sharing the Round Table with you are noble warriors of the realm: Launcelot, Kai, Ector, Gareth, Percival, Gawaine, Galahad and many others.
    And I? I am Merlin. Advisor, mentor and, as some would have it, wizard, though my true nature remains a secret known only to the ancient gods and me.	    And I? I am Merlin. Advisor, mentor and, as some would have it, wizard, though my true nature remains a secret known only to the ancient gods and me.
    I must speak to you now of dark truths: the forbidden love of Gwenhyver and Launcelot has cast a blight upon your soul. And in so doing, has put a curse upon your kingdom.	    I must speak to you now of dark truths: the forbidden love of Gwenhyver and Launcelot has cast a blight upon your soul. And in so doing, has put a curse upon your kingdom.
    The fruit has withered on the vine, grain dies of disease, while springs and wells turn foul. Your people cry out to you for a miracle.	    The fruit has withered on the vine, grain dies of disease, while springs and wells turn foul. Your people cry out to you for a miracle.
    A vision of the Holy Grail covered in a white cloth appeared to you in your time of need. Three of your greatest knights went forth to seek it...	    A vision of the Holy Grail covered in a white cloth appeared to you in your time of need. Three of your greatest knights went forth to seek it...
...Sir Gawaine...	...Sir Gawaine...
...Sir Launcelot...	...Sir Launcelot...
...and Sir Galahad.	...and Sir Galahad.
    Gawaine, Launcelot and Galahad have not returned. The search must now fall to you and during this search you will be sorely tested in physical, moral and spiritual strength.	    Gawaine, Launcelot and Galahad have not returned. The search must now fall to you and during this search you will be sorely tested in physical, moral and spiritual strength.
    If you are found wanting in any of these virtues, the Grail will be denied to you and your kingdom will turn to ashes and dust.	    If you are found wanting in any of these virtues, the Grail will be denied to you and your kingdom will turn to ashes and dust.
    I will watch over you and speak to you, though I will be with you only in spirit, not body.	    I will watch over you and speak to you, though I will be with you only in spirit, not body.
    Prepare well, Arthur, for once you begin, you dare not turn back. Seek the Holy Grail! Search with all speed and dedication. Time is running out.	    Prepare well, Arthur, for once you begin, you dare not turn back. Seek the Holy Grail! Search with all speed and dedication. Time is running out.
The forest and undergrowth are too thick to go that way.	The forest and undergrowth are too thick to go that way.
I do not have the ability to look inside a solid tree.  I doubt that you have.	I do not have the ability to look inside a solid tree.  I doubt that you have.
The forest grows thicker and darker.  It is impossible to see very far.	The forest grows thicker and darker.  It is impossible to see very far.
There are roots under the trees.	There are roots under the trees.
Most of them are too tall for that.	Most of them are too tall for that.
Aye, 'tis a forest and therefore filled with trees.	Aye, 'tis a forest and therefore filled with trees.
Overhead is a thick canopy of leaves and interwoven branches filled with dappled light.	Overhead is a thick canopy of leaves and interwoven branches filled with dappled light.
Trees are generally adorned with leaves.  Indeed, the trees here are quite thick with them.	Trees are generally adorned with leaves.  Indeed, the trees here are quite thick with them.
Most trees of my acquaintance have roots.  They are no threat to you, unless you are particularly clumsy.	Most trees of my acquaintance have roots.  They are no threat to you, unless you are particularly clumsy.
It is too thick to see through.	It is too thick to see through.
The undergrowth of this forest protects many animals, but is the bane of travelers.	The undergrowth of this forest protects many animals, but is the bane of travelers.
The rich forest floor is covered with centuries of fallen leaves and thick grasses which muffle the sound of your passage.	The rich forest floor is covered with centuries of fallen leaves and thick grasses which muffle the sound of your passage.
It is a thick, hardy type of wild grass.	It is a thick, hardy type of wild grass.
The only thing you would find under these stones is forest soil and a few worms perhaps.	The only thing you would find under these stones is forest soil and a few worms perhaps.
There is much good stone in the forest, though some stones are more dangerous than others.	There is much good stone in the forest, though some stones are more dangerous than others.
There are only glimpses of the sky through the thick canopy of leaves overhead.	There are only glimpses of the sky through the thick canopy of leaves overhead.
It should not surprise you to see your knees, saddle and horse.	It should not surprise you to see your knees, saddle and horse.
There is nothing more exciting to see than your own booted feet.	There is nothing more exciting to see than your own booted feet.
Aside from some very ordinary beetles, there is nothing of interest there.	Aside from some very ordinary beetles, there is nothing of interest there.
Once it was a tree, now it is a log.  Someday, it will be peat.  Such is the cycle of life.	Once it was a tree, now it is a log.  Someday, it will be peat.  Such is the cycle of life.
Forget the beetles.  Think about your sacred mission.	Forget the beetles.  Think about your sacred mission.
There are no berries in the Forest Perilous.  Or certainly none you would dare to eat.	There are no berries in the Forest Perilous.  Or certainly none you would dare to eat.
There are none here, but avoid the forest mushrooms at all costs.	There are none here, but avoid the forest mushrooms at all costs.
They hear you and smell you and stay well away.	They hear you and smell you and stay well away.
The birds are all but invisible in the dense trees.	The birds are all but invisible in the dense trees.
He looks much the same as he did a moment ago.	He looks much the same as he did a moment ago.
What horse?	What horse?
He is part of the spirit of the forest and dwells in the heart of it.  You will not see him here.	He is part of the spirit of the forest and dwells in the heart of it.  You will not see him here.
There are prints of your horse heading toward Camelot.  You may assume he is safe.	There are prints of your horse heading toward Camelot.  You may assume he is safe.
Gawaine will never be seen upon this earth again.	Gawaine will never be seen upon this earth again.
Have you not seen enough boars for one quest?	Have you not seen enough boars for one quest?
The giant boars of the Forest Perilous are particularly dangerous.  How fortunate there are none around at the moment.	The giant boars of the Forest Perilous are particularly dangerous.  How fortunate there are none around at the moment.
You would need chisels for that.  You do not have time to play at being a stonemason.	You would need chisels for that.  You do not have time to play at being a stonemason.
Your mule does not answer.	Your mule does not answer.
It is not edible.  Nor does it look appetizing.	It is not edible.  Nor does it look appetizing.
It smells of green growing things, of musty mouldering things beneath the earth, of ash and oak, the passage of wolf and bear, squirrel and hare -- a thousand mingled scents of life and decay.	It smells of green growing things, of musty mouldering things beneath the earth, of ash and oak, the passage of wolf and bear, squirrel and hare -- a thousand mingled scents of life and decay.
Almost impossible to do unless you have a net and many helpers.  Which you do not.	Almost impossible to do unless you have a net and many helpers.  Which you do not.
There is no-one here to help.	There is no-one here to help.
There is the rush of wind through the leaves, the scurry and scitter of the squirrels and small creatures, the bell-like notes of the birds.  The creaking of your leather and metallic jingle of your gear sets you apart from this forest world.	There is the rush of wind through the leaves, the scurry and scitter of the squirrels and small creatures, the bell-like notes of the birds.  The creaking of your leather and metallic jingle of your gear sets you apart from this forest world.
You could spend the rest of your life trying to cut your way through this forest.  Use your head and find the easiest path.	You could spend the rest of your life trying to cut your way through this forest.  Use your head and find the easiest path.
For that you want an axe and you have none.	For that you want an axe and you have none.
You don't feel particularly inclined to climb trees.  Anyway, what do you expect if you did? A golden egg or a magick bird or something?	You don't feel particularly inclined to climb trees.  Anyway, what do you expect if you did? A golden egg or a magick bird or something?
Rather like trying to ride the air, I would think.	Rather like trying to ride the air, I would think.
Is this some strange delusion you have that you are riding a horse, O' Arthur, King of all the Britons?	Is this some strange delusion you have that you are riding a horse, O' Arthur, King of all the Britons?
You have no time to spare for hunting.	You have no time to spare for hunting.
The surviving boars have retreated far from this part of the forest.  They fear you now.	The surviving boars have retreated far from this part of the forest.  They fear you now.
Face the giant boars only if you must.  They are the most deadly of the wild creatures here.	Face the giant boars only if you must.  They are the most deadly of the wild creatures here.
I am sure you will find a likely tree when the need is great enough.	I am sure you will find a likely tree when the need is great enough.
From the deafening silence, I would say there are no talking stones here.	From the deafening silence, I would say there are no talking stones here.
This is not a talking tree.	This is not a talking tree.
I am already speaking.	I am already speaking.
St. Leonard is long gone from his Forest and of no use to you.	St. Leonard is long gone from his Forest and of no use to you.
The joys of hunting Windsor must wait for another time.	The joys of hunting Windsor must wait for another time.
There is nothing in ancient Avebury to help your search.	There is nothing in ancient Avebury to help your search.
These silent stones of Mottistone have no tale to tell.	These silent stones of Mottistone have no tale to tell.
Let us hope you never have need of the healing waters of Bath.	Let us hope you never have need of the healing waters of Bath.
St. Keyne of Keynsham has no connection with the Grail.	St. Keyne of Keynsham has no connection with the Grail.
The bishop of Winchester may be a miracle worker, but not even he knows where the Grail may be.	The bishop of Winchester may be a miracle worker, but not even he knows where the Grail may be.
The martyrs of Shapwick provide no clue.	The martyrs of Shapwick provide no clue.
Avoid Halstock, where St. Juthware could not keep her head.	Avoid Halstock, where St. Juthware could not keep her head.
There is nothing of worth to milk from Braunton.	There is nothing of worth to milk from Braunton.
Neither Hercules nor Hartland Point will lead to the Grail.	Neither Hercules nor Hartland Point will lead to the Grail.
St. Sidwell's waters in Exeter will reveal nothing of use.	St. Sidwell's waters in Exeter will reveal nothing of use.
Neither Brutus, his giants nor clue of the Grail are to be found in Totnes.	Neither Brutus, his giants nor clue of the Grail are to be found in Totnes.
It is made of the purest crystal, as best I can tell, and it contains enormous power such as only a wizard or enchantress could control.	It is made of the purest crystal, as best I can tell, and it contains enormous power such as only a wizard or enchantress could control.
Such beings tend to manifest near some spot where they were once worshipped.	Such beings tend to manifest near some spot where they were once worshipped.
They will not answer you now.	They will not answer you now.
You must find a place where they will answer you.	You must find a place where they will answer you.
These walls are ancient and most likely would collapse beneath you.	These walls are ancient and most likely would collapse beneath you.
What a useless idea.	What a useless idea.
She is undoubtedly grazing at the bottom of the hill.	She is undoubtedly grazing at the bottom of the hill.
Not a trace of the Monk is left.  The Old Ones have taken him, body and soul.	Not a trace of the Monk is left.  The Old Ones have taken him, body and soul.
If he is in these ruins, you will surely find him.	If he is in these ruins, you will surely find him.
Are YOU mad?!  He is here!	Are YOU mad?!  He is here!
You have the air of a man who is searching for someone, but I assure you I am the only other soul upon this Tor.	You have the air of a man who is searching for someone, but I assure you I am the only other soul upon this Tor.
He appears to be just on the other side of the wall.	He appears to be just on the other side of the wall.
There is little to be found but rubble.	There is little to be found but rubble.
Inside the rubble is....nothing.	Inside the rubble is....nothing.
It is only debris from the collapsed walls and roof of whatever once stood here.	It is only debris from the collapsed walls and roof of whatever once stood here.
The sky is open overhead.  Not a bit of the original roof remains.	The sky is open overhead.  Not a bit of the original roof remains.
These could possibly be the ruins of the shrine built by Joseph of Arimathea, but no one, not even I, can be sure of that.	These could possibly be the ruins of the shrine built by Joseph of Arimathea, but no one, not even I, can be sure of that.
You have more important things to do.	You have more important things to do.
It has been a sacred hill for centuries.	It has been a sacred hill for centuries.
The Old Ones took his body and soul away.	The Old Ones took his body and soul away.
Perhaps the Monk no longer dwells here.  As yet, there is no sign of him.	Perhaps the Monk no longer dwells here.  As yet, there is no sign of him.
There is no monk in sight here.	There is no monk in sight here.
Those glazed, fanatical eyes filled with hatred, those snarling lips flecked with foam!  The Monk truly is a madman!	Those glazed, fanatical eyes filled with hatred, those snarling lips flecked with foam!  The Monk truly is a madman!
Ah, so THIS is why he is called the Mad Monk of Glastonbury.	Ah, so THIS is why he is called the Mad Monk of Glastonbury.
This Monk seems calm enough.  Perhaps he is not the one they call the Mad Monk.  We shall see.	This Monk seems calm enough.  Perhaps he is not the one they call the Mad Monk.  We shall see.
The spell of Circular Entrapment is broken now that you possess this crystal heart, for this was the object of power which held the spell in place.	The spell of Circular Entrapment is broken now that you possess this crystal heart, for this was the object of power which held the spell in place.
There is a spell of Circular Entrapment cast over Glastonbury Tor.  You cannot leave here unless you break it.	There is a spell of Circular Entrapment cast over Glastonbury Tor.  You cannot leave here unless you break it.
I sense only minor sorcerous ability in the monk, so there must be some other source of extraordinary power to hold the spell in place.	I sense only minor sorcerous ability in the monk, so there must be some other source of extraordinary power to hold the spell in place.
There are many illusions.  Some say life itself is an illusion.  But this is no time for philosophical discourse.	There are many illusions.  Some say life itself is an illusion.  But this is no time for philosophical discourse.
This monk has minor sorcerous powers, enough to generate two illusions of himself to confuse you.	This monk has minor sorcerous powers, enough to generate two illusions of himself to confuse you.
The illusions are harmless, but the monk is armed with a deadly club and can do you great harm indeed.	The illusions are harmless, but the monk is armed with a deadly club and can do you great harm indeed.
I do not know of any key.	I do not know of any key.
I know nothing of a crystal heart.  What a peculiar thing to ask about.	I know nothing of a crystal heart.  What a peculiar thing to ask about.
My heart is fine, thank you.	My heart is fine, thank you.
Joseph of Arimathea is a legendary figure, supposedly a man who helped to bury Christ and who then brought the Grail to our island and established a shrine upon this Tor.	Joseph of Arimathea is a legendary figure, supposedly a man who helped to bury Christ and who then brought the Grail to our island and established a shrine upon this Tor.
Any doors this building once had are long gone.	Any doors this building once had are long gone.
Grass, rubble, some bushes....not much to see, really.	Grass, rubble, some bushes....not much to see, really.
The ghost of the Mad Monk is here, but cannot be seen, heard or felt.  He can do you no harm.	The ghost of the Mad Monk is here, but cannot be seen, heard or felt.  He can do you no harm.
There are no ghosts here.	There are no ghosts here.
There is no body to see here.	There is no body to see here.
He is a stout man with powerful arms.	He is a stout man with powerful arms.
The Monk's garb is very old, very worn and very smelly.	The Monk's garb is very old, very worn and very smelly.
You cannot see what is not here.	You cannot see what is not here.
The Old Ones took the club along with the Monk's body.	The Old Ones took the club along with the Monk's body.
It is a crude but lethal weapon.	It is a crude but lethal weapon.
What club?	What club?
There are no true trees on Glastonbury Tor.  There are only some common bushes.	There are no true trees on Glastonbury Tor.  There are only some common bushes.
They are common bushes.	They are common bushes.
Most of the rocks on this hill are fallen from the ancient walls.	Most of the rocks on this hill are fallen from the ancient walls.
You will not hear from these spirits again.   They have taken their silver and gone elsewhere.	You will not hear from these spirits again.   They have taken their silver and gone elsewhere.
You will have to find a way to appease these Old Ones, Arthur, if you are ever to leave this Tor.	You will have to find a way to appease these Old Ones, Arthur, if you are ever to leave this Tor.
Such beings tend to manifest in some spot where they were once worshipped.	Such beings tend to manifest in some spot where they were once worshipped.
The "Old Ones" is a name sometimes given to ancient, elemental spirits.  Often our ancestors worshipped them as gods, but they are not, though they can be powerful.	The "Old Ones" is a name sometimes given to ancient, elemental spirits.  Often our ancestors worshipped them as gods, but they are not, though they can be powerful.
The Old Ones cannot be seen unless they will it.	The Old Ones cannot be seen unless they will it.
It would be more advisable to go around.  In times of danger, it is best to keep both feet on the ground.	It would be more advisable to go around.  In times of danger, it is best to keep both feet on the ground.
The confusing swish of his robes does nothing to help you.	The confusing swish of his robes does nothing to help you.
There is an eerie quality to the wind as it blows through these ruins.  Almost like voices chanting.	There is an eerie quality to the wind as it blows through these ruins.  Almost like voices chanting.
You will get it the hard way if you do not defend yourself!	You will get it the hard way if you do not defend yourself!
Why should you want a club?  You have Excaliber.	Why should you want a club?  You have Excaliber.
He no longer exists on this earth.	He no longer exists on this earth.
He is not even here.	He is not even here.
Do something, Arthur, before HE gets YOU!	Do something, Arthur, before HE gets YOU!
Frankly, I think you would be better off without him.	Frankly, I think you would be better off without him.
Personally, I would touch the Monk's garb as little as possible.	Personally, I would touch the Monk's garb as little as possible.
You should feel no need for anything as common as a rock when you have Excaliber and your shield.	You should feel no need for anything as common as a rock when you have Excaliber and your shield.
You already have it.	You already have it.
Key? What key?	Key? What key?
You must know something I do not know.	You must know something I do not know.
Only they can tell you what will appease them.	Only they can tell you what will appease them.
Merely possessing the crystal heart has broken the Spell of Circular Entrapment that has kept you trapped upon this Tor.	Merely possessing the crystal heart has broken the Spell of Circular Entrapment that has kept you trapped upon this Tor.
But it is an object of great power.  Keep it safe.	But it is an object of great power.  Keep it safe.
You waste your time. The monk truly IS mad!	You waste your time. The monk truly IS mad!
A lot of good that will do you.	A lot of good that will do you.
He is too busy ranting and raving to talk to you.	He is too busy ranting and raving to talk to you.
There is no monk here.	There is no monk here.
I do not think the Monk cares very much who you are.	I do not think the Monk cares very much who you are.
He is a pungent fellow.	He is a pungent fellow.
The Tor smells of crushed grass and misty air.	The Tor smells of crushed grass and misty air.
The well is elsewhere on the Tor.	The well is elsewhere on the Tor.
There is nothing left to search.	There is nothing left to search.
It would help to find the monk first.	It would help to find the monk first.
You will never be able to do that while he is alive, I fear.	You will never be able to do that while he is alive, I fear.
What can you hope to hear from a madman?  But you may try it when you find him.	What can you hope to hear from a madman?  But you may try it when you find him.
But there is no Monk here.	But there is no Monk here.
He has nothing to say now that he is dead.  Just as well.  His conversation was a bit limited.	He has nothing to say now that he is dead.  Just as well.  His conversation was a bit limited.
Kill! Kill! Kill!	Kill! Kill! Kill!
The dead have no use for money.	The dead have no use for money.
He does not want money.  He wants your life.	He does not want money.  He wants your life.
You must keep your money.  I have taken a monk's vows of poverty.	You must keep your money.  I have taken a monk's vows of poverty.
Come, come.  Have a drink.	Come, come.  Have a drink.
Why do you hesitate?  Trust me in all things.	Why do you hesitate?  Trust me in all things.
So, you will not drink, foreign dog?	So, you will not drink, foreign dog?
There is but one explanation for this unnatural siege of winter upon the lake -- the mood of the Lady of the Lake has turned cold, and her power affects all that is around her.	There is but one explanation for this unnatural siege of winter upon the lake -- the mood of the Lady of the Lake has turned cold, and her power affects all that is around her.
Though the Lady now has her heart and has turned once more to warmth and the natural seasons, it will take some time for the deep cold she laid upon this lake to pass away.	Though the Lady now has her heart and has turned once more to warmth and the natural seasons, it will take some time for the deep cold she laid upon this lake to pass away.
There would be no purpose in that.	There would be no purpose in that.
She is beyond your voice, Arthur.	She is beyond your voice, Arthur.
All is quiet here, as though nature itself is frozen into silence.	All is quiet here, as though nature itself is frozen into silence.
The glare and sparkle of the ice dazzles your eyes.	The glare and sparkle of the ice dazzles your eyes.
No such thing can be seen.	No such thing can be seen.
A glittering palace of ice rises from the center of the lake.	A glittering palace of ice rises from the center of the lake.
The heart glows with colour as power flows through it.  Study it carefully.	The heart glows with colour as power flows through it.  Study it carefully.
You are surrounded by what looks like solid ice, but it could break beneath your feet at any moment.  Ridges of ice have been thrust up in places.	You are surrounded by what looks like solid ice, but it could break beneath your feet at any moment.  Ridges of ice have been thrust up in places.
As an elemental enchantress, she can have more than one form.  In her usual watery form, she is known as the Lady of the Lake.	As an elemental enchantress, she can have more than one form.  In her usual watery form, she is known as the Lady of the Lake.
And since her form usually reflects her mood, I would say that something is seriously wrong.	And since her form usually reflects her mood, I would say that something is seriously wrong.
He has always had the special favour of the Lady of the Lake.  Yet she is possessive and surely is not pleased with his love for Gwenhyver.	He has always had the special favour of the Lady of the Lake.  Yet she is possessive and surely is not pleased with his love for Gwenhyver.
The lake which forms Ot Moor is frozen over.	The lake which forms Ot Moor is frozen over.
The spires and peaks of this cold palace have grown from the ice by the power of the Lady of the Lake.  It lies north and slightly west of the shore in the center of the lake.	The spires and peaks of this cold palace have grown from the ice by the power of the Lady of the Lake.  It lies north and slightly west of the shore in the center of the lake.
A glittering Palace made of ice has been created from the lake itself.	A glittering Palace made of ice has been created from the lake itself.
There is naught but glaring ice and bitter cold.	There is naught but glaring ice and bitter cold.
It is made of frozen water.  I thought you knew that.	It is made of frozen water.  I thought you knew that.
It is simply ice pushed upward into a ridge by the pressure of freezing too quickly.	It is simply ice pushed upward into a ridge by the pressure of freezing too quickly.
The area immediately around Ot Moor is blanketed with snow, which is quite unusual, considering that it is summer.	The area immediately around Ot Moor is blanketed with snow, which is quite unusual, considering that it is summer.
Everything is covered with snow and ice.	Everything is covered with snow and ice.
None can be seen with all this snow and ice.	None can be seen with all this snow and ice.
Aye, I sense a spell of guidance upon the rose, but it was placed there by Gwenhyver.  You must speak the Message of the Rose to invoke its spell.	Aye, I sense a spell of guidance upon the rose, but it was placed there by Gwenhyver.  You must speak the Message of the Rose to invoke its spell.
Perhaps you should consult your Liber ex Doctrina.	Perhaps you should consult your Liber ex Doctrina.
Only the Message of the Rose can invoke the spell placed upon this flower.  Perhaps you should consult your Liber ex Doctrina.	Only the Message of the Rose can invoke the spell placed upon this flower.  Perhaps you should consult your Liber ex Doctrina.
I have no spells to offer you, Arthur, nothing save advice.  This is your task alone.	I have no spells to offer you, Arthur, nothing save advice.  This is your task alone.
The spell is in effect! Stay within the whirlwind of petals or you will lose its protection.	The spell is in effect! Stay within the whirlwind of petals or you will lose its protection.
The rose trembles with the spell of the incantation, but the place is not quite right for it to work.	The rose trembles with the spell of the incantation, but the place is not quite right for it to work.
It is cold as ice, clear as crystal in your hand. It pulls you toward the Ice Palace, as though eager to go within.	It is cold as ice, clear as crystal in your hand. It pulls you toward the Ice Palace, as though eager to go within.
There are faint stirrings of color within the heart, flashes of golden and purple light. I sense it is caused by the nearness of the frozen lake. The ice calls to it.	There are faint stirrings of color within the heart, flashes of golden and purple light. I sense it is caused by the nearness of the frozen lake. The ice calls to it.
You ARE using it.	You ARE using it.
Fortunately, you had time on the journey here to eat, drink, rest, and don your warmer clothing as it grew colder.	Fortunately, you had time on the journey here to eat, drink, rest, and don your warmer clothing as it grew colder.
It is so cold, your nose aches too much to smell anything.	It is so cold, your nose aches too much to smell anything.
Nothing here will burn.  Better to do what you must as quickly as possible and be gone.	Nothing here will burn.  Better to do what you must as quickly as possible and be gone.
Across thin ice you dared to tread, 'tis no surprise that you are dead.	Across thin ice you dared to tread, 'tis no surprise that you are dead.
There are countless rocks in this desert.  This is yet another one.	There are countless rocks in this desert.  This is yet another one.
Aye, 'tis a rock.  A very hot rock.	Aye, 'tis a rock.  A very hot rock.
One rock is much like any other in this merciless terrain.	One rock is much like any other in this merciless terrain.
This treacherous false guide has claimed yet another victim!  Would that you had been a bit quicker with your sword on this occasion.	This treacherous false guide has claimed yet another victim!  Would that you had been a bit quicker with your sword on this occasion.
Do not swing your sword so close to your mule, Arthur. You might hurt the poor beast.	Do not swing your sword so close to your mule, Arthur. You might hurt the poor beast.
Arthur, you must find water soon or you will perish!	Arthur, you must find water soon or you will perish!
Your mule is suffering from lack of water!	Your mule is suffering from lack of water!
Arthur, holding your sword constantly at the ready only serves to tire you more quickly.	Arthur, holding your sword constantly at the ready only serves to tire you more quickly.
Your mule suffers and needs water as urgently as you do.	Your mule suffers and needs water as urgently as you do.
You sold her to Mohammed, as you should remember.	You sold her to Mohammed, as you should remember.
There is no reason to draw your sword here.	There is no reason to draw your sword here.
That is rather difficult, since you do not have your sword.	That is rather difficult, since you do not have your sword.
Pay attention, Arthur. Your sword is sheathed.	Pay attention, Arthur. Your sword is sheathed.
You could, if you but had your sword.	You could, if you but had your sword.
The incantation works no magick upon the rose. It awaits a time when its spell of guiding will be of the most use.	The incantation works no magick upon the rose. It awaits a time when its spell of guiding will be of the most use.
Most poetic, Arthur. And if you had Gwenhyver's rose, the incantation might even have been useful.	Most poetic, Arthur. And if you had Gwenhyver's rose, the incantation might even have been useful.
You are a warrior-king, not a discus thrower.	You are a warrior-king, not a discus thrower.
That is not how one uses a sword, as if I needed to tell you that.	That is not how one uses a sword, as if I needed to tell you that.
The shield could be vital to your continued existence.  Which may not continue much longer with foolish notions like these.	The shield could be vital to your continued existence.  Which may not continue much longer with foolish notions like these.
Life is dangerous enough without tempting fate by rampant stupidity.	Life is dangerous enough without tempting fate by rampant stupidity.
Excaliber is an extension of your very soul.  To abandon it is unthinkable.	Excaliber is an extension of your very soul.  To abandon it is unthinkable.
What a truly mindless idea.	What a truly mindless idea.
What a foolish notion.	What a foolish notion.
That is not only stupid, it is impossible since you do not have it.	That is not only stupid, it is impossible since you do not have it.
There is no need to greet me, Arthur. I am here.	There is no need to greet me, Arthur. I am here.
This is no time to be sitting around.	This is no time to be sitting around.
Is that some sort of odd Gaelic word?	Is that some sort of odd Gaelic word?
Deeds of mindless violence will make you unworthy of the Grail.	Deeds of mindless violence will make you unworthy of the Grail.
This is hardly the time or place.	This is hardly the time or place.
Some other time, mayhaps.	Some other time, mayhaps.
There is no need for that here.	There is no need for that here.
Please do.	Please do.
That has gone with the mule.  A serious setback, but one which must not deter you from your mission.	That has gone with the mule.  A serious setback, but one which must not deter you from your mission.
That is in the pack which is with the mule.....wherever she is.	That is in the pack which is with the mule.....wherever she is.
Only your deeds can determine your fate and it shall not be Merlin that renders the final judgment.	Only your deeds can determine your fate and it shall not be Merlin that renders the final judgment.
No need to thank me. My service is its own reward.	No need to thank me. My service is its own reward.
Very well.	Very well.
It IS a problem with armour. I am sure you will manage somehow.	It IS a problem with armour. I am sure you will manage somehow.
The knight who wins the Grail must be pure of heart, mind, spirit and body. You seem determined to fail.	The knight who wins the Grail must be pure of heart, mind, spirit and body. You seem determined to fail.
Here? In front of god and everybody?	Here? In front of god and everybody?
It is ready upon your arm.	It is ready upon your arm.
The sweet heady smell of the rose reminds you, inevitably, of Gwenhyver.	The sweet heady smell of the rose reminds you, inevitably, of Gwenhyver.
What is it you wish to do instead?	What is it you wish to do instead?
This is not the Chapel of the Two Gods. Here, you can only hope that whatever god or goddess is listening will heed your prayers.	This is not the Chapel of the Two Gods. Here, you can only hope that whatever god or goddess is listening will heed your prayers.
A mysterious request. Try to rephrase it more clearly.	A mysterious request. Try to rephrase it more clearly.
That is rather vague.  Which animal?	That is rather vague.  Which animal?
There are many knights in the world. You must name the one for which you seek.	There are many knights in the world. You must name the one for which you seek.
What difficulty:	What difficulty:
The joust will continue until either you or I have been unhorsed three times. Let it begin!	The joust will continue until either you or I have been unhorsed three times. Let it begin!
You have vanquished the Black Knight, King Arthur!	You have vanquished the Black Knight, King Arthur!
You have struck your first successful blow against the Black Knight!	You have struck your first successful blow against the Black Knight!
You have unhorsed the Black Knight for the second time! Once more and you have won!	You have unhorsed the Black Knight for the second time! Once more and you have won!
Alas! All Camelot will grieve to hear that valiant King Arthur was slain by the Black Knight.	Alas! All Camelot will grieve to hear that valiant King Arthur was slain by the Black Knight.
The Black Knight has unhorsed you for the first time, Arthur. Make it the last!	The Black Knight has unhorsed you for the first time, Arthur. Make it the last!
Beware! The Black Knight has struck a second telling blow against you.	Beware! The Black Knight has struck a second telling blow against you.
OW!	OW!
Deal with the Mad Monk and his illusions! Then you will have time to look around.	Deal with the Mad Monk and his illusions! Then you will have time to look around.
Like a mad dog, he has been destroyed.  Tragic, but necessary.	Like a mad dog, he has been destroyed.  Tragic, but necessary.
Arthur, beware!  Two of these monks are illusions, but one is deadly!	Arthur, beware!  Two of these monks are illusions, but one is deadly!
Kill!  Kill!  Kill!	Kill!  Kill!  Kill!
One must be off a horse to get on a horse.	One must be off a horse to get on a horse.
Your warhorse is trained to be mounted from the left side.	Your warhorse is trained to be mounted from the left side.
You have only begun your journey. You can surely stay in your saddle longer than this.	You have only begun your journey. You can surely stay in your saddle longer than this.
There are very few places in the forest where that would be either safe or advisable.  This is not one of them.	There are very few places in the forest where that would be either safe or advisable.  This is not one of them.
This is no time to wander about on foot. Do get on with your mission.	This is no time to wander about on foot. Do get on with your mission.
Being a superb rider, you do not carry one.	Being a superb rider, you do not carry one.
Not now.  You have places to go.	Not now.  You have places to go.
Your horse is not cold, Arthur.	Your horse is not cold, Arthur.
You already have the reins.	You already have the reins.
Mount your horse first, Arthur.	Mount your horse first, Arthur.
You need not tie a trained warhorse.	You need not tie a trained warhorse.
He looks much the same as last time you looked at him.	He looks much the same as last time you looked at him.
Your horse is built for power, stamina and solidity to carry you with armor and weaponry into battle.  This does not make him a very good jumper.	Your horse is built for power, stamina and solidity to carry you with armor and weaponry into battle.  This does not make him a very good jumper.
Do you suffer from the delusion that you are on a horse?	Do you suffer from the delusion that you are on a horse?
One must generally be on a horse to do that.	One must generally be on a horse to do that.
It would be best to go at a pace the mule can match.	It would be best to go at a pace the mule can match.
Trust the instincts of your well-trained steed.  He knows when to hurry and when to tread with care.	Trust the instincts of your well-trained steed.  He knows when to hurry and when to tread with care.
There will be time enough for that later.	There will be time enough for that later.
Jabir likes not the flash of your steel.	Jabir likes not the flash of your steel.
Jabir likes not the sound of your steel being drawn.	Jabir likes not the sound of your steel being drawn.
You have set Jabir to his heels.  Let us hope that will be the last of him.  You have no strength to spare for chasing him.	You have set Jabir to his heels.  Let us hope that will be the last of him.  You have no strength to spare for chasing him.
Your mule carries your pack containing extra clothes, water and provisions.	Your mule carries your pack containing extra clothes, water and provisions.
That is best left where it is.	That is best left where it is.
For what purpose?	For what purpose?
What you are wearing will do for now.	What you are wearing will do for now.
The frost and ice chill the soul more than the body.	The frost and ice chill the soul more than the body.
It is not THAT cold.	It is not THAT cold.
You are carrying quite enough as it is.  That is why you have a pack mule.	You are carrying quite enough as it is.  That is why you have a pack mule.
The mule does not need the blanket, nor do you need a blanket that smells like a mule.	The mule does not need the blanket, nor do you need a blanket that smells like a mule.
You may talk to your mule all you like, Arthur, as long as you do not expect her to talk back.	You may talk to your mule all you like, Arthur, as long as you do not expect her to talk back.
She already carries the pack and you have your horse.	She already carries the pack and you have your horse.
The weight of the pack is enough.  Your own two feet will serve to carry you.	The weight of the pack is enough.  Your own two feet will serve to carry you.
You must be on your guard here.  Best to wait until you are free of the forest to take your ease.	You must be on your guard here.  Best to wait until you are free of the forest to take your ease.
You did that during your journey here.	You did that during your journey here.
Time enough for that later.  135 For now, think only of your mission.	Time enough for that later.  135 For now, think only of your mission.
The pack washed overboard in the storm, remember?	The pack washed overboard in the storm, remember?
No need.  She will follow you as usual.	No need.  She will follow you as usual.
A mule is not for riding.  Your own two feet will serve to carry you.	A mule is not for riding.  Your own two feet will serve to carry you.
Arthur! The mule is an innocent animal and should be valued. Do try to show some sense.	Arthur! The mule is an innocent animal and should be valued. Do try to show some sense.
Your mule does not need to be tied.	Your mule does not need to be tied.
It is a book of knowledge which should be in your possession already. It looks like this and it is vital that you have it.	It is a book of knowledge which should be in your possession already. It looks like this and it is vital that you have it.
The Message of the Rose is written in your liber ex doctrina.	The Message of the Rose is written in your liber ex doctrina.
Clearly he is not here.	Clearly he is not here.
The Liber ex Doctrina looks like this. I sincerely hope you have it with you.	The Liber ex Doctrina looks like this. I sincerely hope you have it with you.
You have worn these sturdy leather boots on many journeys. They will last quite a while yet.	You have worn these sturdy leather boots on many journeys. They will last quite a while yet.
It's nice armor, isn't it?	It's nice armor, isn't it?
I am only with you in spirit, but that should be enough.	I am only with you in spirit, but that should be enough.
That is on the mule, wherever she is.	That is on the mule, wherever she is.
I see nothing that is significant to your mission.	I see nothing that is significant to your mission.
That would solve nothing.	That would solve nothing.
What an abysmally foolish idea.	What an abysmally foolish idea.
Unnecessary violence is a stain upon the soul.	Unnecessary violence is a stain upon the soul.
You had better don sword and armour first.	You had better don sword and armour first.
I have nothing special to tell you now.	I have nothing special to tell you now.
I have no special knowledge to help you here.	I have no special knowledge to help you here.
I am unable to help more at this time.	I am unable to help more at this time.
That would avail you nothing.	That would avail you nothing.
At the moment, I know no more than you of his fate.	At the moment, I know no more than you of his fate.
I would gladly tell you more if I had the knowledge.	I would gladly tell you more if I had the knowledge.
I can tell you nothing relevant at the moment.	I can tell you nothing relevant at the moment.
Aye, that is the purpose of your mission.	Aye, that is the purpose of your mission.
I do not see how you can, unless you know something I do not.	I do not see how you can, unless you know something I do not.
Obtain only what you need. Your burdens are already great.	Obtain only what you need. Your burdens are already great.
This is no time for the vulgar pursuit of money.	This is no time for the vulgar pursuit of money.
That is not for sale.	That is not for sale.
Search what?	Search what?
There is nothing of interest.	There is nothing of interest.
I would not look up into the blindingly bright sky too often, if I were you.	I would not look up into the blindingly bright sky too often, if I were you.
In your armour?  Without ladder or scaling gear?  Do not be absurd.	In your armour?  Without ladder or scaling gear?  Do not be absurd.
The walls are far too high for that.	The walls are far too high for that.
I can see no purpose in that.	I can see no purpose in that.
You would not enjoy that.  Trust me.	You would not enjoy that.  Trust me.
Draw your sword only when absolutely necessary, or you may attract attention you do not want.  Remember the captain's warning.	Draw your sword only when absolutely necessary, or you may attract attention you do not want.  Remember the captain's warning.
Let us pray that the end of your mission will lie within these walls.	Let us pray that the end of your mission will lie within these walls.
You cannot actually see much of the city from outside the walls.	You cannot actually see much of the city from outside the walls.
At least you know what to expect this time.	At least you know what to expect this time.
Let us hope that other gates will not be as inhospitable as the one you passed.	Let us hope that other gates will not be as inhospitable as the one you passed.
The narrow path around the walls of Jerusalem is hard packed soil.  It drops off quite steeply, so be careful.	The narrow path around the walls of Jerusalem is hard packed soil.  It drops off quite steeply, so be careful.
The Zion Gate is a small gate in the south wall of Jerusalem.	The Zion Gate is a small gate in the south wall of Jerusalem.
The Jaffa Gate is the main gate in the western wall of Jerusalem.	The Jaffa Gate is the main gate in the western wall of Jerusalem.
Some of the spiny plants are Aloe Vera.  The others are some Eastern desert varieties unknown to me.	Some of the spiny plants are Aloe Vera.  The others are some Eastern desert varieties unknown to me.
Trees do not seem to fare well around here.  I see nothing but shrubs.	Trees do not seem to fare well around here.  I see nothing but shrubs.
Aloe Vera is originally from Africa.  The leaves have a bitter, astringent juice within.	Aloe Vera is originally from Africa.  The leaves have a bitter, astringent juice within.
My that IS a steep drop.	My that IS a steep drop.
There is no cause to swear at me, Arthur.  It was your own clumsiness that caused it.	There is no cause to swear at me, Arthur.  It was your own clumsiness that caused it.
Now pick yourself up, dust yourself off, and we shall start all over again.	Now pick yourself up, dust yourself off, and we shall start all over again.
The whirlwind of rose petals will guide and protect you, but only if you stay within it.	The whirlwind of rose petals will guide and protect you, but only if you stay within it.
The petals disperse in an icy wind. You are no longer protected by its spell of guidance.	The petals disperse in an icy wind. You are no longer protected by its spell of guidance.
Rather than waste your time in fruitless endeavors, I advise you to simply avoid the mummies and the urns and concentrate upon your task -- finding a way out of here.	Rather than waste your time in fruitless endeavors, I advise you to simply avoid the mummies and the urns and concentrate upon your task -- finding a way out of here.
The rats are too quick and can hide too easily from your sword. You are wasting precious time, Arthur.	The rats are too quick and can hide too easily from your sword. You are wasting precious time, Arthur.
The elixir is gone and I did not keep track of where you dropped the empty vial.	The elixir is gone and I did not keep track of where you dropped the empty vial.
I am quite disoriented in these catacombs. You could be facing in any direction, for all I can tell.	I am quite disoriented in these catacombs. You could be facing in any direction, for all I can tell.
The red eyes of a poisonous rat glare back at you.	The red eyes of a poisonous rat glare back at you.
There is a plenty of dust and rat droppings.	There is a plenty of dust and rat droppings.
The lethal rats of the catacombs lurk behind these mummies.	The lethal rats of the catacombs lurk behind these mummies.
There is a vaulted stone ceiling.	There is a vaulted stone ceiling.
The floor is made of cold, cold stone.	The floor is made of cold, cold stone.
The poisonous rats are everywhere, but seem to favor the mummies and urns. Best to stay clear of them.	The poisonous rats are everywhere, but seem to favor the mummies and urns. Best to stay clear of them.
Remember the hierophant's warning: one bite means a slow but certain death. To be bitten more than once, will hasten that terrible fate.	Remember the hierophant's warning: one bite means a slow but certain death. To be bitten more than once, will hasten that terrible fate.
The niches hold the mummies, as you can clearly see.	The niches hold the mummies, as you can clearly see.
The doorways are quite low and show how thick the walls are between the rooms.	The doorways are quite low and show how thick the walls are between the rooms.
A spell of warding is one which repels evil spirits or creatures.	A spell of warding is one which repels evil spirits or creatures.
I suppose it could be hidden in these catacombs. You must be alert to any possibility.	I suppose it could be hidden in these catacombs. You must be alert to any possibility.
You let him die, Arthur. Your soul will never be cleansed of this sin.	You let him die, Arthur. Your soul will never be cleansed of this sin.
So close was he to death, that it may take some time for the elixir to work. Your only chance is to find the Grail so that it may heal you.	So close was he to death, that it may take some time for the elixir to work. Your only chance is to find the Grail so that it may heal you.
Though you have not found him, he may yet be in some undiscovered chamber.	Though you have not found him, he may yet be in some undiscovered chamber.
If you seek such knowledge, consult your Liber ex Doctrina.	If you seek such knowledge, consult your Liber ex Doctrina.
There is no mural here.	There is no mural here.
Gnostic means "knowledge." It refers to secretive Christian cults who seek after heavenly knowledge, disdain all matters of the flesh, and worship Sophia, the Great Mother of all wisdom.	Gnostic means "knowledge." It refers to secretive Christian cults who seek after heavenly knowledge, disdain all matters of the flesh, and worship Sophia, the Great Mother of all wisdom.
For the past four centuries they have been heavily persecuted by the Christian sect ruling from Rome and may have met here to worship in secret.	For the past four centuries they have been heavily persecuted by the Christian sect ruling from Rome and may have met here to worship in secret.
To the Gnostics, she is the Great Mother of wisdom, creator of the universe, mother and wife to the god who came after her.	To the Gnostics, she is the Great Mother of wisdom, creator of the universe, mother and wife to the god who came after her.
Because of this belief, the Gnostics also allow women to be priests. And for this reason, the Christians in Rome particularly hate them.	Because of this belief, the Gnostics also allow women to be priests. And for this reason, the Christians in Rome particularly hate them.
The only statue present in the catacombs is that of Aphrodite.	The only statue present in the catacombs is that of Aphrodite.
What statue? I see no statue.	What statue? I see no statue.
It is quite dusty.	It is quite dusty.
The apple made of solid gold was probably once a sacred object in a temple of the Goddess.	The apple made of solid gold was probably once a sacred object in a temple of the Goddess.
The Seeress gave you the green apple, do you not remember?	The Seeress gave you the green apple, do you not remember?
She said that eating it would relieve all your hunger and thirst and give you renewed strength.	She said that eating it would relieve all your hunger and thirst and give you renewed strength.
Doves are a fertility symbol sacred to Aphrodite. But also it is widely believed that the soul becomes a dove at death and flies to heaven.	Doves are a fertility symbol sacred to Aphrodite. But also it is widely believed that the soul becomes a dove at death and flies to heaven.
The best I can tell you at the moment is that the stone dove you carry seems to be a stone dove.	The best I can tell you at the moment is that the stone dove you carry seems to be a stone dove.
These solid, musty rooms absorb your voice. You will have to search room by room.	These solid, musty rooms absorb your voice. You will have to search room by room.
Like the other dead souls in this place, he can no longer answer you.	Like the other dead souls in this place, he can no longer answer you.
Do not expect him to answer. Even if he could hear you, he will not yet be healed and conscious.	Do not expect him to answer. Even if he could hear you, he will not yet be healed and conscious.
There are poisonous.	There are poisonous.
No need. If you do not find a way out of these catacombs, you will BE dust.	No need. If you do not find a way out of these catacombs, you will BE dust.
One disgusting old bone is quite enough.	One disgusting old bone is quite enough.
There are no loose bones here to pick up, Arthur, and there are rats lurking around the mummies.	There are no loose bones here to pick up, Arthur, and there are rats lurking around the mummies.
You don't have one.	You don't have one.
Not now. Keep your mind on what you are doing.	Not now. Keep your mind on what you are doing.
I cannot imagine a use for it....except for rats to gnaw upon.	I cannot imagine a use for it....except for rats to gnaw upon.
Disgusting. You are a king, not a ghoul.	Disgusting. You are a king, not a ghoul.
Nothing happens.	Nothing happens.
Treat the dead with respect and caution. Especially in this place. And beware the rats.	Treat the dead with respect and caution. Especially in this place. And beware the rats.
It is a mummy. It has been dead for perhaps hundreds of years. Do try to show some sense.	It is a mummy. It has been dead for perhaps hundreds of years. Do try to show some sense.
Mummies are not known for their witty conversation.	Mummies are not known for their witty conversation.
It is good that no-one else is here to see you having a one-sided conversation with a poisonous rat.	It is good that no-one else is here to see you having a one-sided conversation with a poisonous rat.
Considering the danger of their bite, you are best to avoid these rats at all costs.	Considering the danger of their bite, you are best to avoid these rats at all costs.
They have plenty of bones to gnaw on.	They have plenty of bones to gnaw on.
That would be exceedingly foolish.	That would be exceedingly foolish.
You are already wearing it.	You are already wearing it.
You do not have a medallion.	You do not have a medallion.
That would not be wise. It has a powerful warding spell upon it.	That would not be wise. It has a powerful warding spell upon it.
Even King Midas could not eat a golden apple.	Even King Midas could not eat a golden apple.
You have two apples to choose from. The green apple and the golden apple.	You have two apples to choose from. The green apple and the golden apple.
Aye, but how?	Aye, but how?
Clearly your challenge is to escape these catacombs. You must use your wits to discover the means.	Clearly your challenge is to escape these catacombs. You must use your wits to discover the means.
There is no-one here who still desires mortal things.	There is no-one here who still desires mortal things.
That is the purpose of your mission. I pray you will succeed.	That is the purpose of your mission. I pray you will succeed.
Arthur! Beware the rats! Any closer and you will be bitten!	Arthur! Beware the rats! Any closer and you will be bitten!
Your strength is fading. The remorseless hand of Death draws near.	Your strength is fading. The remorseless hand of Death draws near.
Another quest turned to dust, Another feast for the worms.	Another quest turned to dust, Another feast for the worms.
I thank you, habib, but you need not pay me until we reach Jerusalem.	I thank you, habib, but you need not pay me until we reach Jerusalem.
Do not lay hands upon me, foreigner!	Do not lay hands upon me, foreigner!
Eh?  Dagger?  I have no dagger, habib.	Eh?  Dagger?  I have no dagger, habib.
I did not bring one for this trip.  The desert is no threat to me.	I did not bring one for this trip.  The desert is no threat to me.
An odd trinket, of no use to me.  I would prefer money.	An odd trinket, of no use to me.  I would prefer money.
I would prefer money in exchange for my services.  We will discuss it at Jerusalem.	I would prefer money in exchange for my services.  We will discuss it at Jerusalem.
You have no waterskin?  A pity.  I need none, for I can well endure the desert.  You had best follow me closely to reach the water you need.	You have no waterskin?  A pity.  I need none, for I can well endure the desert.  You had best follow me closely to reach the water you need.
Jabir means to kill you, Arthur!	Jabir means to kill you, Arthur!
This name means nothing to me.	This name means nothing to me.
You will see the walls of Jerusalem soon enough, but first you must have water.	You will see the walls of Jerusalem soon enough, but first you must have water.
Only one such as I knows the unmarked paths of the desert.	Only one such as I knows the unmarked paths of the desert.
Beware of mirages.  They will only lead you astray to your death.	Beware of mirages.  They will only lead you astray to your death.
Your mule will last no longer than you without water.	Your mule will last no longer than you without water.
Follow me.  I will lead you directly to water.	Follow me.  I will lead you directly to water.
I know where every wadi is hidden.  Follow me.	I know where every wadi is hidden.  Follow me.
Thief!  Robber!  You come seeking treasure, but you will find only death!	Thief!  Robber!  You come seeking treasure, but you will find only death!
Thief!  Dog of a bandit!  I should have known at once from your evil face!	Thief!  Dog of a bandit!  I should have known at once from your evil face!
So! You have revealed yourself, enemy, as I knew you would!	So! You have revealed yourself, enemy, as I knew you would!
The power is mine!  Mine!  I will never share it!	The power is mine!  Mine!  I will never share it!
But you will never rob me, you devil!	But you will never rob me, you devil!
Thief!  Robber!  You will never leave here alive!	Thief!  Robber!  You will never leave here alive!
Greetings, stranger.  Welcome to Glastonbury Tor.	Greetings, stranger.  Welcome to Glastonbury Tor.
Arthur.  The monk IS mad!	Arthur.  The monk IS mad!
He does not answer yet. Try getting a bit closer.	He does not answer yet. Try getting a bit closer.
I have made you welcome, though I wonder what your purpose may be, you with armour, shield and sword.	I have made you welcome, though I wonder what your purpose may be, you with armour, shield and sword.
Well, la-dee-da.  And I am the Emperor of Rome.	Well, la-dee-da.  And I am the Emperor of Rome.
That rose smells of woman's magick.  I will not touch it.	That rose smells of woman's magick.  I will not touch it.
I know that sleeve well.  It tells me that you are a great warrior, but less wise than you could be.	I know that sleeve well.  It tells me that you are a great warrior, but less wise than you could be.
Men in armour make me nervous. Go away.	Men in armour make me nervous. Go away.
As you can see, I am but an old, poor, helpless monk seeking enlightenment through solitude.  I am amazed you have passed the riddle stones, for your own face betrays no great intelligence.	As you can see, I am but an old, poor, helpless monk seeking enlightenment through solitude.  I am amazed you have passed the riddle stones, for your own face betrays no great intelligence.
They were once five poets, but the witch turned them to stone. Had you heard their poetry, you would understand why.	They were once five poets, but the witch turned them to stone. Had you heard their poetry, you would understand why.
I will only say that there is someone who wants it a great deal more than I.	I will only say that there is someone who wants it a great deal more than I.
The altar is ancient and has been here since the Druids worshipped upon this hill.	The altar is ancient and has been here since the Druids worshipped upon this hill.
They tell wondrous secrets, but only to me.	They tell wondrous secrets, but only to me.
I will never reveal my secrets!	I will never reveal my secrets!
I cannot fathom what you mean, pilgrim.	I cannot fathom what you mean, pilgrim.
It is a ruined, desolate, lonely place. You cannot be enjoying it, so go away.	It is a ruined, desolate, lonely place. You cannot be enjoying it, so go away.
I believe that I shall live forever.	I believe that I shall live forever.
I believe the world revolves around my navel.	I believe the world revolves around my navel.
I believe you are the nosiest man I ever met.	I believe you are the nosiest man I ever met.
Do you hear the chanting?  Aye, day and night they chant, the ghosts of the Old Ones.  I am never free of it.	Do you hear the chanting?  Aye, day and night they chant, the ghosts of the Old Ones.  I am never free of it.
When I am left alone, I can seek enlightenment. If you wish to help me attain that exalted state, you will go away.	When I am left alone, I can seek enlightenment. If you wish to help me attain that exalted state, you will go away.
I did not become a monk just so I could stand around answering your questions all day.	I did not become a monk just so I could stand around answering your questions all day.
I have no use for such a trinket.	I have no use for such a trinket.
I should have expected no less from an armed barbarian.	I should have expected no less from an armed barbarian.
You have been hacked to death by the Saracen.  Let us hope you will be a better swordsman in your next life.	You have been hacked to death by the Saracen.  Let us hope you will be a better swordsman in your next life.
Ah. The rat's poison has caught up with you. You have lost your desperate battle against time. Now, you shall have eternity to regret it.	Ah. The rat's poison has caught up with you. You have lost your desperate battle against time. Now, you shall have eternity to regret it.
Now that the fight is over, the helmet also disappears.	Now that the fight is over, the helmet also disappears.
You grow steadily weaker. Seek triumph from strategy, my king, as your strength wanes.	You grow steadily weaker. Seek triumph from strategy, my king, as your strength wanes.
Your death is near! You must win now or lose all.	Your death is near! You must win now or lose all.
Arthur, you are over-exerting yourself. Slow down, or you will lack the strength to fight.	Arthur, you are over-exerting yourself. Slow down, or you will lack the strength to fight.
Your sword feels as heavy as lead. Defend yourself with your shield until some of your strength returns.	Your sword feels as heavy as lead. Defend yourself with your shield until some of your strength returns.
Excaliber flashes in your skilled hands. Victory is imminent!	Excaliber flashes in your skilled hands. Victory is imminent!
The Saracen weakens under your skillful attack. Keep fighting like this and you will be victorious.	The Saracen weakens under your skillful attack. Keep fighting like this and you will be victorious.
Your skull is cracked, Your body dead, Your brains are gone, Your spirit fled, The Monk played tag Upon your head.	Your skull is cracked, Your body dead, Your brains are gone, Your spirit fled, The Monk played tag Upon your head.
Arrghh...in vino veritas...	Arrghh...in vino veritas...
Well done, Arthur!	Well done, Arthur!
We are the Old Ones and you have killed the monk, our servant, the only servant we have had for centuries.	We are the Old Ones and you have killed the monk, our servant, the only servant we have had for centuries.
You must take his place.  You will never leave here, unless you can appease us for this loss.	You must take his place.  You will never leave here, unless you can appease us for this loss.
In this section of the temple there are four broken and fallen pillars.	In this section of the temple there are four broken and fallen pillars.
In this section of the Temple there are three broken pillars and an indentation where a fourth pillar once stood.	In this section of the Temple there are three broken pillars and an indentation where a fourth pillar once stood.
These steps must be the only remnant of the original door to the Temple. At the threshold there is a lunar spiral engraved in the marble.	These steps must be the only remnant of the original door to the Temple. At the threshold there is a lunar spiral engraved in the marble.
There are also three broken pillars and an indentation where a fourth pillar once stood.	There are also three broken pillars and an indentation where a fourth pillar once stood.
An interesting idea, if one can find a way to do so.	An interesting idea, if one can find a way to do so.
You cannot see beyond the walls surrounding the Temple except for a glimpse of tree tops and tiled roofs in the distance.	You cannot see beyond the walls surrounding the Temple except for a glimpse of tree tops and tiled roofs in the distance.
No part of the Temple's roof remains. Only the sky arches overhead.	No part of the Temple's roof remains. Only the sky arches overhead.
The floor of the Temple is made of marble, weathered from the ages and invaded by weeds.	The floor of the Temple is made of marble, weathered from the ages and invaded by weeds.
You will never see her again.	You will never see her again.
She will reveal herself to you only when she is ready.	She will reveal herself to you only when she is ready.
This part of the Temple of Aphrodite is surrounded by high walls without doors or windows. There is no way out from this direction.	This part of the Temple of Aphrodite is surrounded by high walls without doors or windows. There is no way out from this direction.
By all that is sacred, King Arthur, go where the dove leads you and forget all else!	By all that is sacred, King Arthur, go where the dove leads you and forget all else!
Arthur, pay attention! A powerful foe awaits you. This is no time to play at being Sampson.	Arthur, pay attention! A powerful foe awaits you. This is no time to play at being Sampson.
The pedestal is immovable.	The pedestal is immovable.
I sense that the power of the Goddess keeps you from treading there, where once her holy of holies must have been kept.	I sense that the power of the Goddess keeps you from treading there, where once her holy of holies must have been kept.
Die, infidel	Die, infidel
I was going to make a remark about using your brains, Arthur, but since I see they are all over the ground, along with your blood, heart, kidneys, liver, lungs and intestines, I guess there is no point.	I was going to make a remark about using your brains, Arthur, but since I see they are all over the ground, along with your blood, heart, kidneys, liver, lungs and intestines, I guess there is no point.
YOU MAY NOT PASS THIS WAY!  Do not annoy us, infidel.	YOU MAY NOT PASS THIS WAY!  Do not annoy us, infidel.
What utterly stupid animals they are!	What utterly stupid animals they are!
Aye, the woman is herding away her sheep.  What utterly stupid animals they are.	Aye, the woman is herding away her sheep.  What utterly stupid animals they are.
She shows not the least interest in talking to you.	She shows not the least interest in talking to you.
Sheep are the most brainless creatures upon the face of the earth.  That does not bode well for someone who wants to talk to them.	Sheep are the most brainless creatures upon the face of the earth.  That does not bode well for someone who wants to talk to them.
You missed.  A large, heavy sword is not the best method for this, perhaps.	You missed.  A large, heavy sword is not the best method for this, perhaps.
Fast little devils, are they not?	Fast little devils, are they not?
If you mean the legged creature that scurried past, it was a lizard.	If you mean the legged creature that scurried past, it was a lizard.
It is not worth the effort...unless you are well and truly desperate enough.	It is not worth the effort...unless you are well and truly desperate enough.
This lizard is moving too fast for you.	This lizard is moving too fast for you.
The lizard is too far away.	The lizard is too far away.
Aye, you see Launcelot making love to Gwenhyver, but it is only a mirage, a torment from your own mind.	Aye, you see Launcelot making love to Gwenhyver, but it is only a mirage, a torment from your own mind.
You see the image of Gwenhyver making love to Launcelot, but it is only a mirage created from your inner fears in your fevered state.	You see the image of Gwenhyver making love to Launcelot, but it is only a mirage created from your inner fears in your fevered state.
The mirage takes the shapes of Gwenhyver and Launcelot in a lovers' embrace.  This is a delusion, Arthur, caused by the torment of your own mind.	The mirage takes the shapes of Gwenhyver and Launcelot in a lovers' embrace.  This is a delusion, Arthur, caused by the torment of your own mind.
It is indeed an illusion, created by your own eyes, shaped by your fevered and tormented mind.	It is indeed an illusion, created by your own eyes, shaped by your fevered and tormented mind.
Your land and your people will die unless you fulfill your quest.  Do not give up.	Your land and your people will die unless you fulfill your quest.  Do not give up.
Images shimmer and appear in the veils of rising heat.  It is Gwenhyver and Launcelot embracing.	Images shimmer and appear in the veils of rising heat.  It is Gwenhyver and Launcelot embracing.
This image is but a vision of your own fears and jealousies, driven to the surface by your fevered, desperate brain.	This image is but a vision of your own fears and jealousies, driven to the surface by your fevered, desperate brain.
Survival is more important than good taste, Arthur.	Survival is more important than good taste, Arthur.
That was rather revolting, but at least the lizard's blood has revived you a tiny bit.	That was rather revolting, but at least the lizard's blood has revived you a tiny bit.
The lizard slipped past you.	The lizard slipped past you.
Alas, you did not find water in time!  You die as parched as a piece of old leather, and soon your bones will adorn the sands.	Alas, you did not find water in time!  You die as parched as a piece of old leather, and soon your bones will adorn the sands.
Alas, your strength failed and you died at the very edge of the water you so desperately needed. Truly, there is no justice in life.	Alas, your strength failed and you died at the very edge of the water you so desperately needed. Truly, there is no justice in life.
To add insult to injury, the scoundrel Jabir robs your corpse.	To add insult to injury, the scoundrel Jabir robs your corpse.
That shimmer looks suspiciously like water.	That shimmer looks suspiciously like water.
It is indeed an illusion, created by your own eyes in the heat and thirst of the moment.	It is indeed an illusion, created by your own eyes in the heat and thirst of the moment.
800 years before the birth of Christ, King Hezekiah ruled a city built on the large hill above this tunnel.	800 years before the birth of Christ, King Hezekiah ruled a city built on the large hill above this tunnel.
The Assyrians were coming to attack the city, and the only source of water, the Spring of Gihon, lay before them at the base of the city.	The Assyrians were coming to attack the city, and the only source of water, the Spring of Gihon, lay before them at the base of the city.
Hezekiah sent two teams of men to dig a tunnel.  One began at the Spring, the other from the opposite side of the hill.	Hezekiah sent two teams of men to dig a tunnel.  One began at the Spring, the other from the opposite side of the hill.
It is an amazing feat of that age that they dug through solid rock and met in the middle, thus forming this underground aqueduct.	It is an amazing feat of that age that they dug through solid rock and met in the middle, thus forming this underground aqueduct.
The water flowed then from the Spring, which was covered over from sight, to the Pool of Siloam, hidden upon the far side of the hill.	The water flowed then from the Spring, which was covered over from sight, to the Pool of Siloam, hidden upon the far side of the hill.
When the enemy arrived, they found no water and were forced to give up their seige.  Thus did King Hezekiah save his city.	When the enemy arrived, they found no water and were forced to give up their seige.  Thus did King Hezekiah save his city.
And yet, of that city no trace remains, and in its place the city now known as Jerusalem was built upon a larger hill to the north.	And yet, of that city no trace remains, and in its place the city now known as Jerusalem was built upon a larger hill to the north.
If only you had a waterskin, but you do not.  You must drink your fill and reach Jerusalem as quickly as possible.	If only you had a waterskin, but you do not.  You must drink your fill and reach Jerusalem as quickly as possible.
They were foes of King Hezekiah.	They were foes of King Hezekiah.
You may as well get started.  You have a long walk back.	You may as well get started.  You have a long walk back.
It must be near.	It must be near.
You are under a hill at present.	You are under a hill at present.
The Spring of Gihon lies upon the far side of the large hill through which this aqueduct was dug.  It was hidden by King Hezekiah centuries ago.	The Spring of Gihon lies upon the far side of the large hill through which this aqueduct was dug.  It was hidden by King Hezekiah centuries ago.
The Pool of Siloam is fed by the Spring of Gihon through Hezekiah's Aqueduct.	The Pool of Siloam is fed by the Spring of Gihon through Hezekiah's Aqueduct.
The cold water within this cool tunnel sends a shiver running through your body.	The cold water within this cool tunnel sends a shiver running through your body.
The waters of the Pool of Siloam are cold and pure and fill you with relief.	The waters of the Pool of Siloam are cold and pure and fill you with relief.
I fear the sight of you was too much for that poor girl.  She ran as though you were an evil djin.	I fear the sight of you was too much for that poor girl.  She ran as though you were an evil djin.
Such profane thoughts betray a moral weakness which may make you unworthy to find or possess the Grail.  You must control yourself.	Such profane thoughts betray a moral weakness which may make you unworthy to find or possess the Grail.  You must control yourself.
The girl, and her jug, have vanished over the hill.	The girl, and her jug, have vanished over the hill.
The girl has no interest in coming near you, let alone taking your money.	The girl has no interest in coming near you, let alone taking your money.
She clearly has no desire to speak to you.	She clearly has no desire to speak to you.
The girl found you most frightening and wanted nothing to do with you.	The girl found you most frightening and wanted nothing to do with you.
The girl's jar was designed for carrying water.	The girl's jar was designed for carrying water.
Do watch your step, Arthur.  You cannot afford to be careless.	Do watch your step, Arthur.  You cannot afford to be careless.
I doubt the natives will appreciate the mess you have made for them to clean up.  In your next life, do be more careful about where you step.	I doubt the natives will appreciate the mess you have made for them to clean up.  In your next life, do be more careful about where you step.
You are ignored, perhaps because you are obviously a 'foreign devil.'	You are ignored, perhaps because you are obviously a 'foreign devil.'
No one is here.	No one is here.
I do not know of it.	I do not know of it.
Never heard of him.	Never heard of him.
That brings you nothing but a look of confusion.	That brings you nothing but a look of confusion.
They are here to look for thieves.	They are here to look for thieves.
I am not certain who you mean.	I am not certain who you mean.
It would be best to ask a merchant about the price of a certain thing.	It would be best to ask a merchant about the price of a certain thing.
I have nothing to say about him.	I have nothing to say about him.
I have nothing to say about her.	I have nothing to say about her.
Those who spend money are always welcome here.	Those who spend money are always welcome here.
You must not draw a weapon without good cause in this bazaar. The Muslims will not tolerate it and there are many of them and only one of you.	You must not draw a weapon without good cause in this bazaar. The Muslims will not tolerate it and there are many of them and only one of you.
The apple works its spell. Your hunger and thirst vanish. The heaviness of your limbs is lightened.	The apple works its spell. Your hunger and thirst vanish. The heaviness of your limbs is lightened.
Often great wisdom and power may be hidden in a most ordinary guise.	Often great wisdom and power may be hidden in a most ordinary guise.
Waste no time. Go to Fatima at once.	Waste no time. Go to Fatima at once.
The Truth Spell of the Seeress provides you with the means to learn what a person wants. How you act upon that knowledge is the test placed before you.	The Truth Spell of the Seeress provides you with the means to learn what a person wants. How you act upon that knowledge is the test placed before you.
In Camelot, you may go anywhere you like, but not in Jerusalem.	In Camelot, you may go anywhere you like, but not in Jerusalem.
Are you sure you have the right merchant for that?	Are you sure you have the right merchant for that?
No-one answers to that title here.	No-one answers to that title here.
She warned you it was delicate. Since you failed to eat it, it has fallen apart.	She warned you it was delicate. Since you failed to eat it, it has fallen apart.
You need to buy one, before you can eat it.	You need to buy one, before you can eat it.
I do not think she heard you.	I do not think she heard you.
Most of it is written in Hebrew, of which I know very little.	Most of it is written in Hebrew, of which I know very little.
I cannot quite tell precisely what the Hebrew graffiti says, but some of it, I believe, mentions dysentery.	I cannot quite tell precisely what the Hebrew graffiti says, but some of it, I believe, mentions dysentery.
"Habib" means simply "friend", but "habibi" is a warmer greeting, like saying "my friend".	"Habib" means simply "friend", but "habibi" is a warmer greeting, like saying "my friend".
Do not even consider it.	Do not even consider it.
In this dangerous land, that would be as good as death.	In this dangerous land, that would be as good as death.
You are fit only to be a warrior in this land and Jerusalem has all the warriors it needs.	You are fit only to be a warrior in this land and Jerusalem has all the warriors it needs.
You must use your wits if you hope to obtain money.	You must use your wits if you hope to obtain money.
Use carefully what you have. That is more important than how much you can accumulate.	Use carefully what you have. That is more important than how much you can accumulate.
That was a bloody waste.	That was a bloody waste.
That is beneath your dignity.	That is beneath your dignity.
You have neither the means nor the need.	You have neither the means nor the need.
It is made of metal. You cannot break it.	It is made of metal. You cannot break it.
It would not suit you.	It would not suit you.
I challenge you to find a use for this piece of cheap tin you have bought so dearly.	I challenge you to find a use for this piece of cheap tin you have bought so dearly.
The birds already eat their fill from the grain merchant's spillage.	The birds already eat their fill from the grain merchant's spillage.
It is a foolish man who scatters grain upon barren ground for no reason.	It is a foolish man who scatters grain upon barren ground for no reason.
I do not think you would enjoy eating raw grain.	I do not think you would enjoy eating raw grain.
Eat raw meat? In THIS climate? I think not.	Eat raw meat? In THIS climate? I think not.
First, you must have money.	First, you must have money.
You should be able to find what you need within this bazaar.	You should be able to find what you need within this bazaar.
The many and varied smells of Jerusalem are, uhm, interesting, to say the least.	The many and varied smells of Jerusalem are, uhm, interesting, to say the least.
Nay! Jerusalem is ruled by the laws of Islam where they will cut off the hand of a thief.	Nay! Jerusalem is ruled by the laws of Islam where they will cut off the hand of a thief.
Do not be disgusting.	Do not be disgusting.
Sa'alam aleikem. Peace be unto you.	Sa'alam aleikem. Peace be unto you.
How can you tell a man is a hierophant merely by looking? You must seek words or deeds for such a judgment.	How can you tell a man is a hierophant merely by looking? You must seek words or deeds for such a judgment.
It is a word from ancient Greece meaning one who has knowledge of sacred mysteries.	It is a word from ancient Greece meaning one who has knowledge of sacred mysteries.
The gutter which runs down the center of the Street of David is most unsavory.	The gutter which runs down the center of the Street of David is most unsavory.
The water in the gutter is unfit for any use.	The water in the gutter is unfit for any use.
The street is paved of ancient stones, many hundreds of years older than Camelot.	The street is paved of ancient stones, many hundreds of years older than Camelot.
Nearly all of Jerusalem is made of the same, buff- coloured stone.	Nearly all of Jerusalem is made of the same, buff- coloured stone.
The walls are mainly of the buff-coloured stone predominant here, or brick and plaster.	The walls are mainly of the buff-coloured stone predominant here, or brick and plaster.
There is nothing unusual about it.	There is nothing unusual about it.
You mean that girl with the cage of doves? Pretty little thing, was she not?	You mean that girl with the cage of doves? Pretty little thing, was she not?
What girl? Did I miss something?	What girl? Did I miss something?
The coins of Jerusalem are the dinar which is gold, the dirham which is silver, and the fals which is copper.	The coins of Jerusalem are the dinar which is gold, the dirham which is silver, and the fals which is copper.
I can add nothing more to what you already know.	I can add nothing more to what you already know.
I shall know who and what she is when you do.	I shall know who and what she is when you do.
You are not standing near that merchant.	You are not standing near that merchant.
The city guards roam the bazaar, restless for any excuse to use their swords.	The city guards roam the bazaar, restless for any excuse to use their swords.
You no longer have a purse, Arthur. You are alone in a strange city in a distant land without so much as a single copper coin.	You no longer have a purse, Arthur. You are alone in a strange city in a distant land without so much as a single copper coin.
I doubt if that thief would dare to show his face here again.	I doubt if that thief would dare to show his face here again.
I have said all I ever care to say about the mule.	I have said all I ever care to say about the mule.
She continues to follow you.	She continues to follow you.
She was with you when you entered Jerusalem. You had better look for her.	She was with you when you entered Jerusalem. You had better look for her.
It is a common form of headdress in such a hot climate.	It is a common form of headdress in such a hot climate.
The sun bakes the streets of Jerusalem.	The sun bakes the streets of Jerusalem.
Please attempt to control this rampage of excessive generosity.	Please attempt to control this rampage of excessive generosity.
I do not think that will be of interest to this merchant. Usually merchants wish to sell, not buy.	I do not think that will be of interest to this merchant. Usually merchants wish to sell, not buy.
You must have a buyer first.	You must have a buyer first.
I do not have that for sale.	I do not have that for sale.
Difficult, since you are not dealing with anyone at the moment.	Difficult, since you are not dealing with anyone at the moment.
It might be of better use elsewhere.	It might be of better use elsewhere.
That would be cruel, Arthur.	That would be cruel, Arthur.
Kus em'ak.	Kus em'ak.
Yesh l'cha chara l'sechel.	Yesh l'cha chara l'sechel.
Ta'sim et ze b'tachat!	Ta'sim et ze b'tachat!
Ta'chel chara.	Ta'chel chara.
The doves are safely in their cage.	The doves are safely in their cage.
There are some doves up on the awning above you.	There are some doves up on the awning above you.
There are some doves up on the awning and balcony above you.	There are some doves up on the awning and balcony above you.
They are in the cage. You have caught them all.	They are in the cage. You have caught them all.
You would be taken for a lunatic if you stood here making bird calls.	You would be taken for a lunatic if you stood here making bird calls.
How bitterly this poor girl weeps! She is much distressed.	How bitterly this poor girl weeps! She is much distressed.
She waits for you to follow her advice.	She waits for you to follow her advice.
Six doves sit in the cage.	Six doves sit in the cage.
The cage is empty.	The cage is empty.
Your tasks are done. Go now to the Seeress, for she awaits you.	Your tasks are done. Go now to the Seeress, for she awaits you.
The poor girl is crying too much to speak again.	The poor girl is crying too much to speak again.
Money will not solve this poor girl's problem.	Money will not solve this poor girl's problem.
As an initiate of the Goddess, I may not accept money from a man.	As an initiate of the Goddess, I may not accept money from a man.
But, sir, of what use is grain to me?	But, sir, of what use is grain to me?
How do you intend to feed them?	How do you intend to feed them?
Ione will take care of them now.	Ione will take care of them now.
But what would that accomplish? Perhaps if you explained more clearly.	But what would that accomplish? Perhaps if you explained more clearly.
But I have no money.	But I have no money.
And how do you propose to do that, Arthur?	And how do you propose to do that, Arthur?
She does not need any help.	She does not need any help.
Perhaps once her problem is solved, the poor girl will feel more like having a casual conversation.	Perhaps once her problem is solved, the poor girl will feel more like having a casual conversation.
She is too distraught to speak.	She is too distraught to speak.
Only the Seeress can answer this question.	Only the Seeress can answer this question.
Seek your answers from the Seeress.	Seek your answers from the Seeress.
That would not help.	That would not help.
You thought me only a simple girl, but I am an initiate of the Goddess sent to watch and test you.	You thought me only a simple girl, but I am an initiate of the Goddess sent to watch and test you.
King Arthur, you have finished your tasks with this act of cleverness. Return to the Seeress for her judgment.	King Arthur, you have finished your tasks with this act of cleverness. Return to the Seeress for her judgment.
I dropped the cage and all my mistress' doves escaped. They will not come back and they are prize doves, hand fed by my mistress from hatchlings!	I dropped the cage and all my mistress' doves escaped. They will not come back and they are prize doves, hand fed by my mistress from hatchlings!
She trusted me with them. I dare not go back without them! Oh, misery!	She trusted me with them. I dare not go back without them! Oh, misery!
Mmmmm, so who are you, with lungs like the hamsin, the all-powerful wind? I see you are a foreigner, but from the look of you, not a very rich one. I only have time for rich men.	Mmmmm, so who are you, with lungs like the hamsin, the all-powerful wind? I see you are a foreigner, but from the look of you, not a very rich one. I only have time for rich men.
Oh, it is you again. The mirror is wonderful. Well, what do you want? Speak up, I have a customer arriving soon.	Oh, it is you again. The mirror is wonderful. Well, what do you want? Speak up, I have a customer arriving soon.
You grow annoying. What do you want, infidel?	You grow annoying. What do you want, infidel?
I do not think the word "girl" is appropriate for this strumpet.	I do not think the word "girl" is appropriate for this strumpet.
From the layers of paint upon her face, the excessive jewelry, the dyed hair and other signs, I would call this woman more than a trifle vain.	From the layers of paint upon her face, the excessive jewelry, the dyed hair and other signs, I would call this woman more than a trifle vain.
The woman, Mari, is not shy about displaying her attributes.	The woman, Mari, is not shy about displaying her attributes.
The smell of her cheap ointments overwhelms even the odors of the gutter.	The smell of her cheap ointments overwhelms even the odors of the gutter.
She pays no attention to you at the moment.	She pays no attention to you at the moment.
Chalas! Enough! I can hear you.	Chalas! Enough! I can hear you.
Ooh, big tough man. I am soooooo frightened. Better put away your sword, stupid infidel. One scream from me and the city guards will come running.	Ooh, big tough man. I am soooooo frightened. Better put away your sword, stupid infidel. One scream from me and the city guards will come running.
I cannot stand here talking all day. I have business to do. If you want something, speak up.	I cannot stand here talking all day. I have business to do. If you want something, speak up.
I am very unhappy right now. I know I am very beautiful, but I have no way to see my own beauty as others see it.	I am very unhappy right now. I know I am very beautiful, but I have no way to see my own beauty as others see it.
And curse that wretched Ibrahim. He left me for his wife, of all things! At least I have kept his precious veil for revenge.	And curse that wretched Ibrahim. He left me for his wife, of all things! At least I have kept his precious veil for revenge.
My arms are not that long, foolish man, but... mmmm...I would dearly love to have that mirror.	My arms are not that long, foolish man, but... mmmm...I would dearly love to have that mirror.
If it were only money I wanted, I could have taken money from Ibrahim. But he dared to say I was vain because I wish to see my own beauty and he would have no part of it.	If it were only money I wanted, I could have taken money from Ibrahim. But he dared to say I was vain because I wish to see my own beauty and he would have no part of it.
He probably gave you money, hoping to trick me. But it will not work. I will get what I want, or you get nothing.	He probably gave you money, hoping to trick me. But it will not work. I will get what I want, or you get nothing.
What would I want with a mule, silly man?	What would I want with a mule, silly man?
I do not want that. Quit wasting my time.	I do not want that. Quit wasting my time.
Since you gave me the mirror, I will give you the veil as a favor. Wait a moment.	Since you gave me the mirror, I will give you the veil as a favor. Wait a moment.
Well.....since you gave me the mirror, I will do you this favor. Wait a moment.	Well.....since you gave me the mirror, I will do you this favor. Wait a moment.
If you are a friend of Ibrahim, you are no friend of mine. He prefers his wife to me, the scoundrel. Let him suffer. He will never get the veil from me.	If you are a friend of Ibrahim, you are no friend of mine. He prefers his wife to me, the scoundrel. Let him suffer. He will never get the veil from me.
Unless, of course, you care to bring me something of greater value. Something that would allow me to see my great beauty as others see it.	Unless, of course, you care to bring me something of greater value. Something that would allow me to see my great beauty as others see it.
I told you, I will exchange it for a way to see for myself how beautiful I am.	I told you, I will exchange it for a way to see for myself how beautiful I am.
Whatever for? Your sword and armour are unequaled in quality.	Whatever for? Your sword and armour are unequaled in quality.
You are more a boy than a man if you think that is what I sell.	You are more a boy than a man if you think that is what I sell.
I shudder to think what you would catch if you were to do so.	I shudder to think what you would catch if you were to do so.
Open my door to you? You could not afford me.	Open my door to you? You could not afford me.
I do not want to talk about the scoundrel. I hope he suffers because he will never get the veil from me.	I do not want to talk about the scoundrel. I hope he suffers because he will never get the veil from me.
Mmmmm, I would dearly love him as a customer, but he has no time for me.	Mmmmm, I would dearly love him as a customer, but he has no time for me.
He is a fat, prudish pig who will not do business with me.	He is a fat, prudish pig who will not do business with me.
I only have time for rich men.	I only have time for rich men.
I will only be happy when I can see for myself how beautiful I am.	I will only be happy when I can see for myself how beautiful I am.
A woman as beautiful as me should have a mirror.	A woman as beautiful as me should have a mirror.
Her? Hah! Men think she is so beautiful, but she is nothing compared to me!	Her? Hah! Men think she is so beautiful, but she is nothing compared to me!
Oh, quit wasting my time.	Oh, quit wasting my time.
My, Ibrahim must grow desperate indeed to send you after his precious veil. You may tell him it is not for sale.	My, Ibrahim must grow desperate indeed to send you after his precious veil. You may tell him it is not for sale.
This overpainted trollop can do without that.	This overpainted trollop can do without that.
You truly are a pest. Go away.	You truly are a pest. Go away.
This damsel is not in distress, Arthur.	This damsel is not in distress, Arthur.
So, you are smarter than you look.	So, you are smarter than you look.
When I have the mirror, you may have the veil.	When I have the mirror, you may have the veil.
It is true! I am as beautiful as they say! Even more so!	It is true! I am as beautiful as they say! Even more so!
Hmmph. And they say mirrors cannot lie. Hah!	Hmmph. And they say mirrors cannot lie. Hah!
A most formidable looking man, but with an honest face. I would say he was previously a soldier who has gone into business selling what he knows best.	A most formidable looking man, but with an honest face. I would say he was previously a soldier who has gone into business selling what he knows best.
He wears an extremely good scimitar and dagger and from the looks of him, he knows how to use them.	He wears an extremely good scimitar and dagger and from the looks of him, he knows how to use them.
Mohammed is busy closing his shop.	Mohammed is busy closing his shop.
Perhaps you should move closer	Perhaps you should move closer
There is no-one inside my shop. I have closed up.	There is no-one inside my shop. I have closed up.
I would not annoy Mohammed by trying that when his shop is clearly closed.	I would not annoy Mohammed by trying that when his shop is clearly closed.
Thought I would wait and see how you fared, warrior. I take it things do not go well. I am sorry to see it. If I were not about to leave on a long journey, I would take you in as my guest.	Thought I would wait and see how you fared, warrior. I take it things do not go well. I am sorry to see it. If I were not about to leave on a long journey, I would take you in as my guest.
It does not seem to me that you have much use for your mule now. And a fine mule she is, too. Just the kind of mule I could use on a long journey.	It does not seem to me that you have much use for your mule now. And a fine mule she is, too. Just the kind of mule I could use on a long journey.
I am sure you value your mule too highly to part with her. I certainly would.	I am sure you value your mule too highly to part with her. I certainly would.
Your mule is safe, habib. I thought I had best remain and guard her against other thieves. They are a plague in Jerusalem.	Your mule is safe, habib. I thought I had best remain and guard her against other thieves. They are a plague in Jerusalem.
I am not surprized you returned for her. She is an exceptionally well bred and well mannered mule. I use many mules in my travels and am a good judge.	I am not surprized you returned for her. She is an exceptionally well bred and well mannered mule. I use many mules in my travels and am a good judge.
That truly is a very good mule. You undoubtedly value her very highly. If that were my mule, I would never sell her.	That truly is a very good mule. You undoubtedly value her very highly. If that were my mule, I would never sell her.
You are wise not to waste your time chasing after him, habib. The thieves of Jerusalem are as slippery as eels.	You are wise not to waste your time chasing after him, habib. The thieves of Jerusalem are as slippery as eels.
A shame I must leave soon to join a caravan to Cairo, or you could be my guest. That is a very fine mule you have there, I notice. You must prize her highly.	A shame I must leave soon to join a caravan to Cairo, or you could be my guest. That is a very fine mule you have there, I notice. You must prize her highly.
I will ask Allah to aid you.	I will ask Allah to aid you.
I fear you waited too long, Arthur. He is gone.	I fear you waited too long, Arthur. He is gone.
You would give me this excellent mule?! Habibi, you are either a holy man or a mad man. Still, you have my undying gratitude.	You would give me this excellent mule?! Habibi, you are either a holy man or a mad man. Still, you have my undying gratitude.
You would not last long in Jerusalem without a sword. I could not consider buying your only weapon, magnificent though it is.	You would not last long in Jerusalem without a sword. I could not consider buying your only weapon, magnificent though it is.
 I have many shields to sell and yours, though well made, has been through much travel and battle. Besides, you may well need it.	 I have many shields to sell and yours, though well made, has been through much travel and battle. Besides, you may well need it.
It is good armor, made after the fashion of the Romans, I see. But I am in the business of selling, not buying.	It is good armor, made after the fashion of the Romans, I see. But I am in the business of selling, not buying.
You look well equipped, habib, and I have closed up shop to go on a journey.	You look well equipped, habib, and I have closed up shop to go on a journey.
I sell only weapons and armor.	I sell only weapons and armor.
The mule looks very happy with Mohammed.	The mule looks very happy with Mohammed.
She is yours, warrior. I am simply guarding her for you.	She is yours, warrior. I am simply guarding her for you.
I do not know of such things. I am only a simple soldier turned merchant.	I do not know of such things. I am only a simple soldier turned merchant.
There was another like you, but that was a some time ago. I do not know what became of him.	There was another like you, but that was a some time ago. I do not know what became of him.
She is a fine mule. I can see she has good bloodlines.	She is a fine mule. I can see she has good bloodlines.
That mongrel? He waits outside the gate and tries to trick people into paying him to enter! He is not very good at his fraud and most people are too smart to pay him.	That mongrel? He waits outside the gate and tries to trick people into paying him to enter! He is not very good at his fraud and most people are too smart to pay him.
I sell weapons of all kinds - swords, daggers, bows, maces, axes, spears and many other weapons. But I regret I have locked up as I must depart very soon to join a caravan.	I sell weapons of all kinds - swords, daggers, bows, maces, axes, spears and many other weapons. But I regret I have locked up as I must depart very soon to join a caravan.
I deal with weapons only.	I deal with weapons only.
I travel with a caravan to Cairo.	I travel with a caravan to Cairo.
It is in Egypt.	It is in Egypt.
The wench lives above me, but I would avoid her company, if I were you.	The wench lives above me, but I would avoid her company, if I were you.
I am sorry for your loss. That thief has done much mischief in the bazaar.	I am sorry for your loss. That thief has done much mischief in the bazaar.
It is a city of great interest, if one is careful enough.	It is a city of great interest, if one is careful enough.
Eh? You jest. You know that means weapons.	Eh? You jest. You know that means weapons.
I am not the wisest of men, habib, so I say as little as possible to hide my ignorance.	I am not the wisest of men, habib, so I say as little as possible to hide my ignorance.
Not wise, habib. There are mercenary guards all over this city, eager to cut into pieces any foreigner foolish enough to cause trouble. I know. I have done it.	Not wise, habib. There are mercenary guards all over this city, eager to cut into pieces any foreigner foolish enough to cause trouble. I know. I have done it.
Habibi, if you would truly part with this excellent mule, I will gladly give you all the money I have upon me. It is a goodly sum, but this fine mule is worth every coin.	Habibi, if you would truly part with this excellent mule, I will gladly give you all the money I have upon me. It is a goodly sum, but this fine mule is worth every coin.
In this purse you will find two dinars, that which is our gold coin. There are also dirhams, and these are silver, and some fals. A fals is a copper coin.	In this purse you will find two dinars, that which is our gold coin. There are also dirhams, and these are silver, and some fals. A fals is a copper coin.
Since I see you do not understand, here is the way of it--4 fals are worth 1 dirham. 4 dirham are worth 1 dinar.	Since I see you do not understand, here is the way of it--4 fals are worth 1 dirham. 4 dirham are worth 1 dinar.
And now I must go and meet the caravan that awaits me. May Allah grant you good fortune.	And now I must go and meet the caravan that awaits me. May Allah grant you good fortune.
I must hurry now to meet my caravan. May Allah guide you.	I must hurry now to meet my caravan. May Allah guide you.
You wish to waste time with your lodestone when a thief has just stolen your purse?!	You wish to waste time with your lodestone when a thief has just stolen your purse?!
So this is the bazaar of Jerusalem. Tiny shops line both sides of the street. And such smells! Delicious foods combined with the raw sewage in the gutter. Watch where you step.	So this is the bazaar of Jerusalem. Tiny shops line both sides of the street. And such smells! Delicious foods combined with the raw sewage in the gutter. Watch where you step.
Arthur! That little thief has grabbed your purse!	Arthur! That little thief has grabbed your purse!
There he goes, into an alley!	There he goes, into an alley!
He does not look like he is stopping for anything.	He does not look like he is stopping for anything.
You...you have brought this for me simply because I wanted it? No-one has ever shown me a kindness like this before.	You...you have brought this for me simply because I wanted it? No-one has ever shown me a kindness like this before.
Your good example makes me ashamed! To think that I should be as callous as those I criticize and let this poor boy go hungry when I have food to spare.	Your good example makes me ashamed! To think that I should be as callous as those I criticize and let this poor boy go hungry when I have food to spare.
Come here, little one. I will feed you and clothe you and raise you as my son in honor of this good man.	Come here, little one. I will feed you and clothe you and raise you as my son in honor of this good man.
I shall name him Joshua.	I shall name him Joshua.
Buy it? Does no-one do anything in this world without seeking gain? Very well, I will give you 3 fals for it, since you have gone to the trouble.	Buy it? Does no-one do anything in this world without seeking gain? Very well, I will give you 3 fals for it, since you have gone to the trouble.
Ya'Allah! It is the veil, the very veil! Habibi, you are forever my brother!	Ya'Allah! It is the veil, the very veil! Habibi, you are forever my brother!
I have had time to dwell upon my foolishness. I will never be unfaithful to my beloved wife again. Thank you! May you live long and bear many sons!	I have had time to dwell upon my foolishness. I will never be unfaithful to my beloved wife again. Thank you! May you live long and bear many sons!
So, you are a scoundrel and a friend of Mari, no doubt. Expect no gratitude from me. Here is 1 dirham and be gone, or I will call the city guard to deal with you.	So, you are a scoundrel and a friend of Mari, no doubt. Expect no gratitude from me. Here is 1 dirham and be gone, or I will call the city guard to deal with you.
What shall I do? What shall I do? I have been betrayed by Mari the wicked, Mari the vain. For my brief moment of weakness, I shall lose my beloved wife.	What shall I do? What shall I do? I have been betrayed by Mari the wicked, Mari the vain. For my brief moment of weakness, I shall lose my beloved wife.
You are a man. You will understand. I dallied but once with the woman, Mari, who lives above the shop of Mohammed. But I left behind a silken veil.	You are a man. You will understand. I dallied but once with the woman, Mari, who lives above the shop of Mohammed. But I left behind a silken veil.
Not any veil. A veil supreme in the mastery of the weaver's art, of glorious color and pattern. Mari refuses to return it to me.	Not any veil. A veil supreme in the mastery of the weaver's art, of glorious color and pattern. Mari refuses to return it to me.
I promised this veil to my wife as proof of my devotion. If I fail to bring it to her, she will leave me. I would do anything, pay anything, to avert that.	I promised this veil to my wife as proof of my devotion. If I fail to bring it to her, she will leave me. I would do anything, pay anything, to avert that.
Poor thing probably cannot speak properly. Well, give him time. Sometimes silence is the greater virtue, eh?	Poor thing probably cannot speak properly. Well, give him time. Sometimes silence is the greater virtue, eh?
No good trying to talk him. He never says a word. Not a tooth left in his head, anyway. He has been there for days, begging for crumbs.	No good trying to talk him. He never says a word. Not a tooth left in his head, anyway. He has been there for days, begging for crumbs.
Ah, it is a cruel world when no-one will help one another.	Ah, it is a cruel world when no-one will help one another.
He is afraid to take money. It must remind him of some evil happening from his past.	He is afraid to take money. It must remind him of some evil happening from his past.
He cannot eat it for he has lost most of his teeth, doubtless from starvation and hardship.	He cannot eat it for he has lost most of his teeth, doubtless from starvation and hardship.
Do not worry about him. He will have all the felafels his heart desires.	Do not worry about him. He will have all the felafels his heart desires.
Do not torment the boy, Arthur. You can see he is starving.	Do not torment the boy, Arthur. You can see he is starving.
He cannot eat the it for he has lost most of his teeth, doubtless from starvation and hardship.	He cannot eat the it for he has lost most of his teeth, doubtless from starvation and hardship.
You have nothing to feed him, Arthur, though it is a worthy thought.	You have nothing to feed him, Arthur, though it is a worthy thought.
He is too afraid to take it.	He is too afraid to take it.
A noble thought, but you must find a practical way to do this.	A noble thought, but you must find a practical way to do this.
You cannot care for this boy yourself and still succeed in your mission, nor do I think he would go with you willingly.	You cannot care for this boy yourself and still succeed in your mission, nor do I think he would go with you willingly.
That was a good deed, Arthur.	That was a good deed, Arthur.
The city guard does not look friendly.	The city guard does not look friendly.
Do so, if you think it wise.	Do so, if you think it wise.
Do not trifle with these city guards. They would as soon kill you as look at you.	Do not trifle with these city guards. They would as soon kill you as look at you.
We have orders to find a thief!	We have orders to find a thief!
And we have never seen YOU before.	And we have never seen YOU before.
He must be the one! Kill him!	He must be the one! Kill him!
Did I not warn you against this? But do you listen? Nay, you are too stubborn. Now you are reduced to shish kebab.	Did I not warn you against this? But do you listen? Nay, you are too stubborn. Now you are reduced to shish kebab.
You did not even try to defend yourself, nor can I blame you, after the Seeress crushed any hope of finding the Grail.	You did not even try to defend yourself, nor can I blame you, after the Seeress crushed any hope of finding the Grail.
Perhaps you will be wiser in your next life.	Perhaps you will be wiser in your next life.
You die in poverty, mistaken for a common thief. In your next life, listen more carefully to Mohammed's hints. He is not short of a coin.	You die in poverty, mistaken for a common thief. In your next life, listen more carefully to Mohammed's hints. He is not short of a coin.
The reward for greed is death. In your next life, consider fulfilling the tasks of the Seeress in a more worthwhile manner.	The reward for greed is death. In your next life, consider fulfilling the tasks of the Seeress in a more worthwhile manner.
Ah, please excuse me one moment, habibi.	Ah, please excuse me one moment, habibi.
My apologies. I must have sold the last piece. But I have a special on saints' relics.	My apologies. I must have sold the last piece. But I have a special on saints' relics.
Wait but one instant.	Wait but one instant.
A great pleasure to do business with you! Oh, did I mention that I have also a cup called the Grail?	A great pleasure to do business with you! Oh, did I mention that I have also a cup called the Grail?
A great pleasure to do business with you!	A great pleasure to do business with you!
You refer to the Christian legend of the cup from which the prophet Jesus drank before he was martyred. I know it well. Come close and listen.	You refer to the Christian legend of the cup from which the prophet Jesus drank before he was martyred. I know it well. Come close and listen.
This is not well known, but I possess the very cup, this Holy Grail you seek. It was entrusted to me by an ancient priest who died in my care.	This is not well known, but I possess the very cup, this Holy Grail you seek. It was entrusted to me by an ancient priest who died in my care.
And I told myself, "Ismail, this Grail must never go to an ordinary man, but one day a great warrior will ask for it and you must be ready."	And I told myself, "Ismail, this Grail must never go to an ordinary man, but one day a great warrior will ask for it and you must be ready."
And so I have waited. Clearly you are the man destined to have this Grail. It is a thing beyond value. But for you, only 1 dinar!	And so I have waited. Clearly you are the man destined to have this Grail. It is a thing beyond value. But for you, only 1 dinar!
I will fetch it at once.	I will fetch it at once.
Heh heh, sorry, habibi. I must have sold it. But I have a very good deal on saints' fingerbones! And for you, at half price!	Heh heh, sorry, habibi. I must have sold it. But I have a very good deal on saints' fingerbones! And for you, at half price!
Aye, a girl is inside, probably the butcher's daughter. And she is...ahem...Arthur, she is taking a bath.	Aye, a girl is inside, probably the butcher's daughter. And she is...ahem...Arthur, she is taking a bath.
Have you no shame? She is naked! Avert your eyes, quickly!	Have you no shame? She is naked! Avert your eyes, quickly!
EEEEEEEEEEK!	EEEEEEEEEEK!
Hmm...it looks like someone is in there.	Hmm...it looks like someone is in there.
Here.	Here.
Pretty women always did go to your head, though seldom with such an impact.	Pretty women always did go to your head, though seldom with such an impact.
A rat has bitten you! You may not feel the effects of its poison for a long time, yet the hierophant warned that it means certain death.	A rat has bitten you! You may not feel the effects of its poison for a long time, yet the hierophant warned that it means certain death.
Another rat has bitten you! The poison will now act twice as quickly!	Another rat has bitten you! The poison will now act twice as quickly!
You have been bitten yet again! Now your time is truly limited.	You have been bitten yet again! Now your time is truly limited.
Your fate is sealed, as is this room. I cannot bear to remain and watch the slow, lingering death that awaits you within this dusty tomb. Farewell, Arthur.	Your fate is sealed, as is this room. I cannot bear to remain and watch the slow, lingering death that awaits you within this dusty tomb. Farewell, Arthur.
It was so old, it crumbled to dust upon hitting the floor.	It was so old, it crumbled to dust upon hitting the floor.
It is a terribly old, moldering bone. I cannot imagine why you want it.	It is a terribly old, moldering bone. I cannot imagine why you want it.
There is no water behind the rocks.	There is no water behind the rocks.
Arthur!  Something terrible is happening to you.	Arthur!  Something terrible is happening to you.
Too late the signs are clear.  This water is poisoned.  It killed the camel who had not the sense of your mule.  But then, neither did you.	Too late the signs are clear.  This water is poisoned.  It killed the camel who had not the sense of your mule.  But then, neither did you.
Do not despair so easily, seeker. I entreat you to return and take the Test again or you will regret leaving here in failure.	Do not despair so easily, seeker. I entreat you to return and take the Test again or you will regret leaving here in failure.
Truly you are the most worthy of all men who have passed my door. Go with my blessings and find the hierophant.	Truly you are the most worthy of all men who have passed my door. Go with my blessings and find the hierophant.
There is no-one within. Only I can open that door.	There is no-one within. Only I can open that door.
It rests in your hand, doing nothing unusual for a stone dove. You may as well put it away again.	It rests in your hand, doing nothing unusual for a stone dove. You may as well put it away again.
The dove leads you on. Do not lose sight of it!	The dove leads you on. Do not lose sight of it!
You fool, Arthur! You will lose the dove! Hurry after it!	You fool, Arthur! You will lose the dove! Hurry after it!
OK. Here.	OK. Here.
The stone dove feels oddly warm. 'Tis changing! By the power of Aphrodite, it turns to a living dove within your very hands!	The stone dove feels oddly warm. 'Tis changing! By the power of Aphrodite, it turns to a living dove within your very hands!
Follow my dove and you shall have your soul's desire.	Follow my dove and you shall have your soul's desire.
I have brought you to water, habib.  Drink, before the heat overcomes you.	I have brought you to water, habib.  Drink, before the heat overcomes you.
By custom, I must wait for those I guide to drink first, so please, drink your fill.	By custom, I must wait for those I guide to drink first, so please, drink your fill.
I am happy to see you again!  You were lucky to find this water without me.	I am happy to see you again!  You were lucky to find this water without me.
I have quenched my thirst already.  Please, drink your fill.	I have quenched my thirst already.  Please, drink your fill.
**** Can't do it.	**** Can't do it.
**** OmiGod!  What IS this shit!	**** OmiGod!  What IS this shit!
Arthur!  Defend yourself!	Arthur!  Defend yourself!
That has put a well-needed end to this false guide at last.  You have surely avenged many previous victims.	That has put a well-needed end to this false guide at last.  You have surely avenged many previous victims.
You will see neither the dove nor Aphrodite again.	You will see neither the dove nor Aphrodite again.
You still carry the stone dove given to you by the statue of Aphrodite. I hope you paid attention to the statue's instructions.	You still carry the stone dove given to you by the statue of Aphrodite. I hope you paid attention to the statue's instructions.
Spirals are very ancient symbols. They represent the unending cycle of life. A solar spiral turns to the right. A lunar spiral turns to the left.	Spirals are very ancient symbols. They represent the unending cycle of life. A solar spiral turns to the right. A lunar spiral turns to the left.
Had you searched the catacombs, you might have found him. I fear now it is too late for such thoughts.	Had you searched the catacombs, you might have found him. I fear now it is too late for such thoughts.
He will recover soon enough. Look to your own needs. You must find the Grail before you die of the rat's poison!	He will recover soon enough. Look to your own needs. You must find the Grail before you die of the rat's poison!
He is dead and his death weighs heavily upon your soul.	He is dead and his death weighs heavily upon your soul.
The Seeress said that eating the apple would relieve hunger and thirst and give you renewed strength. How long such an effect will last is another question, however.	The Seeress said that eating the apple would relieve hunger and thirst and give you renewed strength. How long such an effect will last is another question, however.
The bone is gone. You must have dropped it on the stairs. Just as well. It was a useless thing to carry around.	The bone is gone. You must have dropped it on the stairs. Just as well. It was a useless thing to carry around.
Her presence is here. She waits for you to prove yourself with sword and shield, as she requires.	Her presence is here. She waits for you to prove yourself with sword and shield, as she requires.
Only you can summon her, Arthur. And waste no time going about it!	Only you can summon her, Arthur. And waste no time going about it!
She has abandoned this place at last and will not return.	She has abandoned this place at last and will not return.
You must locate this pillar by yourself.	You must locate this pillar by yourself.
If you follow Aphrodite's instructions, the Grail will surely be yours.	If you follow Aphrodite's instructions, the Grail will surely be yours.
You must unravel Aphrodite's words for yourself.	You must unravel Aphrodite's words for yourself.
You should know Aphrodite's sacred number by now.	You should know Aphrodite's sacred number by now.
Not even I know such secrets, though certainly the Sacred Cup was one of them.	Not even I know such secrets, though certainly the Sacred Cup was one of them.
I see no thief. Perhaps your experience with the thief in the bazaar still preys upon your mind.	I see no thief. Perhaps your experience with the thief in the bazaar still preys upon your mind.
You vanquished him, as you must surely remember.	You vanquished him, as you must surely remember.
He looks to be a formidable opponent. And he is no ordinary mortal, but a mystic guardian. Defeating him will require strategy and wits more than brute strength.	He looks to be a formidable opponent. And he is no ordinary mortal, but a mystic guardian. Defeating him will require strategy and wits more than brute strength.
There is no Saracen here.	There is no Saracen here.
It has no further use for the moment.	It has no further use for the moment.
Nay, keep it. It is a valuable talisman.	Nay, keep it. It is a valuable talisman.
Only you can do that. As for when and how, your own wits must guide you.	Only you can do that. As for when and how, your own wits must guide you.
I suspect that when the time comes, it will be the Goddess who does the talking, not you.	I suspect that when the time comes, it will be the Goddess who does the talking, not you.
She does not answer. I cannot imagine why she would.	She does not answer. I cannot imagine why she would.
Aye, that IS the purpose of your mission.	Aye, that IS the purpose of your mission.
If you dredge your feeble memory, you may recall that you have killed him.	If you dredge your feeble memory, you may recall that you have killed him.
Ahem. Arthur, there is no Saracen here.	Ahem. Arthur, there is no Saracen here.
She would have no interest in mortal trinkets.	She would have no interest in mortal trinkets.
See?  Now you have gone and lost your head.  But I am sure the mukhtar's men will find a use for it--to adorn a spike, no doubt.	See?  Now you have gone and lost your head.  But I am sure the mukhtar's men will find a use for it--to adorn a spike, no doubt.
Excellent!  Let us waste no time!  Follow me.	Excellent!  Let us waste no time!  Follow me.
I knew you must come this way, and see, I have gotten here before you and waited.	I knew you must come this way, and see, I have gotten here before you and waited.
You will never survive this desert without my help.  Hire me and I will be your guide.	You will never survive this desert without my help.  Hire me and I will be your guide.
I thank you, habib.  You need not pay me until we reach Jerusalem.	I thank you, habib.  You need not pay me until we reach Jerusalem.
But I take it that your intent is to hire me as your guide.	But I take it that your intent is to hire me as your guide.
It is a hard climb.  Rest here, if you like.  I shall wait for you just ahead.	It is a hard climb.  Rest here, if you like.  I shall wait for you just ahead.
Jabir liked not the sound of your steel being drawn.	Jabir liked not the sound of your steel being drawn.
The buildings rise all around you to a narrow band of sky overhead.	The buildings rise all around you to a narrow band of sky overhead.
You trod upon hard-packed earth as firm as stone.	You trod upon hard-packed earth as firm as stone.
I doubt you will see the Goddess in this alley.	I doubt you will see the Goddess in this alley.
I cannot tell if these buildings are empty or occupied, but they seem deliberately built to prevent anyone from entering or even seeing the Temple.	I cannot tell if these buildings are empty or occupied, but they seem deliberately built to prevent anyone from entering or even seeing the Temple.
Merely common weeds, of no consequence.	Merely common weeds, of no consequence.
The Goddess said to use it after you had proven yourself by sword and shield.	The Goddess said to use it after you had proven yourself by sword and shield.
These are brick walls covered with plaster.	These are brick walls covered with plaster.
There is none.	There is none.
Ahem, there is no-one in this alley but you, Arthur.	Ahem, there is no-one in this alley but you, Arthur.
Who? There is no-one else here.	Who? There is no-one else here.
It does nothing here.	It does nothing here.
It would be a waste of time, even if you had the means.	It would be a waste of time, even if you had the means.
I am not here to answer questions, infidel. To win the Grail, you must do battle with me. Draw your sword!	I am not here to answer questions, infidel. To win the Grail, you must do battle with me. Draw your sword!
This Saracen is clearly an honorable foe, to offer you this helmet. Accept it or not, according to your own common sense.	This Saracen is clearly an honorable foe, to offer you this helmet. Accept it or not, according to your own common sense.
You cannot fight the saracen from here.	You cannot fight the saracen from here.
Infidel, you must defeat me if you would win the Grail. Here, in this Temple of Aphrodite, we must match sword and shield, strength and skill, until one of us is dead.	Infidel, you must defeat me if you would win the Grail. Here, in this Temple of Aphrodite, we must match sword and shield, strength and skill, until one of us is dead.
But I wish for an equal fight and you do not have a helmet. Therefore, I offer you one that is a strong as my own. Wear it or not, as you please.	But I wish for an equal fight and you do not have a helmet. Therefore, I offer you one that is a strong as my own. Wear it or not, as you please.
Face me, coward! We must fight until one of us lies dead upon these sacred stones.	Face me, coward! We must fight until one of us lies dead upon these sacred stones.
With your brain sliced in twain, I am sure you are having second thoughts about not taking the helmet offered to you by the Saracen.	With your brain sliced in twain, I am sure you are having second thoughts about not taking the helmet offered to you by the Saracen.
Interesting tactic, letting your opponent kill you without the least resistance. Not terribly effective for you, however.	Interesting tactic, letting your opponent kill you without the least resistance. Not terribly effective for you, however.
You cannot reach the helmet from here.	You cannot reach the helmet from here.
Where you stand, once my priestesses stood. My name was spoken with reverence. My statue and holy of holies were housed within, where only that bare pedestal remains.	Where you stand, once my priestesses stood. My name was spoken with reverence. My statue and holy of holies were housed within, where only that bare pedestal remains.
The last thing my worshippers would see as they left my temple was this leftward spiral upon the threshold, reminder of life turning ever onwards.	The last thing my worshippers would see as they left my temple was this leftward spiral upon the threshold, reminder of life turning ever onwards.
As with life, so too does power pass onward. Even gods and goddesses fall prey to the endless cycle. My reign here is ended. I shall never return.	As with life, so too does power pass onward. Even gods and goddesses fall prey to the endless cycle. My reign here is ended. I shall never return.
You have won the Sacred Cup by your determination and persistence, by cleverness and skill of arms. I surrender it to you.	You have won the Sacred Cup by your determination and persistence, by cleverness and skill of arms. I surrender it to you.
But beware, the power of the Grail itself will pass final judgment upon your worthiness to possess it.	But beware, the power of the Grail itself will pass final judgment upon your worthiness to possess it.
Start where you should start, turn as you should turn and count the places of the pillars until you reach my sacred number. Beneath that pillar you shall find what you seek.	Start where you should start, turn as you should turn and count the places of the pillars until you reach my sacred number. Beneath that pillar you shall find what you seek.
I HATE to be ignored! And by a mortal! It is too great an insult to bear!	I HATE to be ignored! And by a mortal! It is too great an insult to bear!
Hell hath no fury like a Goddess peeved.	Hell hath no fury like a Goddess peeved.
I warn you, mortal, do NOT keep me waiting!.	I warn you, mortal, do NOT keep me waiting!.
Aye, it moves!	Aye, it moves!
You have found it! You have found the Grail!	You have found it! You have found the Grail!
One hand barely touches the sacred cup through a tiny gap in the white cloth that covers it. The Grail's power pours through you and restores you instantly to perfect health!	One hand barely touches the sacred cup through a tiny gap in the white cloth that covers it. The Grail's power pours through you and restores you instantly to perfect health!
You are dazed with the Grail's power, but you must recover yourself and find a way out of here. Camelot must be saved before-- 	You are dazed with the Grail's power, but you must recover yourself and find a way out of here. Camelot must be saved before-- 
The Thief has struck again! Stop him!	The Thief has struck again! Stop him!
Alas! The Grail has judged you and found you unworthy. Too great was the burden of sin upon your soul.	Alas! The Grail has judged you and found you unworthy. Too great was the burden of sin upon your soul.
You let Gawaine die an ignoble death in the Forest Perilous.	You let Gawaine die an ignoble death in the Forest Perilous.
You sacrificed Launcelot to the curse of your jealousy.	You sacrificed Launcelot to the curse of your jealousy.
You did nothing to save the noble Galahad within the catacombs.	You did nothing to save the noble Galahad within the catacombs.
And so you, your kingdom, and all your poor people perish for lack of a king with moral strength. We end not in glory, but with the bitter taste of ashes and dust and black defeat.	And so you, your kingdom, and all your poor people perish for lack of a king with moral strength. We end not in glory, but with the bitter taste of ashes and dust and black defeat.
Your mule has had the sense to run away from the cobras.	Your mule has had the sense to run away from the cobras.
If that is truly your wish, that is what you shall have of me.	If that is truly your wish, that is what you shall have of me.
Alas! You are helpless, completely under Fatima's fatal spell. And here is the reward for your weakness, being strangled to death by Fatima.	Alas! You are helpless, completely under Fatima's fatal spell. And here is the reward for your weakness, being strangled to death by Fatima.
How will I ever explain this to the queen? Tsk- tsk.	How will I ever explain this to the queen? Tsk- tsk.
By giving this purse, you show further proof that you are free of the need to gain material wealth. You grow more and more worthy in my eyes.	By giving this purse, you show further proof that you are free of the need to gain material wealth. You grow more and more worthy in my eyes.
The Test awaits behind this door. Six tablets, each engraved with a symbol of a Goddess, rest next to a stone plaque with six niches.	The Test awaits behind this door. Six tablets, each engraved with a symbol of a Goddess, rest next to a stone plaque with six niches.
Six questions I will pose. You must know to which Goddess the question belongs and place her symbol into the proper niche.	Six questions I will pose. You must know to which Goddess the question belongs and place her symbol into the proper niche.
When all six symbols have been placed, I will tell you whether you have passed or failed. If you fail, you may try again.	When all six symbols have been placed, I will tell you whether you have passed or failed. If you fail, you may try again.
But there is one more thing I require of you, a gesture to show that you are not bound by material possessions. Give me your purse.	But there is one more thing I require of you, a gesture to show that you are not bound by material possessions. Give me your purse.
The door is opened. The Test awaits you.	The door is opened. The Test awaits you.
Arthur?  Arthur.	Arthur?  Arthur.
Arthur, WAKE UP!	Arthur, WAKE UP!
You slept through the entire docking and unloading of the ship.  You indulged too heavily in foreign wine.	You slept through the entire docking and unloading of the ship.  You indulged too heavily in foreign wine.
If your head is pounding, blame no one but yourself.	If your head is pounding, blame no one but yourself.
Sir, I am Hazm.  My master sends his respects and invites you to accept his hospitality.  My Master--	Sir, I am Hazm.  My master sends his respects and invites you to accept his hospitality.  My Master--
Ignore this boy.  You are lucky he did not make off with your mule.  I am Jabir ibn Hamid.  I overheard some sailors say you need a guide through the desert to Jerusalem.	Ignore this boy.  You are lucky he did not make off with your mule.  I am Jabir ibn Hamid.  I overheard some sailors say you need a guide through the desert to Jerusalem.
Please, sir, my Master is Al-Sirat and he is very wise and he asks--	Please, sir, my Master is Al-Sirat and he is very wise and he asks--
Al-Sirat is an impoverished old scholar of no use to anyone.  But I, Jabir, know the desert, every rock, wadi, and waterhole.  Trust me in all things.	Al-Sirat is an impoverished old scholar of no use to anyone.  But I, Jabir, know the desert, every rock, wadi, and waterhole.  Trust me in all things.
Sir, I beg you to accept my Master's hospitality.  He heard of you from the Captain of the ship and he sends warning that the mukhtar of Gaza--	Sir, I beg you to accept my Master's hospitality.  He heard of you from the Captain of the ship and he sends warning that the mukhtar of Gaza--
Allow ME to explain.  The mukhtar is the man who governs this port.  He hates all foreigners and if he catches you here, he will throw you in prison.  We should leave at once.	Allow ME to explain.  The mukhtar is the man who governs this port.  He hates all foreigners and if he catches you here, he will throw you in prison.  We should leave at once.
I can take you to my Master by secret ways and Al-Sirat will protect and tell you--	I can take you to my Master by secret ways and Al-Sirat will protect and tell you--
Get out of here, boy! We men have business together and have no need of chattering pests.  Be off!	Get out of here, boy! We men have business together and have no need of chattering pests.  Be off!
Stranger, you will never survive the desert without my help.  I ask for no payment now.  When we reach Jerusalem safely, I will accept a fair payment.	Stranger, you will never survive the desert without my help.  I ask for no payment now.  When we reach Jerusalem safely, I will accept a fair payment.
Hire me and I shall guide you to Jerusalem at once.	Hire me and I shall guide you to Jerusalem at once.
Sir, I beg you, ask to see my Master and all will be well.	Sir, I beg you, ask to see my Master and all will be well.
May I advise caution here? Do not rush to use the elixir until it seems absolutely necessary.	May I advise caution here? Do not rush to use the elixir until it seems absolutely necessary.
Aye, do what you will with it. Though it will cure the poison, it will never cleanse you of the crime of noble Galahad's death.	Aye, do what you will with it. Though it will cure the poison, it will never cleanse you of the crime of noble Galahad's death.
The miraculous elixir burns like fire through your veins as it purges you of the poison. You are entirely cured....as long as you are not bitten again.	The miraculous elixir burns like fire through your veins as it purges you of the poison. You are entirely cured....as long as you are not bitten again.
The apple's potent spell has relieved your hunger and thirst and given you a new surge of strength.	The apple's potent spell has relieved your hunger and thirst and given you a new surge of strength.
But alas, it cannot stop the poison of the rat's bite from killing you, it can only delay the final end.	But alas, it cannot stop the poison of the rat's bite from killing you, it can only delay the final end.
Alas, the rat's poison has taken its toll and the cold hand of Death has closed upon you forever.	Alas, the rat's poison has taken its toll and the cold hand of Death has closed upon you forever.
Your horse has no desire to swim in the harbour.	Your horse has no desire to swim in the harbour.
Your armour and steel drags you to the bottom and there you will lie until you are rotten, soggy and pulpy and truly forgotten.	Your armour and steel drags you to the bottom and there you will lie until you are rotten, soggy and pulpy and truly forgotten.
As fortune would have it, this ship is the very one you need.  Ignore the Greek name.  It was sold by a Greek trader and the new owner has yet to paint in the new name.	As fortune would have it, this ship is the very one you need.  Ignore the Greek name.  It was sold by a Greek trader and the new owner has yet to paint in the new name.
May your journey be safe and swift, god willing.  You may board now.	May your journey be safe and swift, god willing.  You may board now.
Well, at last you have learned to take my advice.	Well, at last you have learned to take my advice.
You cannot do that from here.	You cannot do that from here.
Nothing remains of the pillar here but the indentation where its base once rested.	Nothing remains of the pillar here but the indentation where its base once rested.
This pillar did not move. Pause and think before your next choice.	This pillar did not move. Pause and think before your next choice.
The pillar did not move. I hope you do not intend to waste more of your valuable energy in such pointless exercise.	The pillar did not move. I hope you do not intend to waste more of your valuable energy in such pointless exercise.
There is no where to go from here. High walls without windows or doors bar the way.	There is no where to go from here. High walls without windows or doors bar the way.
Truly you are a hardy man to have come so far.  But you need water!   Waste no time.  Follow me at once.	Truly you are a hardy man to have come so far.  But you need water!   Waste no time.  Follow me at once.
You have killed the Saracen in a fair fight, and now his soul transforms into a dove and rises into the sky and vanishes from sight.	You have killed the Saracen in a fair fight, and now his soul transforms into a dove and rises into the sky and vanishes from sight.
You would not enjoy that.  These rocks are hot enough to toast nuts.	You would not enjoy that.  These rocks are hot enough to toast nuts.
The ground is rocky and as hot as the furnaces of Hades.	The ground is rocky and as hot as the furnaces of Hades.
Hot as it is, you are better off wearing it than carrying it, and you must not even consider leaving it behind.	Hot as it is, you are better off wearing it than carrying it, and you must not even consider leaving it behind.
In this heat, such a burden would soon kill her.	In this heat, such a burden would soon kill her.
You sold the mule, Arthur.	You sold the mule, Arthur.
The mule is not here.	The mule is not here.
You have no waterskin, sad to say.	You have no waterskin, sad to say.
First you must find one.	First you must find one.
There is no snake here.	There is no snake here.
The last thing you need to carry is a rock hot enough to burn your fingers.	The last thing you need to carry is a rock hot enough to burn your fingers.
It would be a staggering waste of energy, even if it were possible, but these cliffs are steep and offer no grip for hand or foot.	It would be a staggering waste of energy, even if it were possible, but these cliffs are steep and offer no grip for hand or foot.
It is a terrible shame that Gaza was closed to you, or you might have obtained a waterskin there.	It is a terrible shame that Gaza was closed to you, or you might have obtained a waterskin there.
Now???	Now???
We are here, habib, at the water.	We are here, habib, at the water.
We are on our way to water now, habib.	We are on our way to water now, habib.
You waste precious breath talking to the air.	You waste precious breath talking to the air.
Rather redundant, Arthur, since he is dead.	Rather redundant, Arthur, since he is dead.
The heat must be affecting your brain.  There is no sign of Jabir.	The heat must be affecting your brain.  There is no sign of Jabir.
You would find only barren ground.	You would find only barren ground.
It broke under the ferocity of your assault and is of no use whatsoever.	It broke under the ferocity of your assault and is of no use whatsoever.
You can hardly do that from here.	You can hardly do that from here.
The heat has affected your thinking, I perceive.	The heat has affected your thinking, I perceive.
Aye, an excellent idea, provided you can find some.	Aye, an excellent idea, provided you can find some.
You must return to Jerusalem at once and finish your dealings with Fatima.	You must return to Jerusalem at once and finish your dealings with Fatima.
I can give you little more than encouragement and observation where this desert is concerned.	I can give you little more than encouragement and observation where this desert is concerned.
This is a desert of extreme terrain.  Sudden cliffs rise and block your way, while wadis unexpectedly appear in the ground.	This is a desert of extreme terrain.  Sudden cliffs rise and block your way, while wadis unexpectedly appear in the ground.
She is well.  She prays daily for your safety and ministers to Launcelot as he recovers from the Ice Maiden's spell.	She is well.  She prays daily for your safety and ministers to Launcelot as he recovers from the Ice Maiden's spell.
She prays daily for your well-being and success, and for the safe return of Launcelot.	She prays daily for your well-being and success, and for the safe return of Launcelot.
With the tender help of Gwenhyver and her ladies, he is recovering very well from his frozen sojourn.	With the tender help of Gwenhyver and her ladies, he is recovering very well from his frozen sojourn.
Alas, you have not saved Launcelot.  Thus you have jeopardized the success of your entire mission.	Alas, you have not saved Launcelot.  Thus you have jeopardized the success of your entire mission.
I hope you remember the way back to Jerusalem.  It would not do to get lost now.	I hope you remember the way back to Jerusalem.  It would not do to get lost now.
There is no sign of Jerusalem yet.	There is no sign of Jerusalem yet.
You should avoid the huge, flat areas of desert plateau, unless you have reason to think there is water there.	You should avoid the huge, flat areas of desert plateau, unless you have reason to think there is water there.
There are some hills in the distance, and the ground rises steadily toward the north and east.	There are some hills in the distance, and the ground rises steadily toward the north and east.
There is no snake here, fortunately, for the cobras of this desert are quite lethal.	There is no snake here, fortunately, for the cobras of this desert are quite lethal.
The lizards in this area are swift and harmless.	The lizards in this area are swift and harmless.
That is not important now.  You must get back to Jerusalem.	That is not important now.  You must get back to Jerusalem.
I have no knowledge of where water may be hidden in a wadi or oasis.  You must search.	I have no knowledge of where water may be hidden in a wadi or oasis.  You must search.
Well, you know where the Pool of Siloam is.	Well, you know where the Pool of Siloam is.
I cannot help you find water.  I have no such intimate knowledge of this desert.	I cannot help you find water.  I have no such intimate knowledge of this desert.
Let us hope you remember the way well enough.	Let us hope you remember the way well enough.
There is no hint of where to go in this trackless desert.	There is no hint of where to go in this trackless desert.
Even the shadows provide little relief from the heat.	Even the shadows provide little relief from the heat.
The shifting sands erase any traces of where you have been.	The shifting sands erase any traces of where you have been.
You have most prudently slain him.	You have most prudently slain him.
Jabir waits for you to follow him.	Jabir waits for you to follow him.
There is no apparent sign of him, but that means little with such a cunning desert dweller.	There is no apparent sign of him, but that means little with such a cunning desert dweller.
Your brain invents delusions from lack of water and the intense heat.  Do not dwell upon it.	Your brain invents delusions from lack of water and the intense heat.  Do not dwell upon it.
A mirage is usually an illusion of water, a bizarre phenomenon of the deserts.	A mirage is usually an illusion of water, a bizarre phenomenon of the deserts.
Copper or tin!  Copper or tin! Copper or tin for Widdershins! I am no troll but that is my toll! Copper or tin for Widdershins! Give me my way or a trick I will play!	Copper or tin!  Copper or tin! Copper or tin for Widdershins! I am no troll but that is my toll! Copper or tin for Widdershins! Give me my way or a trick I will play!
Copper or tin!  Copper or tin! Copper or tin for Widdershins! I am no troll but that is my toll! Copper or tin for Widdershins!	Copper or tin!  Copper or tin! Copper or tin for Widdershins! I am no troll but that is my toll! Copper or tin for Widdershins!
The trick has been played and I fear the sprite's bolt of mischief was aimed squarely at your purse.	The trick has been played and I fear the sprite's bolt of mischief was aimed squarely at your purse.
You were thrown back by a sorcerous barrier of great power. Yet there must be a way to pass it.	You were thrown back by a sorcerous barrier of great power. Yet there must be a way to pass it.
I suspect these five stones are a part of the riddle you must solve to breach the barrier.	I suspect these five stones are a part of the riddle you must solve to breach the barrier.
Eh, what is this? Why are you--ah, what a wonderful smell these herbs have! How very potent and aromatic! I shall hang them up at once.	Eh, what is this? Why are you--ah, what a wonderful smell these herbs have! How very potent and aromatic! I shall hang them up at once.
What, are you a merchant, too? What do I want with herbs? Ah, but they do smell good. In fact, they are so strongly aromatic, they might help disguise the smell of my fish.	What, are you a merchant, too? What do I want with herbs? Ah, but they do smell good. In fact, they are so strongly aromatic, they might help disguise the smell of my fish.
Very well, I will take them. Here are 2 fals, all I can afford. I am a poor man.	Very well, I will take them. Here are 2 fals, all I can afford. I am a poor man.
You have taught me something, habibi. Rather than dwelling only upon my problems, had I but sought a solution, I would have been a happier man.	You have taught me something, habibi. Rather than dwelling only upon my problems, had I but sought a solution, I would have been a happier man.
I thank you for this piece of wisdom, which will benefit my neighbors as well as myself. Sa'alam aleikem.	I thank you for this piece of wisdom, which will benefit my neighbors as well as myself. Sa'alam aleikem.
You cannot go this way.  There is a thief loose in the bazaar and many merchants are complaining.  The Jaffa Gate will be locked while we search for him.	You cannot go this way.  There is a thief loose in the bazaar and many merchants are complaining.  The Jaffa Gate will be locked while we search for him.
We do not know who he is, but when we find him, he is a dead man.  Now move along, before we begin to suspect that YOU may be the thief.	We do not know who he is, but when we find him, he is a dead man.  Now move along, before we begin to suspect that YOU may be the thief.
You may enter, stranger, but you may not leave until we have finished searching the city for thieves.	You may enter, stranger, but you may not leave until we have finished searching the city for thieves.
Aye, and if you are a thief, you will wish you had never come here.	Aye, and if you are a thief, you will wish you had never come here.
No, Arthur, no!	No, Arthur, no!
Alas! You are helpless, completely under Fatima's fatal spell. And here is the reward for your weakness, being smothered to death by a perfumed pillow.	Alas! You are helpless, completely under Fatima's fatal spell. And here is the reward for your weakness, being smothered to death by a perfumed pillow.
Gladly will I sell you relic. But first you must tell me -- what is the name of the saint whose relic you wish to buy?	Gladly will I sell you relic. But first you must tell me -- what is the name of the saint whose relic you wish to buy?
Saint %s! Yes, I do have a relic of Saint %s. Normally, 3 dinar, on sale today for 2 dinars. But I like you. You have an honest face. So for you, only 1 dinar!	Saint %s! Yes, I do have a relic of Saint %s. Normally, 3 dinar, on sale today for 2 dinars. But I like you. You have an honest face. So for you, only 1 dinar!
No, no. I must have the name of the saint whose relic you wish to buy. Nothing else will do. Think it over. If you are still interested in buying a relic, just say so.	No, no. I must have the name of the saint whose relic you wish to buy. Nothing else will do. Think it over. If you are still interested in buying a relic, just say so.
Greetings, King Arthur.	Greetings, King Arthur.
That was quick m'lord.	That was quick m'lord.
Well we meet again, m'lord.  Alas, you have not recovered your mule, I see.	Well we meet again, m'lord.  Alas, you have not recovered your mule, I see.
M'lord, your mule has bolted!	M'lord, your mule has bolted!
How colourful!	How colourful!
I am sure you never learned such language from me.	I am sure you never learned such language from me.
It would seem that being a king does not guarantee gentility.	It would seem that being a king does not guarantee gentility.
May your mouth rot and your tongue wither.	May your mouth rot and your tongue wither.
No wonder Gwenhyver prefers Launcelot, from whose refined lips such words were never spoken.	No wonder Gwenhyver prefers Launcelot, from whose refined lips such words were never spoken.
You are speaking gibberish.	You are speaking gibberish.
This must be some strange foreign tongue.	This must be some strange foreign tongue.
There are times when even I, Merlin, am without an answer.	There are times when even I, Merlin, am without an answer.
Your words are clear enough, but your meaning eludes me.	Your words are clear enough, but your meaning eludes me.
I feel I should know what you want, but your purpose is not clear.	I feel I should know what you want, but your purpose is not clear.
You don't see anything particularly interesting.	You don't see anything particularly interesting.
You look, but it doesn't hold your interest.	You look, but it doesn't hold your interest.
This is no time for idle chatter.	This is no time for idle chatter.
I am not in the mood for small talk.	I am not in the mood for small talk.
If I have something to say, I will say it.	If I have something to say, I will say it.
That is not the proper invocation.	That is not the proper invocation.
I would not advise that.	I would not advise that.
That is not wise.	That is not wise.
That would be most foolish.	That would be most foolish.
Even a king should not throw money away frivolously.	Even a king should not throw money away frivolously.
You know what they say about a fool and his money.	You know what they say about a fool and his money.
I have nothing to tell you now.	I have nothing to tell you now.
Your purse is as empty as a fool's mind.	Your purse is as empty as a fool's mind.
Your purse is as empty as a maiden's womb.	Your purse is as empty as a maiden's womb.
It is dark and dreary in your purse, rather like a miser's curse.	It is dark and dreary in your purse, rather like a miser's curse.
Your purse is as empty as an abbot's heart.	Your purse is as empty as an abbot's heart.
Your purse holds naught. Which is a naughty state of affairs for a king.	Your purse holds naught. Which is a naughty state of affairs for a king.
Your purse is as empty as the devil's conscience. And that is very empty indeed.	Your purse is as empty as the devil's conscience. And that is very empty indeed.
There is nothing here to fight.	There is nothing here to fight.
A wise warrior knows when it is time to fight and when it is not.	A wise warrior knows when it is time to fight and when it is not.
Save your readiness for a time when danger is upon you.	Save your readiness for a time when danger is upon you.
Three lives have I. Gentle enough to soothe the skin, Light enough to caress the sky, Hard enough to crack rocks.      What am I?	Three lives have I. Gentle enough to soothe the skin, Light enough to caress the sky, Hard enough to crack rocks.      What am I?
Lighter than what I am made of, More of me is hidden Than is seen.      What am I?	Lighter than what I am made of, More of me is hidden Than is seen.      What am I?
When I am filled I can point the way, When I am empty Nothing moves me, I have two skins One without and one within.      What am I?	When I am filled I can point the way, When I am empty Nothing moves me, I have two skins One without and one within.      What am I?
If a man carried my burden He would break his back. I am not rich, But leave silver in my track.      What am I?	If a man carried my burden He would break his back. I am not rich, But leave silver in my track.      What am I?
My life can be measured in hours, I serve by being devoured. Thin, I am quick Fat, I am slow Wind is my foe.      What am I?	My life can be measured in hours, I serve by being devoured. Thin, I am quick Fat, I am slow Wind is my foe.      What am I?
To unravel me You need a simple key, No key that was made By locksmith's hand, But a key that only I Will understand.      What am I?	To unravel me You need a simple key, No key that was made By locksmith's hand, But a key that only I Will understand.      What am I?
Weight in my belly, Trees on my back, Nails in my ribs, Feet I do lack.      What am I?	Weight in my belly, Trees on my back, Nails in my ribs, Feet I do lack.      What am I?
If you break me I do not stop working, If you touch me I may be snared, If you lose me Nothing will matter.      What am I?	If you break me I do not stop working, If you touch me I may be snared, If you lose me Nothing will matter.      What am I?
I turn around once, What is out will not get in. I turn around again, What is in will not get out      What am I?	I turn around once, What is out will not get in. I turn around again, What is in will not get out      What am I?
I am only useful When I am full, Yet I am always Full of holes.      What am I?	I am only useful When I am full, Yet I am always Full of holes.      What am I?
You can see nothing else When you look in my face, I will look you in the eye And I will never lie.      What am I?	You can see nothing else When you look in my face, I will look you in the eye And I will never lie.      What am I?
I drive men mad For love of me, Easily beaten, Never free.      What am I?	I drive men mad For love of me, Easily beaten, Never free.      What am I?
Glittering points That downward thrust, Sparkling spears That never rust.      What am I?	Glittering points That downward thrust, Sparkling spears That never rust.      What am I?
When set loose I fly away, Never so cursed As when I go astray.      What am I?	When set loose I fly away, Never so cursed As when I go astray.      What am I?
When young, I am sweet in the sun. When middle-aged, I make you gay. When old, I am valued more than ever.      What am I?	When young, I am sweet in the sun. When middle-aged, I make you gay. When old, I am valued more than ever.      What am I?
I am always hungry, I must always be fed, The finger I lick Will soon turn red.      What am I?	I am always hungry, I must always be fed, The finger I lick Will soon turn red.      What am I?
Each morning I appear To lie at your feet, All day I follow No matter how fast you run, Yet I nearly perish In the midday sun.      What am I?	Each morning I appear To lie at your feet, All day I follow No matter how fast you run, Yet I nearly perish In the midday sun.      What am I?
Bright as diamonds, Loud as thunder, Never still, A thing of wonder.      What am I?	Bright as diamonds, Loud as thunder, Never still, A thing of wonder.      What am I?
You heard me before, Yet you hear me again, Then I die, 'Til you call me again.      What am I?	You heard me before, Yet you hear me again, Then I die, 'Til you call me again.      What am I?
Lovely and round, I shine with pale light, grown in the darkness, A lady's delight.      What am I?	Lovely and round, I shine with pale light, grown in the darkness, A lady's delight.      What am I?
Until I am measured I am not known, Yet how you miss me When I have flown.      What am I?	Until I am measured I am not known, Yet how you miss me When I have flown.      What am I?
All about, but cannot be seen, Can be captured, cannot be held, No throat, but can be heard.      What am I?	All about, but cannot be seen, Can be captured, cannot be held, No throat, but can be heard.      What am I?
I am seen in the water If seen in the sky, I am in the rainbow, A jay's feather, And lapis lazuli.      What am I?	I am seen in the water If seen in the sky, I am in the rainbow, A jay's feather, And lapis lazuli.      What am I?
I go around in circles But always straight ahead, Never complain No matter where I am led.      What am I?	I go around in circles But always straight ahead, Never complain No matter where I am led.      What am I?
At the sound of me, men may dream Or stamp their feet At the sound of me, women may laugh Or sometimes weep.      What am I?	At the sound of me, men may dream Or stamp their feet At the sound of me, women may laugh Or sometimes weep.      What am I?
Nay, that is not the answer. You had better guess again, sir.	Nay, that is not the answer. You had better guess again, sir.
The proper word Is yet unheard.	The proper word Is yet unheard.
You shall not pass with that word, alas.	You shall not pass with that word, alas.
The way shall not be open Until the proper word is spoken.	The way shall not be open Until the proper word is spoken.
Nothing	Nothing
She was the Goddess of Byblos.	She was the Goddess of Byblos.
Among her other names were Astroarche, Attar-Samayin and Ishtar.	Among her other names were Astroarche, Attar-Samayin and Ishtar.
The Israelites burned incense, offered wine and baked cakes in her honor.	The Israelites burned incense, offered wine and baked cakes in her honor.
She had a great shrine at Aphaca.	She had a great shrine at Aphaca.
King Solomon built a sanctuary in her honor in Jerusalem.	King Solomon built a sanctuary in her honor in Jerusalem.
Her priestesses were famous for their skill in astrology.	Her priestesses were famous for their skill in astrology.
She was earlier known as a Goddess in the country of Libya.	She was earlier known as a Goddess in the country of Libya.
According to Greek legends, she was born from the forehead of Zeus.	According to Greek legends, she was born from the forehead of Zeus.
She was the patron of architects, sculptors, spinners and weavers.	She was the patron of architects, sculptors, spinners and weavers.
The element of brimstone was associated with her.	The element of brimstone was associated with her.
The name of her major temple means "virgin-house."	The name of her major temple means "virgin-house."
She was renowned for her wisdom, which was often represented in the form of an owl sitting upon her shoulder.	She was renowned for her wisdom, which was often represented in the form of an owl sitting upon her shoulder.
To the Egyptians, she was known as Hathor.	To the Egyptians, she was known as Hathor.
Another title for her is Giver of Life.	Another title for her is Giver of Life.
Another title for her is The One Who Is All.	Another title for her is The One Who Is All.
She gave birth to the sun and granted immortality to rulers.	She gave birth to the sun and granted immortality to rulers.
The yearly flood of the Nile was caused by the tears she cried.	The yearly flood of the Nile was caused by the tears she cried.
Her priests and servants were knowns as Pastophori.	Her priests and servants were knowns as Pastophori.
The Romans knew her by the name Aphrodite.	The Romans knew her by the name Aphrodite.
Mirrors are considered her sacred objects.	Mirrors are considered her sacred objects.
The Morning Star and Evening Star are named for her.	The Morning Star and Evening Star are named for her.
Her sacred day is Friday on which day her followers would eat fish.	Her sacred day is Friday on which day her followers would eat fish.
Her sacred element is copper.	Her sacred element is copper.
One of her most important shrines was on the island of Cyprus.	One of her most important shrines was on the island of Cyprus.
She was known to the Romans as Hestia.	She was known to the Romans as Hestia.
In the ancient language of Sanscrit, her name means "shining."	In the ancient language of Sanscrit, her name means "shining."
She is the Guardian of Innermost Things.	She is the Guardian of Innermost Things.
Her sacred fire was tended by six women who took vows of chastity for thirty years.	Her sacred fire was tended by six women who took vows of chastity for thirty years.
Her hearth fire is thought to be the center of the earth.	Her hearth fire is thought to be the center of the earth.
She is the guardian of home and hearth.	She is the guardian of home and hearth.
To the Romans she was known as Mother of the Harvest.	To the Romans she was known as Mother of the Harvest.
In Greek, her name was Kore or Demeter.	In Greek, her name was Kore or Demeter.
She was a guardian of grains and the field.	She was a guardian of grains and the field.
Her major festival was celebrated on April 19th.	Her major festival was celebrated on April 19th.
She was renowned as The Lawgiver and her priestesses helped to found the legal system of Rome.	She was renowned as The Lawgiver and her priestesses helped to found the legal system of Rome.
Her sacred women were titled Matronae and ruled Rome for hundreds of years.	Her sacred women were titled Matronae and ruled Rome for hundreds of years.
What is Aphrodite's sacred number?	What is Aphrodite's sacred number?
In the kingdom of flora, what represents fertility and is sacred to Aphrodite?	In the kingdom of flora, what represents fertility and is sacred to Aphrodite?
In the kingdom of fauna, what represents fertility and is sacred to Aphrodite?	In the kingdom of fauna, what represents fertility and is sacred to Aphrodite?
To what people was the Goddess well known as Aphrodite?	To what people was the Goddess well known as Aphrodite?
Whom did Aphrodite love that was killed by a boar?	Whom did Aphrodite love that was killed by a boar?
Who fell in love with Adonis and refused to release him from the Underworld?	Who fell in love with Adonis and refused to release him from the Underworld?
Who ended the dispute between Aphrodite and Persephone over Adonis?	Who ended the dispute between Aphrodite and Persephone over Adonis?
Who transformed into a boar and killed Adonis?	Who transformed into a boar and killed Adonis?
Where did Pygmalion live?	Where did Pygmalion live?
Whom did Pygmalion worship?	Whom did Pygmalion worship?
Whose company did Pygmalion disdain?	Whose company did Pygmalion disdain?
Of what was the statue made that Pygmalion carved?	Of what was the statue made that Pygmalion carved?
What did Aphrodite give to the statue to reward Pygmalion?	What did Aphrodite give to the statue to reward Pygmalion?
What is the name of the King who was father to Hippolytus?	What is the name of the King who was father to Hippolytus?
Upon what did Hippolytus ride to go to the hunt?	Upon what did Hippolytus ride to go to the hunt?
Who did Aphrodite make to fall in love with Hippolytus after he scorned the Goddess?	Who did Aphrodite make to fall in love with Hippolytus after he scorned the Goddess?
Upon whom did Theseus call for vengeance upon Hippolytus?	Upon whom did Theseus call for vengeance upon Hippolytus?
Who was dragged to death behind his chariot?	Who was dragged to death behind his chariot?
%s needs an 'at:' method.	%s needs an 'at:' method.
 in state %d 	 in state %d 
Nature of bug...	Nature of bug...
Ego at (%d,%d) View:%d Loop:%d Cel:%d SIGNAL:%04x 	Ego at (%d,%d) View:%d Loop:%d Cel:%d SIGNAL:%04x 
%ssg.dir	%ssg.dir
New save-game directory:	New save-game directory:
%s is not a valid directory	%s is not a valid directory
You must type a description for the game.	You must type a description for the game.
File: %s	File: %s
Your save game disk is full. You must either use another disk or save over an existing saved game.	Your save game disk is full. You must either use another disk or save over an existing saved game.
That game was saved under a different interpreter. It cannot be restored.	That game was saved under a different interpreter. It cannot be restored.
Please insert your %s disk in drive %s.	Please insert your %s disk in drive %s.
DESIGNED BY: Christy Marx  ILLUSTRATED BY: Peter Ledger & Douglas Herring with Kenn Nishiuye, Jennifer Shontz, Andy Hoyos, and Julian Ledger  PROGRAMMED BY: David Slayback, Bob Fischbach, Eric Hart with Jerry Shaw and Doug Oldfield  MUSIC BY: Mark Seibert  Version %s	DESIGNED BY: Christy Marx  ILLUSTRATED BY: Peter Ledger & Douglas Herring with Kenn Nishiuye, Jennifer Shontz, Andy Hoyos, and Julian Ledger  PROGRAMMED BY: David Slayback, Bob Fischbach, Eric Hart with Jerry Shaw and Doug Oldfield  MUSIC BY: Mark Seibert  Version %s
PRODUCER Guruka Singh Khalsa  DEVELOPMENT SYSTEM BY: Jeff Stephenson, Robert E. Heitman, Pablo Ghenis  QUALITY ASSURANCE BY: Mindy Wynn: QA Team Leader Robin Bradley, Oliver Brelsford, Steve Collier, Tate Deloach, Mike Harian, Dennis Jonathan, Dean Larocca, Sharon Simmons 	PRODUCER Guruka Singh Khalsa  DEVELOPMENT SYSTEM BY: Jeff Stephenson, Robert E. Heitman, Pablo Ghenis  QUALITY ASSURANCE BY: Mindy Wynn: QA Team Leader Robin Bradley, Oliver Brelsford, Steve Collier, Tate Deloach, Mike Harian, Dennis Jonathan, Dean Larocca, Sharon Simmons 
Use arrow keys or mouse to move to a location. Press ENTER or  double click on the left button to go to the location. 	Use arrow keys or mouse to move to a location. Press ENTER or  double click on the left button to go to the location. 
      DURING THE GAME: Click at the top of the screen or press ESC to use the menus. Additional shortcuts are shown there.       IN TYPING WINDOWS: Arrows, Home and End move the cursor, or click anywhere with the mouse. Ctrl-C clears the line.       IN DIALOG WINDOWS: Select the outlined item with <Enter> and use Tab and Shift-Tab to move between choices. Or click with the mouse to select an item.  ESC always cancels. 	      DURING THE GAME: Click at the top of the screen or press ESC to use the menus. Additional shortcuts are shown there.       IN TYPING WINDOWS: Arrows, Home and End move the cursor, or click anywhere with the mouse. Ctrl-C clears the line.       IN DIALOG WINDOWS: Select the outlined item with <Enter> and use Tab and Shift-Tab to move between choices. Or click with the mouse to select an item.  ESC always cancels. 
 Do you really want to    restart your game?	 Do you really want to    restart your game?
 You are retiring, M'Lord?	 You are retiring, M'Lord?
Press <ENTER> or click mouse to continue the game	Press <ENTER> or click mouse to continue the game
 Arcade Difficulty Level: 	 Arcade Difficulty Level: 
%s [Collection of size %d]	%s [Collection of size %d]
%s [List of size %d]	%s [List of size %d]
%s [Set of size %d]	%s [Set of size %d]
Your bidding, M'Lord:	Your bidding, M'Lord:
ST. LEONARD'S FOREST\nIt is said that here the holy hermit, St. Leonard, did slay a most fearsome dragon. Where the saint's blood fell upon the ground, lillies-of-the-valley sprouted and flourished in his honor.	ST. LEONARD'S FOREST\nIt is said that here the holy hermit, St. Leonard, did slay a most fearsome dragon. Where the saint's blood fell upon the ground, lillies-of-the-valley sprouted and flourished in his honor.
WINDSOR\nThese fertile hunting grounds have long been protected by Cernunnos, Celtic god of the underworld. He has large stag's antlers upon his head and wears a golden torc about his neck.	WINDSOR\nThese fertile hunting grounds have long been protected by Cernunnos, Celtic god of the underworld. He has large stag's antlers upon his head and wears a golden torc about his neck.
OT MOOR\nThough the waters of the moor are not deep, they are reputed to have healing powers. This is where the Lady of the Lake currently dwells. Her wisdom and power rivals my own.	OT MOOR\nThough the waters of the moor are not deep, they are reputed to have healing powers. This is where the Lady of the Lake currently dwells. Her wisdom and power rivals my own.
AVEBURY\nOn this site stands the largest of the stone circles, the remains of an ancient place of worship. It is surrounded by a bank and ditch with a diameter of 1400 ft. The circle is formed of almost 100 megaliths, some weighing up to 60 tons.	AVEBURY\nOn this site stands the largest of the stone circles, the remains of an ancient place of worship. It is surrounded by a bank and ditch with a diameter of 1400 ft. The circle is formed of almost 100 megaliths, some weighing up to 60 tons.
MOTTISTONE\nUpon the Isle of Wight, Druid priests are reputed to have sacrificed white bulls. In this place are two great stones: an upright stone representing their God and a horizontal stone representing their Goddess. Mottistone means "the speaker's stone".	MOTTISTONE\nUpon the Isle of Wight, Druid priests are reputed to have sacrificed white bulls. In this place are two great stones: an upright stone representing their God and a horizontal stone representing their Goddess. Mottistone means "the speaker's stone".
BATH\nOver 800 years before the birth of Christ, Prince Bladud, son of a king, contracted the dread disease of leprosy. Unable to remain in human company, he turned to tending swine, but they, too, caught the disease. One day the swine ran wild and plunged into the dark, foul-smelling waters of a bog. When Bladud pulled them out, he discovered that the waters had healed both the animals and himself. The healing waters of Bath are famous to this day.	BATH\nOver 800 years before the birth of Christ, Prince Bladud, son of a king, contracted the dread disease of leprosy. Unable to remain in human company, he turned to tending swine, but they, too, caught the disease. One day the swine ran wild and plunged into the dark, foul-smelling waters of a bog. When Bladud pulled them out, he discovered that the waters had healed both the animals and himself. The healing waters of Bath are famous to this day.
KEYNSHAM\nA 6th century prince of Wales named Braglan had a daughter named Keyne. She came to a town wherein the lord gave her a piece of land that she might preach Christianity, but the land was heavily infested with large, venomous snakes. She at once turned the snakes into stone. She is remembered as St. Keyne and the town is named after her.	KEYNSHAM\nA 6th century prince of Wales named Braglan had a daughter named Keyne. She came to a town wherein the lord gave her a piece of land that she might preach Christianity, but the land was heavily infested with large, venomous snakes. She at once turned the snakes into stone. She is remembered as St. Keyne and the town is named after her.
WINCHESTER\nI have heard tell that St. Swithun, the bishop of Winchester, is a performer of miracles. One story has come to my ears that he saw a poor woman on her way to a market with a basket of eggs. She bumped into a monk and all her eggs were broken. St. Swithun took pity upon her and made the eggs whole again. Or so they say.	WINCHESTER\nI have heard tell that St. Swithun, the bishop of Winchester, is a performer of miracles. One story has come to my ears that he saw a poor woman on her way to a market with a basket of eggs. She bumped into a monk and all her eggs were broken. St. Swithun took pity upon her and made the eggs whole again. Or so they say.
SOUTHAMPTON\nThe legend goes that Sir Bevis, a hero of long ago, killed the evil giant Ascapart here. This is also the port from which one would take ship to sail to all parts of the known world.	SOUTHAMPTON\nThe legend goes that Sir Bevis, a hero of long ago, killed the evil giant Ascapart here. This is also the port from which one would take ship to sail to all parts of the known world.
CAMELOT\nYou are here, m'lord, as you surely know.	CAMELOT\nYou are here, m'lord, as you surely know.
GLASTONBURY TOR\nThis hill has been revered for countless centuries. To the Celts, it was Ynys-Witrin, the Island of Glass, so-called because the lands around it were often flooded. It is also said that Joseph of Arimathea, who supervised the burial of Jesus, brought the Grail here and that where he stuck his staff into the ground, a Holy Thorn tree grew. Many religious orders have since come and gone and left their ruins behind. To reach the tor now, one must travel through the Forest Perilous.	GLASTONBURY TOR\nThis hill has been revered for countless centuries. To the Celts, it was Ynys-Witrin, the Island of Glass, so-called because the lands around it were often flooded. It is also said that Joseph of Arimathea, who supervised the burial of Jesus, brought the Grail here and that where he stuck his staff into the ground, a Holy Thorn tree grew. Many religious orders have since come and gone and left their ruins behind. To reach the tor now, one must travel through the Forest Perilous.
SHAPWICK\nSt. Indractus, along with his sister, Drusa and other pilgrims, were passing through here on their way back to Ireland from Rome. They were carrying bags of seed corn to give to the poor. Saxon outlaws murdered them, thinking their bags were filled with gold. The crime was discovered when a beam of light shone for 3 days and 3 nights upon the burial pit. Confronted with their deed, the Saxons went mad and destroyed one another.	SHAPWICK\nSt. Indractus, along with his sister, Drusa and other pilgrims, were passing through here on their way back to Ireland from Rome. They were carrying bags of seed corn to give to the poor. Saxon outlaws murdered them, thinking their bags were filled with gold. The crime was discovered when a beam of light shone for 3 days and 3 nights upon the burial pit. Confronted with their deed, the Saxons went mad and destroyed one another.
HALSTOCK\nA pious woman, St. Juthware, would open her house to pilgrims on their way to a nearby shrine. This so enraged her brother that he took up his sword and cut off her head. The story says that Juthware picked up her own head and carried it to the local altar before she finally died.	HALSTOCK\nA pious woman, St. Juthware, would open her house to pilgrims on their way to a nearby shrine. This so enraged her brother that he took up his sword and cut off her head. The story says that Juthware picked up her own head and carried it to the local altar before she finally died.
BRAUNTON\nMany miracles dealing with animals are connected to St. Brannoc, who reportedly sailed from Wales in a stone coffin. A sow and piglets showed him where to establish his chapel. He used wild deer to pull his plough and taught the natives how to till soil. He brought back to life a cow which had been stolen from him, killed and dismembered, but at his call it reassembled itself and returned to give him milk for the rest of its life.	BRAUNTON\nMany miracles dealing with animals are connected to St. Brannoc, who reportedly sailed from Wales in a stone coffin. A sow and piglets showed him where to establish his chapel. He used wild deer to pull his plough and taught the natives how to till soil. He brought back to life a cow which had been stolen from him, killed and dismembered, but at his call it reassembled itself and returned to give him milk for the rest of its life.
HARTLAND POINT\nThe original name of this place was the Headland of Hercules, from a legend that Hercules did battle there with British giants. Another legend says that St. Nectan, a Welsh hermit, had his head cut off by robbers, but he carried his head to his well and dropped it in. Foxgloves grew wherever his blood fell.	HARTLAND POINT\nThe original name of this place was the Headland of Hercules, from a legend that Hercules did battle there with British giants. Another legend says that St. Nectan, a Welsh hermit, had his head cut off by robbers, but he carried his head to his well and dropped it in. Foxgloves grew wherever his blood fell.
EXETER\nJust outside this city is a well and a chapel dedicated to St. Sidwell. Sidwell was a girl who had inherited some land that her stepmother wanted. The stepmother hired two men to kill the girl as she prayed in a field. They cut off her head with scythes. The spring gushes forth from the place where her head fell.	EXETER\nJust outside this city is a well and a chapel dedicated to St. Sidwell. Sidwell was a girl who had inherited some land that her stepmother wanted. The stepmother hired two men to kill the girl as she prayed in a field. They cut off her head with scythes. The spring gushes forth from the place where her head fell.
TOTNES\nLong ago a Trojan warrior named Brutus arrived and named this place Totnes. The story goes that he said: 'Here I am and here I rest, and this town shall be called Totnes.' He subdued two giants, Gog and Magog, and made them stand guard at his palace. Brutus is considered the legendary founder of London.	TOTNES\nLong ago a Trojan warrior named Brutus arrived and named this place Totnes. The story goes that he said: 'Here I am and here I rest, and this town shall be called Totnes.' He subdued two giants, Gog and Magog, and made them stand guard at his palace. Brutus is considered the legendary founder of London.
Treasurer	Treasurer
Camelot!	Camelot!
Gwenhyver	Gwenhyver
to Christ.	to Christ.
to Mithras.	to Mithras.
Gawaine	Gawaine
Launcelot	Launcelot
Galahad	Galahad
Guard	Guard
Widdershins	Widdershins
Hunter	Hunter
Spearing	Spearing
Spear	Spear
Old Father Tree	Old Father Tree
The Black Knight	The Black Knight
Entrance	Entrance
Forest Witch	Forest Witch
Freeze	Freeze
Lady Elayne	Lady Elayne
Riddle Stone	Riddle Stone
 Old Ones 	Old Ones
Ice Maiden	Ice Maiden
Flower	Flower
Harbourmaster	Harbourmaster
Athens	Athens
Rennes	Rennes
Dublin	Dublin
Voyage	Voyage
Hazm ibn Salim	Hazm ibn Salim
Jabir ibn Hamid	Jabir ibn Hamid
Mercenary	Mercenary
Yasser	Yasser
Ibrahim ibn Bushir	Ibrahim ibn Bushir
Sarah	Sarah
Farabi ibn Khalid	Farabi ibn Khalid
Hayyam ibn Aziz	Hayyam ibn Aziz
Ali ibn Abdullah	Ali ibn Abdullah
Tamra	Tamra
Tariq ibn Rashid	Tariq ibn Rashid
Achmed ibn Yahya	Achmed ibn Yahya
Ismail ibn Hamid	Ismail ibn Hamid
Fawaz ibn Nafi	Fawaz ibn Nafi
Fatima	Fatima
Beggar	Beggar
The Thing	The Thing
Statue	Statue
Thief	Thief
Al-Sirat	Al-Sirat
Niche	Niche
Mouse Help	Mouse Help
Keyboard Help	Keyboard Help
Score	分數
See the Intro   	See the Intro   
Start New Game	Start New Game
 Restore Game   	 Restore Game   
Title	Title
credits	credits
Intro	Intro
Mad Monk	 Mad Monk 
Normal	普通
iron key	iron key
crystal heart	crystal heart
boar spear	boar spear
No response	No response
Rm0Saids	Rm0Saids
Catacombs	Catacombs
Restore	Restore
 Restart 	重新開始
 Quit 	離開
Jabir	Jabir
 You are carrying: 	 You are carrying: 
 Mad Monk 	 Mad Monk 
Old Ones	Old Ones
Temple	Temple
headEmUp_MoveEmOut	headEmUp_MoveEmOut
green apple	green apple
golden apple	golden apple
Bazaar	Bazaar
Mohammed	Mohammed
City Guard	City Guard
Aphrodite	Aphrodite
Alley	Alley
Saracen	Saracen
 Guards 	 Guards 
Enter saint name:	Enter saint name:
Dialog	Dialog
draw sword	draw sword
Please enter your name...	Please enter your name...
.log	.log
resource.cfg	resource.cfg
Log Entry...	Log Entry...
 Conquests of Camelot 	 Conquests of Camelot 
Please enter your log name...	Please enter your log name...
Follow	Follow
Chase	Chase
Avoid	Avoid
Sound	Sound
  Save  	Save
Replace	Replace
Select the game that you would like to restore.	Select the game that you would like to restore.
Type the description of this saved game.	Type the description of this saved game.
This directory/disk can hold no more saved games. You must replace one of your saved games or use Change Directory to save on a different directory/disk.	This directory/disk can hold no more saved games. You must replace one of your saved games or use Change Directory to save on a different directory/disk.
Restore a Game	Restore a Game
Save a Game	Save a Game
Save	Save
Cancel	 Cancel 
 Cancel 	 Cancel 
with:	with:
Cycle	Cycle
Motion	Motion
gamefile.sh	gamefile.sh
Change Directory	Change Directory
What you see upon your person is what you have. You carry nothing else at present.	What you see upon your person is what you have. You carry nothing else at present.
Enter input	Enter input
Draw sword	拔劍
Sound off	關閉音效
Sound on	開啟音效
 Speed 	 速度 
 Action 	 行動 
 Information 	 資訊 
  Conquests of Camelot Credits  	  亞瑟王傳奇 製作群  
Restart	重新開始
Continue	繼續
Quit	離開
Volume (1 - 16)?	音量（1 － 16）？
Game paused	遊戲暫停
Game speed:	遊戲速度：
Medium	中速
Give Money	給錢
ask about 	ask about 
ask Merlin about 	ask Merlin about 
look at 	look at 
Feature	Feature
Collect	Collect
Script	Script
Event	Event
About Camelot`^c:Help`#1	關於亞瑟王傳奇`^c:說明`#1
 File 	 檔案 
Save Game`#5:Restore Game`#7:--!:Restart Game`#9:Quit`^q	存檔`#5:讀取進度`#7:--!:重新開始`#9:離開`^q
 Game 	 遊戲 
Music Off`#2=1:Volume...`^v:--!:Pause Game`^p:Repeat`#3	關閉音樂`#2=1:音量...`^v:--!:暫停`^p:重播`#3
Set Speed`^s:Faster`+:Normal`=:Slower`-:--!:Arcade Difficulty...	設定速度`^s:加快`+:正常`=:放慢`-:--!:戰鬥難度...
Open Purse`^O:--!:Draw Sword`#8	打開錢袋`^O:--!:拔劍`#8
Inventory`^I:--!:Ask about`^a:Ask Merlin`^t:Look at`^l:--!:Show Score	隨身物品`^I:--!:打聽`^a:請教梅林`^t:察看`^l:--!:查看分數
Fast	快速
Slow	慢速
Hard	困難
Easy 	簡單 
Sheathe sword	收劍入鞘
